[2025-10-01T09:26:51.143505+00:00] main.CRITICAL: Exception: Warning: Undefined array key "directiveName" in C:\xampp\htdocs\caviar-web-magento2\vendor\magento\framework\Filter\DirectiveProcessor\SimpleDirective.php on line 68 in C:\xampp\htdocs\caviar-web-magento2\vendor\magento\framework\App\ErrorHandler.php:62
Stack trace:
#0 C:\xampp\htdocs\caviar-web-magento2\vendor\magento\framework\Filter\DirectiveProcessor\SimpleDirective.php(68): Magento\Framework\App\ErrorHandler->handler(2, 'Undefined array...', 'C:\\xampp\\htdocs...', 68)
#1 C:\xampp\htdocs\caviar-web-magento2\vendor\magento\framework\Filter\DirectiveProcessor\LegacyDirective.php(47): Magento\Framework\Filter\DirectiveProcessor\SimpleDirective->process(Array, Object(Magento\Widget\Model\Template\Filter\Interceptor), Array)
#2 C:\xampp\htdocs\caviar-web-magento2\vendor\magento\framework\Filter\Template.php(272): Magento\Framework\Filter\DirectiveProcessor\LegacyDirective->process(Array, Object(Magento\Widget\Model\Template\Filter\Interceptor), Array)
#3 C:\xampp\htdocs\caviar-web-magento2\vendor\magento\framework\Filter\Template.php(206): Magento\Framework\Filter\Template->processDirectives('        <div da...')
#4 C:\xampp\htdocs\caviar-web-magento2\vendor\magento\module-email\Model\Template\Filter.php(1127): Magento\Framework\Filter\Template->filter('        <div da...')
#5 C:\xampp\htdocs\caviar-web-magento2\vendor\magento\framework\Interception\Interceptor.php(58): Magento\Email\Model\Template\Filter->filter('        <div da...')
#6 C:\xampp\htdocs\caviar-web-magento2\vendor\magento\framework\Interception\Interceptor.php(138): Magento\Widget\Model\Template\Filter\Interceptor->___callParent('filter', Array)
#7 C:\xampp\htdocs\caviar-web-magento2\vendor\magento\framework\Interception\Interceptor.php(153): Magento\Widget\Model\Template\Filter\Interceptor->Magento\Framework\Interception\{closure}('        <div da...')
#8 C:\xampp\htdocs\caviar-web-magento2\generated\code\Magento\Widget\Model\Template\Filter\Interceptor.php(284): Magento\Widget\Model\Template\Filter\Interceptor->___callPlugins('filter', Array, Array)
#9 C:\xampp\htdocs\caviar-web-magento2\vendor\goomento\module-page-builder\Block\Content.php(272): Magento\Widget\Model\Template\Filter\Interceptor->filter('        <div da...')
#10 C:\xampp\htdocs\caviar-web-magento2\vendor\magento\framework\View\Element\AbstractBlock.php(1128): Goomento\PageBuilder\Block\Content->_toHtml()
#11 C:\xampp\htdocs\caviar-web-magento2\vendor\magento\framework\View\Element\AbstractBlock.php(1132): Magento\Framework\View\Element\AbstractBlock->Magento\Framework\View\Element\{closure}()
#12 C:\xampp\htdocs\caviar-web-magento2\vendor\magento\framework\View\Element\AbstractBlock.php(676): Magento\Framework\View\Element\AbstractBlock->_loadCache()
#13 C:\xampp\htdocs\caviar-web-magento2\vendor\goomento\module-page-builder\Block\Content.php(295): Magento\Framework\View\Element\AbstractBlock->toHtml()
#14 C:\xampp\htdocs\caviar-web-magento2\vendor\magento\framework\View\Layout.php(578): Goomento\PageBuilder\Block\Content->toHtml()
#15 C:\xampp\htdocs\caviar-web-magento2\vendor\magento\framework\View\Layout.php(555): Magento\Framework\View\Layout->_renderBlock('pagebuilder.con...')
#16 C:\xampp\htdocs\caviar-web-magento2\generated\code\Magento\Framework\View\Layout\Interceptor.php(149): Magento\Framework\View\Layout->renderNonCachedElement('pagebuilder.con...')
#17 C:\xampp\htdocs\caviar-web-magento2\vendor\magento\framework\View\Layout.php(510): Magento\Framework\View\Layout\Interceptor->renderNonCachedElement('pagebuilder.con...')
#18 C:\xampp\htdocs\caviar-web-magento2\generated\code\Magento\Framework\View\Layout\Interceptor.php(140): Magento\Framework\View\Layout->renderElement('pagebuilder.con...', false)
#19 C:\xampp\htdocs\caviar-web-magento2\vendor\magento\framework\View\Layout.php(606): Magento\Framework\View\Layout\Interceptor->renderElement('pagebuilder.con...', false)
#20 C:\xampp\htdocs\caviar-web-magento2\vendor\magento\framework\View\Layout.php(557): Magento\Framework\View\Layout->_renderContainer('content', false)
#21 C:\xampp\htdocs\caviar-web-magento2\generated\code\Magento\Framework\View\Layout\Interceptor.php(149): Magento\Framework\View\Layout->renderNonCachedElement('content')
#22 C:\xampp\htdocs\caviar-web-magento2\vendor\magento\framework\View\Layout.php(510): Magento\Framework\View\Layout\Interceptor->renderNonCachedElement('content')
#23 C:\xampp\htdocs\caviar-web-magento2\generated\code\Magento\Framework\View\Layout\Interceptor.php(140): Magento\Framework\View\Layout->renderElement('content', false)
#24 C:\xampp\htdocs\caviar-web-magento2\vendor\magento\framework\View\Layout.php(606): Magento\Framework\View\Layout\Interceptor->renderElement('content', false)
#25 C:\xampp\htdocs\caviar-web-magento2\vendor\magento\framework\View\Layout.php(557): Magento\Framework\View\Layout->_renderContainer('main', false)
#26 C:\xampp\htdocs\caviar-web-magento2\generated\code\Magento\Framework\View\Layout\Interceptor.php(149): Magento\Framework\View\Layout->renderNonCachedElement('main')
#27 C:\xampp\htdocs\caviar-web-magento2\vendor\magento\framework\View\Layout.php(510): Magento\Framework\View\Layout\Interceptor->renderNonCachedElement('main')
#28 C:\xampp\htdocs\caviar-web-magento2\generated\code\Magento\Framework\View\Layout\Interceptor.php(140): Magento\Framework\View\Layout->renderElement('main', false)
#29 C:\xampp\htdocs\caviar-web-magento2\vendor\magento\framework\View\Layout.php(606): Magento\Framework\View\Layout\Interceptor->renderElement('main', false)
#30 C:\xampp\htdocs\caviar-web-magento2\vendor\magento\framework\View\Layout.php(557): Magento\Framework\View\Layout->_renderContainer('columns', false)
#31 C:\xampp\htdocs\caviar-web-magento2\generated\code\Magento\Framework\View\Layout\Interceptor.php(149): Magento\Framework\View\Layout->renderNonCachedElement('columns')
#32 C:\xampp\htdocs\caviar-web-magento2\vendor\magento\framework\View\Layout.php(510): Magento\Framework\View\Layout\Interceptor->renderNonCachedElement('columns')
#33 C:\xampp\htdocs\caviar-web-magento2\generated\code\Magento\Framework\View\Layout\Interceptor.php(140): Magento\Framework\View\Layout->renderElement('columns', false)
#34 C:\xampp\htdocs\caviar-web-magento2\vendor\magento\framework\View\Layout.php(606): Magento\Framework\View\Layout\Interceptor->renderElement('columns', false)
#35 C:\xampp\htdocs\caviar-web-magento2\vendor\magento\framework\View\Layout.php(557): Magento\Framework\View\Layout->_renderContainer('main.content', false)
#36 C:\xampp\htdocs\caviar-web-magento2\generated\code\Magento\Framework\View\Layout\Interceptor.php(149): Magento\Framework\View\Layout->renderNonCachedElement('main.content')
#37 C:\xampp\htdocs\caviar-web-magento2\vendor\magento\framework\View\Layout.php(510): Magento\Framework\View\Layout\Interceptor->renderNonCachedElement('main.content')
#38 C:\xampp\htdocs\caviar-web-magento2\generated\code\Magento\Framework\View\Layout\Interceptor.php(140): Magento\Framework\View\Layout->renderElement('main.content', false)
#39 C:\xampp\htdocs\caviar-web-magento2\vendor\magento\framework\View\Layout.php(606): Magento\Framework\View\Layout\Interceptor->renderElement('main.content', false)
#40 C:\xampp\htdocs\caviar-web-magento2\vendor\magento\framework\View\Layout.php(557): Magento\Framework\View\Layout->_renderContainer('page.wrapper', false)
#41 C:\xampp\htdocs\caviar-web-magento2\generated\code\Magento\Framework\View\Layout\Interceptor.php(149): Magento\Framework\View\Layout->renderNonCachedElement('page.wrapper')
#42 C:\xampp\htdocs\caviar-web-magento2\vendor\magento\framework\View\Layout.php(510): Magento\Framework\View\Layout\Interceptor->renderNonCachedElement('page.wrapper')
#43 C:\xampp\htdocs\caviar-web-magento2\generated\code\Magento\Framework\View\Layout\Interceptor.php(140): Magento\Framework\View\Layout->renderElement('page.wrapper', false)
#44 C:\xampp\htdocs\caviar-web-magento2\vendor\magento\framework\View\Layout.php(606): Magento\Framework\View\Layout\Interceptor->renderElement('page.wrapper', false)
#45 C:\xampp\htdocs\caviar-web-magento2\vendor\magento\framework\View\Layout.php(557): Magento\Framework\View\Layout->_renderContainer('root', false)
#46 C:\xampp\htdocs\caviar-web-magento2\generated\code\Magento\Framework\View\Layout\Interceptor.php(149): Magento\Framework\View\Layout->renderNonCachedElement('root')
#47 C:\xampp\htdocs\caviar-web-magento2\vendor\magento\framework\View\Layout.php(510): Magento\Framework\View\Layout\Interceptor->renderNonCachedElement('root')
#48 C:\xampp\htdocs\caviar-web-magento2\generated\code\Magento\Framework\View\Layout\Interceptor.php(140): Magento\Framework\View\Layout->renderElement('root', true)
#49 C:\xampp\htdocs\caviar-web-magento2\vendor\magento\framework\View\Layout.php(975): Magento\Framework\View\Layout\Interceptor->renderElement('root')
#50 C:\xampp\htdocs\caviar-web-magento2\vendor\magento\framework\Interception\Interceptor.php(58): Magento\Framework\View\Layout->getOutput()
#51 C:\xampp\htdocs\caviar-web-magento2\vendor\magento\framework\Interception\Interceptor.php(138): Magento\Framework\View\Layout\Interceptor->___callParent('getOutput', Array)
#52 C:\xampp\htdocs\caviar-web-magento2\vendor\magento\framework\Interception\Interceptor.php(153): Magento\Framework\View\Layout\Interceptor->Magento\Framework\Interception\{closure}()
#53 C:\xampp\htdocs\caviar-web-magento2\generated\code\Magento\Framework\View\Layout\Interceptor.php(347): Magento\Framework\View\Layout\Interceptor->___callPlugins('getOutput', Array, Array)
#54 C:\xampp\htdocs\caviar-web-magento2\vendor\magento\framework\View\Result\Page.php(260): Magento\Framework\View\Layout\Interceptor->getOutput()
#55 C:\xampp\htdocs\caviar-web-magento2\vendor\magento\framework\View\Result\Layout.php(171): Magento\Framework\View\Result\Page->render(Object(Magento\Framework\App\Response\Http\Interceptor))
#56 C:\xampp\htdocs\caviar-web-magento2\vendor\magento\framework\Interception\Interceptor.php(58): Magento\Framework\View\Result\Layout->renderResult(Object(Magento\Framework\App\Response\Http\Interceptor))
#57 C:\xampp\htdocs\caviar-web-magento2\vendor\magento\framework\Interception\Interceptor.php(138): Magento\Framework\View\Result\Page\Interceptor->___callParent('renderResult', Array)
#58 C:\xampp\htdocs\caviar-web-magento2\vendor\magento\framework\Interception\Interceptor.php(153): Magento\Framework\View\Result\Page\Interceptor->Magento\Framework\Interception\{closure}(Object(Magento\Framework\App\Response\Http\Interceptor))
#59 C:\xampp\htdocs\caviar-web-magento2\generated\code\Magento\Framework\View\Result\Page\Interceptor.php(95): Magento\Framework\View\Result\Page\Interceptor->___callPlugins('renderResult', Array, Array)
#60 C:\xampp\htdocs\caviar-web-magento2\vendor\magento\framework\App\Http.php(120): Magento\Framework\View\Result\Page\Interceptor->renderResult(Object(Magento\Framework\App\Response\Http\Interceptor))
#61 C:\xampp\htdocs\caviar-web-magento2\generated\code\Magento\Framework\App\Http\Interceptor.php(23): Magento\Framework\App\Http->launch()
#62 C:\xampp\htdocs\caviar-web-magento2\vendor\magento\framework\App\Bootstrap.php(264): Magento\Framework\App\Http\Interceptor->launch()
#63 C:\xampp\htdocs\caviar-web-magento2\pub\index.php(30): Magento\Framework\App\Bootstrap->run(Object(Magento\Framework\App\Http\Interceptor))
#64 {main} {"exception":"[object] (Exception(code: 0): Warning: Undefined array key \"directiveName\" in C:\\xampp\\htdocs\\caviar-web-magento2\\vendor\\magento\\framework\\Filter\\DirectiveProcessor\\SimpleDirective.php on line 68 at C:\\xampp\\htdocs\\caviar-web-magento2\\vendor\\magento\\framework\\App\\ErrorHandler.php:62)"} []
[2025-10-01T09:28:37.184293+00:00] main.CRITICAL: Exception: Warning: Undefined array key "directiveName" in C:\xampp\htdocs\caviar-web-magento2\vendor\magento\framework\Filter\DirectiveProcessor\SimpleDirective.php on line 68 in C:\xampp\htdocs\caviar-web-magento2\vendor\magento\framework\App\ErrorHandler.php:62
Stack trace:
#0 C:\xampp\htdocs\caviar-web-magento2\vendor\magento\framework\Filter\DirectiveProcessor\SimpleDirective.php(68): Magento\Framework\App\ErrorHandler->handler(2, 'Undefined array...', 'C:\\xampp\\htdocs...', 68)
#1 C:\xampp\htdocs\caviar-web-magento2\vendor\magento\framework\Filter\DirectiveProcessor\LegacyDirective.php(47): Magento\Framework\Filter\DirectiveProcessor\SimpleDirective->process(Array, Object(Magento\Widget\Model\Template\Filter\Interceptor), Array)
#2 C:\xampp\htdocs\caviar-web-magento2\vendor\magento\framework\Filter\Template.php(272): Magento\Framework\Filter\DirectiveProcessor\LegacyDirective->process(Array, Object(Magento\Widget\Model\Template\Filter\Interceptor), Array)
#3 C:\xampp\htdocs\caviar-web-magento2\vendor\magento\framework\Filter\Template.php(206): Magento\Framework\Filter\Template->processDirectives('        <div da...')
#4 C:\xampp\htdocs\caviar-web-magento2\vendor\magento\module-email\Model\Template\Filter.php(1127): Magento\Framework\Filter\Template->filter('        <div da...')
#5 C:\xampp\htdocs\caviar-web-magento2\vendor\magento\framework\Interception\Interceptor.php(58): Magento\Email\Model\Template\Filter->filter('        <div da...')
#6 C:\xampp\htdocs\caviar-web-magento2\vendor\magento\framework\Interception\Interceptor.php(138): Magento\Widget\Model\Template\Filter\Interceptor->___callParent('filter', Array)
#7 C:\xampp\htdocs\caviar-web-magento2\vendor\magento\framework\Interception\Interceptor.php(153): Magento\Widget\Model\Template\Filter\Interceptor->Magento\Framework\Interception\{closure}('        <div da...')
#8 C:\xampp\htdocs\caviar-web-magento2\generated\code\Magento\Widget\Model\Template\Filter\Interceptor.php(284): Magento\Widget\Model\Template\Filter\Interceptor->___callPlugins('filter', Array, Array)
#9 C:\xampp\htdocs\caviar-web-magento2\vendor\goomento\module-page-builder\Block\Content.php(272): Magento\Widget\Model\Template\Filter\Interceptor->filter('        <div da...')
#10 C:\xampp\htdocs\caviar-web-magento2\vendor\magento\framework\View\Element\AbstractBlock.php(1128): Goomento\PageBuilder\Block\Content->_toHtml()
#11 C:\xampp\htdocs\caviar-web-magento2\vendor\magento\framework\View\Element\AbstractBlock.php(1132): Magento\Framework\View\Element\AbstractBlock->Magento\Framework\View\Element\{closure}()
#12 C:\xampp\htdocs\caviar-web-magento2\vendor\magento\framework\View\Element\AbstractBlock.php(676): Magento\Framework\View\Element\AbstractBlock->_loadCache()
#13 C:\xampp\htdocs\caviar-web-magento2\vendor\goomento\module-page-builder\Block\Content.php(295): Magento\Framework\View\Element\AbstractBlock->toHtml()
#14 C:\xampp\htdocs\caviar-web-magento2\vendor\magento\framework\View\Layout.php(578): Goomento\PageBuilder\Block\Content->toHtml()
#15 C:\xampp\htdocs\caviar-web-magento2\vendor\magento\framework\View\Layout.php(555): Magento\Framework\View\Layout->_renderBlock('pagebuilder.con...')
#16 C:\xampp\htdocs\caviar-web-magento2\generated\code\Magento\Framework\View\Layout\Interceptor.php(149): Magento\Framework\View\Layout->renderNonCachedElement('pagebuilder.con...')
#17 C:\xampp\htdocs\caviar-web-magento2\vendor\magento\framework\View\Layout.php(510): Magento\Framework\View\Layout\Interceptor->renderNonCachedElement('pagebuilder.con...')
#18 C:\xampp\htdocs\caviar-web-magento2\generated\code\Magento\Framework\View\Layout\Interceptor.php(140): Magento\Framework\View\Layout->renderElement('pagebuilder.con...', false)
#19 C:\xampp\htdocs\caviar-web-magento2\vendor\magento\framework\View\Layout.php(606): Magento\Framework\View\Layout\Interceptor->renderElement('pagebuilder.con...', false)
#20 C:\xampp\htdocs\caviar-web-magento2\vendor\magento\framework\View\Layout.php(557): Magento\Framework\View\Layout->_renderContainer('content', false)
#21 C:\xampp\htdocs\caviar-web-magento2\generated\code\Magento\Framework\View\Layout\Interceptor.php(149): Magento\Framework\View\Layout->renderNonCachedElement('content')
#22 C:\xampp\htdocs\caviar-web-magento2\vendor\magento\framework\View\Layout.php(510): Magento\Framework\View\Layout\Interceptor->renderNonCachedElement('content')
#23 C:\xampp\htdocs\caviar-web-magento2\generated\code\Magento\Framework\View\Layout\Interceptor.php(140): Magento\Framework\View\Layout->renderElement('content', false)
#24 C:\xampp\htdocs\caviar-web-magento2\vendor\magento\framework\View\Layout.php(606): Magento\Framework\View\Layout\Interceptor->renderElement('content', false)
#25 C:\xampp\htdocs\caviar-web-magento2\vendor\magento\framework\View\Layout.php(557): Magento\Framework\View\Layout->_renderContainer('main', false)
#26 C:\xampp\htdocs\caviar-web-magento2\generated\code\Magento\Framework\View\Layout\Interceptor.php(149): Magento\Framework\View\Layout->renderNonCachedElement('main')
#27 C:\xampp\htdocs\caviar-web-magento2\vendor\magento\framework\View\Layout.php(510): Magento\Framework\View\Layout\Interceptor->renderNonCachedElement('main')
#28 C:\xampp\htdocs\caviar-web-magento2\generated\code\Magento\Framework\View\Layout\Interceptor.php(140): Magento\Framework\View\Layout->renderElement('main', false)
#29 C:\xampp\htdocs\caviar-web-magento2\vendor\magento\framework\View\Layout.php(606): Magento\Framework\View\Layout\Interceptor->renderElement('main', false)
#30 C:\xampp\htdocs\caviar-web-magento2\vendor\magento\framework\View\Layout.php(557): Magento\Framework\View\Layout->_renderContainer('columns', false)
#31 C:\xampp\htdocs\caviar-web-magento2\generated\code\Magento\Framework\View\Layout\Interceptor.php(149): Magento\Framework\View\Layout->renderNonCachedElement('columns')
#32 C:\xampp\htdocs\caviar-web-magento2\vendor\magento\framework\View\Layout.php(510): Magento\Framework\View\Layout\Interceptor->renderNonCachedElement('columns')
#33 C:\xampp\htdocs\caviar-web-magento2\generated\code\Magento\Framework\View\Layout\Interceptor.php(140): Magento\Framework\View\Layout->renderElement('columns', false)
#34 C:\xampp\htdocs\caviar-web-magento2\vendor\magento\framework\View\Layout.php(606): Magento\Framework\View\Layout\Interceptor->renderElement('columns', false)
#35 C:\xampp\htdocs\caviar-web-magento2\vendor\magento\framework\View\Layout.php(557): Magento\Framework\View\Layout->_renderContainer('main.content', false)
#36 C:\xampp\htdocs\caviar-web-magento2\generated\code\Magento\Framework\View\Layout\Interceptor.php(149): Magento\Framework\View\Layout->renderNonCachedElement('main.content')
#37 C:\xampp\htdocs\caviar-web-magento2\vendor\magento\framework\View\Layout.php(510): Magento\Framework\View\Layout\Interceptor->renderNonCachedElement('main.content')
#38 C:\xampp\htdocs\caviar-web-magento2\generated\code\Magento\Framework\View\Layout\Interceptor.php(140): Magento\Framework\View\Layout->renderElement('main.content', false)
#39 C:\xampp\htdocs\caviar-web-magento2\vendor\magento\framework\View\Layout.php(606): Magento\Framework\View\Layout\Interceptor->renderElement('main.content', false)
#40 C:\xampp\htdocs\caviar-web-magento2\vendor\magento\framework\View\Layout.php(557): Magento\Framework\View\Layout->_renderContainer('page.wrapper', false)
#41 C:\xampp\htdocs\caviar-web-magento2\generated\code\Magento\Framework\View\Layout\Interceptor.php(149): Magento\Framework\View\Layout->renderNonCachedElement('page.wrapper')
#42 C:\xampp\htdocs\caviar-web-magento2\vendor\magento\framework\View\Layout.php(510): Magento\Framework\View\Layout\Interceptor->renderNonCachedElement('page.wrapper')
#43 C:\xampp\htdocs\caviar-web-magento2\generated\code\Magento\Framework\View\Layout\Interceptor.php(140): Magento\Framework\View\Layout->renderElement('page.wrapper', false)
#44 C:\xampp\htdocs\caviar-web-magento2\vendor\magento\framework\View\Layout.php(606): Magento\Framework\View\Layout\Interceptor->renderElement('page.wrapper', false)
#45 C:\xampp\htdocs\caviar-web-magento2\vendor\magento\framework\View\Layout.php(557): Magento\Framework\View\Layout->_renderContainer('root', false)
#46 C:\xampp\htdocs\caviar-web-magento2\generated\code\Magento\Framework\View\Layout\Interceptor.php(149): Magento\Framework\View\Layout->renderNonCachedElement('root')
#47 C:\xampp\htdocs\caviar-web-magento2\vendor\magento\framework\View\Layout.php(510): Magento\Framework\View\Layout\Interceptor->renderNonCachedElement('root')
#48 C:\xampp\htdocs\caviar-web-magento2\generated\code\Magento\Framework\View\Layout\Interceptor.php(140): Magento\Framework\View\Layout->renderElement('root', true)
#49 C:\xampp\htdocs\caviar-web-magento2\vendor\magento\framework\View\Layout.php(975): Magento\Framework\View\Layout\Interceptor->renderElement('root')
#50 C:\xampp\htdocs\caviar-web-magento2\vendor\magento\framework\Interception\Interceptor.php(58): Magento\Framework\View\Layout->getOutput()
#51 C:\xampp\htdocs\caviar-web-magento2\vendor\magento\framework\Interception\Interceptor.php(138): Magento\Framework\View\Layout\Interceptor->___callParent('getOutput', Array)
#52 C:\xampp\htdocs\caviar-web-magento2\vendor\magento\framework\Interception\Interceptor.php(153): Magento\Framework\View\Layout\Interceptor->Magento\Framework\Interception\{closure}()
#53 C:\xampp\htdocs\caviar-web-magento2\generated\code\Magento\Framework\View\Layout\Interceptor.php(347): Magento\Framework\View\Layout\Interceptor->___callPlugins('getOutput', Array, Array)
#54 C:\xampp\htdocs\caviar-web-magento2\vendor\magento\framework\View\Result\Page.php(260): Magento\Framework\View\Layout\Interceptor->getOutput()
#55 C:\xampp\htdocs\caviar-web-magento2\vendor\magento\framework\View\Result\Layout.php(171): Magento\Framework\View\Result\Page->render(Object(Magento\Framework\App\Response\Http\Interceptor))
#56 C:\xampp\htdocs\caviar-web-magento2\vendor\magento\framework\Interception\Interceptor.php(58): Magento\Framework\View\Result\Layout->renderResult(Object(Magento\Framework\App\Response\Http\Interceptor))
#57 C:\xampp\htdocs\caviar-web-magento2\vendor\magento\framework\Interception\Interceptor.php(138): Magento\Framework\View\Result\Page\Interceptor->___callParent('renderResult', Array)
#58 C:\xampp\htdocs\caviar-web-magento2\vendor\magento\framework\Interception\Interceptor.php(153): Magento\Framework\View\Result\Page\Interceptor->Magento\Framework\Interception\{closure}(Object(Magento\Framework\App\Response\Http\Interceptor))
#59 C:\xampp\htdocs\caviar-web-magento2\generated\code\Magento\Framework\View\Result\Page\Interceptor.php(95): Magento\Framework\View\Result\Page\Interceptor->___callPlugins('renderResult', Array, Array)
#60 C:\xampp\htdocs\caviar-web-magento2\vendor\magento\framework\App\Http.php(120): Magento\Framework\View\Result\Page\Interceptor->renderResult(Object(Magento\Framework\App\Response\Http\Interceptor))
#61 C:\xampp\htdocs\caviar-web-magento2\generated\code\Magento\Framework\App\Http\Interceptor.php(23): Magento\Framework\App\Http->launch()
#62 C:\xampp\htdocs\caviar-web-magento2\vendor\magento\framework\App\Bootstrap.php(264): Magento\Framework\App\Http\Interceptor->launch()
#63 C:\xampp\htdocs\caviar-web-magento2\pub\index.php(30): Magento\Framework\App\Bootstrap->run(Object(Magento\Framework\App\Http\Interceptor))
#64 {main} {"exception":"[object] (Exception(code: 0): Warning: Undefined array key \"directiveName\" in C:\\xampp\\htdocs\\caviar-web-magento2\\vendor\\magento\\framework\\Filter\\DirectiveProcessor\\SimpleDirective.php on line 68 at C:\\xampp\\htdocs\\caviar-web-magento2\\vendor\\magento\\framework\\App\\ErrorHandler.php:62)"} []
[2025-10-01T09:29:21.696772+00:00] main.CRITICAL: Exception: Warning: Undefined array key "directiveName" in C:\xampp\htdocs\caviar-web-magento2\vendor\magento\framework\Filter\DirectiveProcessor\SimpleDirective.php on line 68 in C:\xampp\htdocs\caviar-web-magento2\vendor\magento\framework\App\ErrorHandler.php:62
Stack trace:
#0 C:\xampp\htdocs\caviar-web-magento2\vendor\magento\framework\Filter\DirectiveProcessor\SimpleDirective.php(68): Magento\Framework\App\ErrorHandler->handler(2, 'Undefined array...', 'C:\\xampp\\htdocs...', 68)
#1 C:\xampp\htdocs\caviar-web-magento2\vendor\magento\framework\Filter\DirectiveProcessor\LegacyDirective.php(47): Magento\Framework\Filter\DirectiveProcessor\SimpleDirective->process(Array, Object(Magento\Widget\Model\Template\Filter\Interceptor), Array)
#2 C:\xampp\htdocs\caviar-web-magento2\vendor\magento\framework\Filter\Template.php(272): Magento\Framework\Filter\DirectiveProcessor\LegacyDirective->process(Array, Object(Magento\Widget\Model\Template\Filter\Interceptor), Array)
#3 C:\xampp\htdocs\caviar-web-magento2\vendor\magento\framework\Filter\Template.php(206): Magento\Framework\Filter\Template->processDirectives('        <div da...')
#4 C:\xampp\htdocs\caviar-web-magento2\vendor\magento\module-email\Model\Template\Filter.php(1127): Magento\Framework\Filter\Template->filter('        <div da...')
#5 C:\xampp\htdocs\caviar-web-magento2\vendor\magento\framework\Interception\Interceptor.php(58): Magento\Email\Model\Template\Filter->filter('        <div da...')
#6 C:\xampp\htdocs\caviar-web-magento2\vendor\magento\framework\Interception\Interceptor.php(138): Magento\Widget\Model\Template\Filter\Interceptor->___callParent('filter', Array)
#7 C:\xampp\htdocs\caviar-web-magento2\vendor\magento\framework\Interception\Interceptor.php(153): Magento\Widget\Model\Template\Filter\Interceptor->Magento\Framework\Interception\{closure}('        <div da...')
#8 C:\xampp\htdocs\caviar-web-magento2\generated\code\Magento\Widget\Model\Template\Filter\Interceptor.php(284): Magento\Widget\Model\Template\Filter\Interceptor->___callPlugins('filter', Array, Array)
#9 C:\xampp\htdocs\caviar-web-magento2\vendor\goomento\module-page-builder\Block\Content.php(272): Magento\Widget\Model\Template\Filter\Interceptor->filter('        <div da...')
#10 C:\xampp\htdocs\caviar-web-magento2\vendor\magento\framework\View\Element\AbstractBlock.php(1128): Goomento\PageBuilder\Block\Content->_toHtml()
#11 C:\xampp\htdocs\caviar-web-magento2\vendor\magento\framework\View\Element\AbstractBlock.php(1132): Magento\Framework\View\Element\AbstractBlock->Magento\Framework\View\Element\{closure}()
#12 C:\xampp\htdocs\caviar-web-magento2\vendor\magento\framework\View\Element\AbstractBlock.php(676): Magento\Framework\View\Element\AbstractBlock->_loadCache()
#13 C:\xampp\htdocs\caviar-web-magento2\vendor\goomento\module-page-builder\Block\Content.php(295): Magento\Framework\View\Element\AbstractBlock->toHtml()
#14 C:\xampp\htdocs\caviar-web-magento2\vendor\magento\framework\View\Layout.php(578): Goomento\PageBuilder\Block\Content->toHtml()
#15 C:\xampp\htdocs\caviar-web-magento2\vendor\magento\framework\View\Layout.php(555): Magento\Framework\View\Layout->_renderBlock('pagebuilder.con...')
#16 C:\xampp\htdocs\caviar-web-magento2\generated\code\Magento\Framework\View\Layout\Interceptor.php(149): Magento\Framework\View\Layout->renderNonCachedElement('pagebuilder.con...')
#17 C:\xampp\htdocs\caviar-web-magento2\vendor\magento\framework\View\Layout.php(510): Magento\Framework\View\Layout\Interceptor->renderNonCachedElement('pagebuilder.con...')
#18 C:\xampp\htdocs\caviar-web-magento2\generated\code\Magento\Framework\View\Layout\Interceptor.php(140): Magento\Framework\View\Layout->renderElement('pagebuilder.con...', false)
#19 C:\xampp\htdocs\caviar-web-magento2\vendor\magento\framework\View\Layout.php(606): Magento\Framework\View\Layout\Interceptor->renderElement('pagebuilder.con...', false)
#20 C:\xampp\htdocs\caviar-web-magento2\vendor\magento\framework\View\Layout.php(557): Magento\Framework\View\Layout->_renderContainer('content', false)
#21 C:\xampp\htdocs\caviar-web-magento2\generated\code\Magento\Framework\View\Layout\Interceptor.php(149): Magento\Framework\View\Layout->renderNonCachedElement('content')
#22 C:\xampp\htdocs\caviar-web-magento2\vendor\magento\framework\View\Layout.php(510): Magento\Framework\View\Layout\Interceptor->renderNonCachedElement('content')
#23 C:\xampp\htdocs\caviar-web-magento2\generated\code\Magento\Framework\View\Layout\Interceptor.php(140): Magento\Framework\View\Layout->renderElement('content', false)
#24 C:\xampp\htdocs\caviar-web-magento2\vendor\magento\framework\View\Layout.php(606): Magento\Framework\View\Layout\Interceptor->renderElement('content', false)
#25 C:\xampp\htdocs\caviar-web-magento2\vendor\magento\framework\View\Layout.php(557): Magento\Framework\View\Layout->_renderContainer('main', false)
#26 C:\xampp\htdocs\caviar-web-magento2\generated\code\Magento\Framework\View\Layout\Interceptor.php(149): Magento\Framework\View\Layout->renderNonCachedElement('main')
#27 C:\xampp\htdocs\caviar-web-magento2\vendor\magento\framework\View\Layout.php(510): Magento\Framework\View\Layout\Interceptor->renderNonCachedElement('main')
#28 C:\xampp\htdocs\caviar-web-magento2\generated\code\Magento\Framework\View\Layout\Interceptor.php(140): Magento\Framework\View\Layout->renderElement('main', false)
#29 C:\xampp\htdocs\caviar-web-magento2\vendor\magento\framework\View\Layout.php(606): Magento\Framework\View\Layout\Interceptor->renderElement('main', false)
#30 C:\xampp\htdocs\caviar-web-magento2\vendor\magento\framework\View\Layout.php(557): Magento\Framework\View\Layout->_renderContainer('columns', false)
#31 C:\xampp\htdocs\caviar-web-magento2\generated\code\Magento\Framework\View\Layout\Interceptor.php(149): Magento\Framework\View\Layout->renderNonCachedElement('columns')
#32 C:\xampp\htdocs\caviar-web-magento2\vendor\magento\framework\View\Layout.php(510): Magento\Framework\View\Layout\Interceptor->renderNonCachedElement('columns')
#33 C:\xampp\htdocs\caviar-web-magento2\generated\code\Magento\Framework\View\Layout\Interceptor.php(140): Magento\Framework\View\Layout->renderElement('columns', false)
#34 C:\xampp\htdocs\caviar-web-magento2\vendor\magento\framework\View\Layout.php(606): Magento\Framework\View\Layout\Interceptor->renderElement('columns', false)
#35 C:\xampp\htdocs\caviar-web-magento2\vendor\magento\framework\View\Layout.php(557): Magento\Framework\View\Layout->_renderContainer('main.content', false)
#36 C:\xampp\htdocs\caviar-web-magento2\generated\code\Magento\Framework\View\Layout\Interceptor.php(149): Magento\Framework\View\Layout->renderNonCachedElement('main.content')
#37 C:\xampp\htdocs\caviar-web-magento2\vendor\magento\framework\View\Layout.php(510): Magento\Framework\View\Layout\Interceptor->renderNonCachedElement('main.content')
#38 C:\xampp\htdocs\caviar-web-magento2\generated\code\Magento\Framework\View\Layout\Interceptor.php(140): Magento\Framework\View\Layout->renderElement('main.content', false)
#39 C:\xampp\htdocs\caviar-web-magento2\vendor\magento\framework\View\Layout.php(606): Magento\Framework\View\Layout\Interceptor->renderElement('main.content', false)
#40 C:\xampp\htdocs\caviar-web-magento2\vendor\magento\framework\View\Layout.php(557): Magento\Framework\View\Layout->_renderContainer('page.wrapper', false)
#41 C:\xampp\htdocs\caviar-web-magento2\generated\code\Magento\Framework\View\Layout\Interceptor.php(149): Magento\Framework\View\Layout->renderNonCachedElement('page.wrapper')
#42 C:\xampp\htdocs\caviar-web-magento2\vendor\magento\framework\View\Layout.php(510): Magento\Framework\View\Layout\Interceptor->renderNonCachedElement('page.wrapper')
#43 C:\xampp\htdocs\caviar-web-magento2\generated\code\Magento\Framework\View\Layout\Interceptor.php(140): Magento\Framework\View\Layout->renderElement('page.wrapper', false)
#44 C:\xampp\htdocs\caviar-web-magento2\vendor\magento\framework\View\Layout.php(606): Magento\Framework\View\Layout\Interceptor->renderElement('page.wrapper', false)
#45 C:\xampp\htdocs\caviar-web-magento2\vendor\magento\framework\View\Layout.php(557): Magento\Framework\View\Layout->_renderContainer('root', false)
#46 C:\xampp\htdocs\caviar-web-magento2\generated\code\Magento\Framework\View\Layout\Interceptor.php(149): Magento\Framework\View\Layout->renderNonCachedElement('root')
#47 C:\xampp\htdocs\caviar-web-magento2\vendor\magento\framework\View\Layout.php(510): Magento\Framework\View\Layout\Interceptor->renderNonCachedElement('root')
#48 C:\xampp\htdocs\caviar-web-magento2\generated\code\Magento\Framework\View\Layout\Interceptor.php(140): Magento\Framework\View\Layout->renderElement('root', true)
#49 C:\xampp\htdocs\caviar-web-magento2\vendor\magento\framework\View\Layout.php(975): Magento\Framework\View\Layout\Interceptor->renderElement('root')
#50 C:\xampp\htdocs\caviar-web-magento2\vendor\magento\framework\Interception\Interceptor.php(58): Magento\Framework\View\Layout->getOutput()
#51 C:\xampp\htdocs\caviar-web-magento2\vendor\magento\framework\Interception\Interceptor.php(138): Magento\Framework\View\Layout\Interceptor->___callParent('getOutput', Array)
#52 C:\xampp\htdocs\caviar-web-magento2\vendor\magento\framework\Interception\Interceptor.php(153): Magento\Framework\View\Layout\Interceptor->Magento\Framework\Interception\{closure}()
#53 C:\xampp\htdocs\caviar-web-magento2\generated\code\Magento\Framework\View\Layout\Interceptor.php(347): Magento\Framework\View\Layout\Interceptor->___callPlugins('getOutput', Array, Array)
#54 C:\xampp\htdocs\caviar-web-magento2\vendor\magento\framework\View\Result\Page.php(260): Magento\Framework\View\Layout\Interceptor->getOutput()
#55 C:\xampp\htdocs\caviar-web-magento2\vendor\magento\framework\View\Result\Layout.php(171): Magento\Framework\View\Result\Page->render(Object(Magento\Framework\App\Response\Http\Interceptor))
#56 C:\xampp\htdocs\caviar-web-magento2\vendor\magento\framework\Interception\Interceptor.php(58): Magento\Framework\View\Result\Layout->renderResult(Object(Magento\Framework\App\Response\Http\Interceptor))
#57 C:\xampp\htdocs\caviar-web-magento2\vendor\magento\framework\Interception\Interceptor.php(138): Magento\Framework\View\Result\Page\Interceptor->___callParent('renderResult', Array)
#58 C:\xampp\htdocs\caviar-web-magento2\vendor\magento\framework\Interception\Interceptor.php(153): Magento\Framework\View\Result\Page\Interceptor->Magento\Framework\Interception\{closure}(Object(Magento\Framework\App\Response\Http\Interceptor))
#59 C:\xampp\htdocs\caviar-web-magento2\generated\code\Magento\Framework\View\Result\Page\Interceptor.php(95): Magento\Framework\View\Result\Page\Interceptor->___callPlugins('renderResult', Array, Array)
#60 C:\xampp\htdocs\caviar-web-magento2\vendor\magento\framework\App\Http.php(120): Magento\Framework\View\Result\Page\Interceptor->renderResult(Object(Magento\Framework\App\Response\Http\Interceptor))
#61 C:\xampp\htdocs\caviar-web-magento2\generated\code\Magento\Framework\App\Http\Interceptor.php(23): Magento\Framework\App\Http->launch()
#62 C:\xampp\htdocs\caviar-web-magento2\vendor\magento\framework\App\Bootstrap.php(264): Magento\Framework\App\Http\Interceptor->launch()
#63 C:\xampp\htdocs\caviar-web-magento2\pub\index.php(30): Magento\Framework\App\Bootstrap->run(Object(Magento\Framework\App\Http\Interceptor))
#64 {main} {"exception":"[object] (Exception(code: 0): Warning: Undefined array key \"directiveName\" in C:\\xampp\\htdocs\\caviar-web-magento2\\vendor\\magento\\framework\\Filter\\DirectiveProcessor\\SimpleDirective.php on line 68 at C:\\xampp\\htdocs\\caviar-web-magento2\\vendor\\magento\\framework\\App\\ErrorHandler.php:62)"} []
[2025-10-01T09:29:31.533798+00:00] main.CRITICAL: Exception: Warning: Undefined array key "directiveName" in C:\xampp\htdocs\caviar-web-magento2\vendor\magento\framework\Filter\DirectiveProcessor\SimpleDirective.php on line 68 in C:\xampp\htdocs\caviar-web-magento2\vendor\magento\framework\App\ErrorHandler.php:62
Stack trace:
#0 C:\xampp\htdocs\caviar-web-magento2\vendor\magento\framework\Filter\DirectiveProcessor\SimpleDirective.php(68): Magento\Framework\App\ErrorHandler->handler(2, 'Undefined array...', 'C:\\xampp\\htdocs...', 68)
#1 C:\xampp\htdocs\caviar-web-magento2\vendor\magento\framework\Filter\DirectiveProcessor\LegacyDirective.php(47): Magento\Framework\Filter\DirectiveProcessor\SimpleDirective->process(Array, Object(Magento\Widget\Model\Template\Filter\Interceptor), Array)
#2 C:\xampp\htdocs\caviar-web-magento2\vendor\magento\framework\Filter\Template.php(272): Magento\Framework\Filter\DirectiveProcessor\LegacyDirective->process(Array, Object(Magento\Widget\Model\Template\Filter\Interceptor), Array)
#3 C:\xampp\htdocs\caviar-web-magento2\vendor\magento\framework\Filter\Template.php(206): Magento\Framework\Filter\Template->processDirectives('        <div da...')
#4 C:\xampp\htdocs\caviar-web-magento2\vendor\magento\module-email\Model\Template\Filter.php(1127): Magento\Framework\Filter\Template->filter('        <div da...')
#5 C:\xampp\htdocs\caviar-web-magento2\vendor\magento\framework\Interception\Interceptor.php(58): Magento\Email\Model\Template\Filter->filter('        <div da...')
#6 C:\xampp\htdocs\caviar-web-magento2\vendor\magento\framework\Interception\Interceptor.php(138): Magento\Widget\Model\Template\Filter\Interceptor->___callParent('filter', Array)
#7 C:\xampp\htdocs\caviar-web-magento2\vendor\magento\framework\Interception\Interceptor.php(153): Magento\Widget\Model\Template\Filter\Interceptor->Magento\Framework\Interception\{closure}('        <div da...')
#8 C:\xampp\htdocs\caviar-web-magento2\generated\code\Magento\Widget\Model\Template\Filter\Interceptor.php(284): Magento\Widget\Model\Template\Filter\Interceptor->___callPlugins('filter', Array, Array)
#9 C:\xampp\htdocs\caviar-web-magento2\vendor\goomento\module-page-builder\Block\Content.php(272): Magento\Widget\Model\Template\Filter\Interceptor->filter('        <div da...')
#10 C:\xampp\htdocs\caviar-web-magento2\vendor\magento\framework\View\Element\AbstractBlock.php(1128): Goomento\PageBuilder\Block\Content->_toHtml()
#11 C:\xampp\htdocs\caviar-web-magento2\vendor\magento\framework\View\Element\AbstractBlock.php(1132): Magento\Framework\View\Element\AbstractBlock->Magento\Framework\View\Element\{closure}()
#12 C:\xampp\htdocs\caviar-web-magento2\vendor\magento\framework\View\Element\AbstractBlock.php(676): Magento\Framework\View\Element\AbstractBlock->_loadCache()
#13 C:\xampp\htdocs\caviar-web-magento2\vendor\goomento\module-page-builder\Block\Content.php(295): Magento\Framework\View\Element\AbstractBlock->toHtml()
#14 C:\xampp\htdocs\caviar-web-magento2\vendor\magento\framework\View\Layout.php(578): Goomento\PageBuilder\Block\Content->toHtml()
#15 C:\xampp\htdocs\caviar-web-magento2\vendor\magento\framework\View\Layout.php(555): Magento\Framework\View\Layout->_renderBlock('pagebuilder.con...')
#16 C:\xampp\htdocs\caviar-web-magento2\generated\code\Magento\Framework\View\Layout\Interceptor.php(149): Magento\Framework\View\Layout->renderNonCachedElement('pagebuilder.con...')
#17 C:\xampp\htdocs\caviar-web-magento2\vendor\magento\framework\View\Layout.php(510): Magento\Framework\View\Layout\Interceptor->renderNonCachedElement('pagebuilder.con...')
#18 C:\xampp\htdocs\caviar-web-magento2\generated\code\Magento\Framework\View\Layout\Interceptor.php(140): Magento\Framework\View\Layout->renderElement('pagebuilder.con...', false)
#19 C:\xampp\htdocs\caviar-web-magento2\vendor\magento\framework\View\Layout.php(606): Magento\Framework\View\Layout\Interceptor->renderElement('pagebuilder.con...', false)
#20 C:\xampp\htdocs\caviar-web-magento2\vendor\magento\framework\View\Layout.php(557): Magento\Framework\View\Layout->_renderContainer('content', false)
#21 C:\xampp\htdocs\caviar-web-magento2\generated\code\Magento\Framework\View\Layout\Interceptor.php(149): Magento\Framework\View\Layout->renderNonCachedElement('content')
#22 C:\xampp\htdocs\caviar-web-magento2\vendor\magento\framework\View\Layout.php(510): Magento\Framework\View\Layout\Interceptor->renderNonCachedElement('content')
#23 C:\xampp\htdocs\caviar-web-magento2\generated\code\Magento\Framework\View\Layout\Interceptor.php(140): Magento\Framework\View\Layout->renderElement('content', false)
#24 C:\xampp\htdocs\caviar-web-magento2\vendor\magento\framework\View\Layout.php(606): Magento\Framework\View\Layout\Interceptor->renderElement('content', false)
#25 C:\xampp\htdocs\caviar-web-magento2\vendor\magento\framework\View\Layout.php(557): Magento\Framework\View\Layout->_renderContainer('main', false)
#26 C:\xampp\htdocs\caviar-web-magento2\generated\code\Magento\Framework\View\Layout\Interceptor.php(149): Magento\Framework\View\Layout->renderNonCachedElement('main')
#27 C:\xampp\htdocs\caviar-web-magento2\vendor\magento\framework\View\Layout.php(510): Magento\Framework\View\Layout\Interceptor->renderNonCachedElement('main')
#28 C:\xampp\htdocs\caviar-web-magento2\generated\code\Magento\Framework\View\Layout\Interceptor.php(140): Magento\Framework\View\Layout->renderElement('main', false)
#29 C:\xampp\htdocs\caviar-web-magento2\vendor\magento\framework\View\Layout.php(606): Magento\Framework\View\Layout\Interceptor->renderElement('main', false)
#30 C:\xampp\htdocs\caviar-web-magento2\vendor\magento\framework\View\Layout.php(557): Magento\Framework\View\Layout->_renderContainer('columns', false)
#31 C:\xampp\htdocs\caviar-web-magento2\generated\code\Magento\Framework\View\Layout\Interceptor.php(149): Magento\Framework\View\Layout->renderNonCachedElement('columns')
#32 C:\xampp\htdocs\caviar-web-magento2\vendor\magento\framework\View\Layout.php(510): Magento\Framework\View\Layout\Interceptor->renderNonCachedElement('columns')
#33 C:\xampp\htdocs\caviar-web-magento2\generated\code\Magento\Framework\View\Layout\Interceptor.php(140): Magento\Framework\View\Layout->renderElement('columns', false)
#34 C:\xampp\htdocs\caviar-web-magento2\vendor\magento\framework\View\Layout.php(606): Magento\Framework\View\Layout\Interceptor->renderElement('columns', false)
#35 C:\xampp\htdocs\caviar-web-magento2\vendor\magento\framework\View\Layout.php(557): Magento\Framework\View\Layout->_renderContainer('main.content', false)
#36 C:\xampp\htdocs\caviar-web-magento2\generated\code\Magento\Framework\View\Layout\Interceptor.php(149): Magento\Framework\View\Layout->renderNonCachedElement('main.content')
#37 C:\xampp\htdocs\caviar-web-magento2\vendor\magento\framework\View\Layout.php(510): Magento\Framework\View\Layout\Interceptor->renderNonCachedElement('main.content')
#38 C:\xampp\htdocs\caviar-web-magento2\generated\code\Magento\Framework\View\Layout\Interceptor.php(140): Magento\Framework\View\Layout->renderElement('main.content', false)
#39 C:\xampp\htdocs\caviar-web-magento2\vendor\magento\framework\View\Layout.php(606): Magento\Framework\View\Layout\Interceptor->renderElement('main.content', false)
#40 C:\xampp\htdocs\caviar-web-magento2\vendor\magento\framework\View\Layout.php(557): Magento\Framework\View\Layout->_renderContainer('page.wrapper', false)
#41 C:\xampp\htdocs\caviar-web-magento2\generated\code\Magento\Framework\View\Layout\Interceptor.php(149): Magento\Framework\View\Layout->renderNonCachedElement('page.wrapper')
#42 C:\xampp\htdocs\caviar-web-magento2\vendor\magento\framework\View\Layout.php(510): Magento\Framework\View\Layout\Interceptor->renderNonCachedElement('page.wrapper')
#43 C:\xampp\htdocs\caviar-web-magento2\generated\code\Magento\Framework\View\Layout\Interceptor.php(140): Magento\Framework\View\Layout->renderElement('page.wrapper', false)
#44 C:\xampp\htdocs\caviar-web-magento2\vendor\magento\framework\View\Layout.php(606): Magento\Framework\View\Layout\Interceptor->renderElement('page.wrapper', false)
#45 C:\xampp\htdocs\caviar-web-magento2\vendor\magento\framework\View\Layout.php(557): Magento\Framework\View\Layout->_renderContainer('root', false)
#46 C:\xampp\htdocs\caviar-web-magento2\generated\code\Magento\Framework\View\Layout\Interceptor.php(149): Magento\Framework\View\Layout->renderNonCachedElement('root')
#47 C:\xampp\htdocs\caviar-web-magento2\vendor\magento\framework\View\Layout.php(510): Magento\Framework\View\Layout\Interceptor->renderNonCachedElement('root')
#48 C:\xampp\htdocs\caviar-web-magento2\generated\code\Magento\Framework\View\Layout\Interceptor.php(140): Magento\Framework\View\Layout->renderElement('root', true)
#49 C:\xampp\htdocs\caviar-web-magento2\vendor\magento\framework\View\Layout.php(975): Magento\Framework\View\Layout\Interceptor->renderElement('root')
#50 C:\xampp\htdocs\caviar-web-magento2\vendor\magento\framework\Interception\Interceptor.php(58): Magento\Framework\View\Layout->getOutput()
#51 C:\xampp\htdocs\caviar-web-magento2\vendor\magento\framework\Interception\Interceptor.php(138): Magento\Framework\View\Layout\Interceptor->___callParent('getOutput', Array)
#52 C:\xampp\htdocs\caviar-web-magento2\vendor\magento\framework\Interception\Interceptor.php(153): Magento\Framework\View\Layout\Interceptor->Magento\Framework\Interception\{closure}()
#53 C:\xampp\htdocs\caviar-web-magento2\generated\code\Magento\Framework\View\Layout\Interceptor.php(347): Magento\Framework\View\Layout\Interceptor->___callPlugins('getOutput', Array, Array)
#54 C:\xampp\htdocs\caviar-web-magento2\vendor\magento\framework\View\Result\Page.php(260): Magento\Framework\View\Layout\Interceptor->getOutput()
#55 C:\xampp\htdocs\caviar-web-magento2\vendor\magento\framework\View\Result\Layout.php(171): Magento\Framework\View\Result\Page->render(Object(Magento\Framework\App\Response\Http\Interceptor))
#56 C:\xampp\htdocs\caviar-web-magento2\vendor\magento\framework\Interception\Interceptor.php(58): Magento\Framework\View\Result\Layout->renderResult(Object(Magento\Framework\App\Response\Http\Interceptor))
#57 C:\xampp\htdocs\caviar-web-magento2\vendor\magento\framework\Interception\Interceptor.php(138): Magento\Framework\View\Result\Page\Interceptor->___callParent('renderResult', Array)
#58 C:\xampp\htdocs\caviar-web-magento2\vendor\magento\framework\Interception\Interceptor.php(153): Magento\Framework\View\Result\Page\Interceptor->Magento\Framework\Interception\{closure}(Object(Magento\Framework\App\Response\Http\Interceptor))
#59 C:\xampp\htdocs\caviar-web-magento2\generated\code\Magento\Framework\View\Result\Page\Interceptor.php(95): Magento\Framework\View\Result\Page\Interceptor->___callPlugins('renderResult', Array, Array)
#60 C:\xampp\htdocs\caviar-web-magento2\vendor\magento\framework\App\Http.php(120): Magento\Framework\View\Result\Page\Interceptor->renderResult(Object(Magento\Framework\App\Response\Http\Interceptor))
#61 C:\xampp\htdocs\caviar-web-magento2\generated\code\Magento\Framework\App\Http\Interceptor.php(23): Magento\Framework\App\Http->launch()
#62 C:\xampp\htdocs\caviar-web-magento2\vendor\magento\framework\App\Bootstrap.php(264): Magento\Framework\App\Http\Interceptor->launch()
#63 C:\xampp\htdocs\caviar-web-magento2\pub\index.php(30): Magento\Framework\App\Bootstrap->run(Object(Magento\Framework\App\Http\Interceptor))
#64 {main} {"exception":"[object] (Exception(code: 0): Warning: Undefined array key \"directiveName\" in C:\\xampp\\htdocs\\caviar-web-magento2\\vendor\\magento\\framework\\Filter\\DirectiveProcessor\\SimpleDirective.php on line 68 at C:\\xampp\\htdocs\\caviar-web-magento2\\vendor\\magento\\framework\\App\\ErrorHandler.php:62)"} []
[2025-10-01T09:29:40.644517+00:00] main.CRITICAL: Exception: Warning: Undefined array key "directiveName" in C:\xampp\htdocs\caviar-web-magento2\vendor\magento\framework\Filter\DirectiveProcessor\SimpleDirective.php on line 68 in C:\xampp\htdocs\caviar-web-magento2\vendor\magento\framework\App\ErrorHandler.php:62
Stack trace:
#0 C:\xampp\htdocs\caviar-web-magento2\vendor\magento\framework\Filter\DirectiveProcessor\SimpleDirective.php(68): Magento\Framework\App\ErrorHandler->handler(2, 'Undefined array...', 'C:\\xampp\\htdocs...', 68)
#1 C:\xampp\htdocs\caviar-web-magento2\vendor\magento\framework\Filter\DirectiveProcessor\LegacyDirective.php(47): Magento\Framework\Filter\DirectiveProcessor\SimpleDirective->process(Array, Object(Magento\Widget\Model\Template\Filter\Interceptor), Array)
#2 C:\xampp\htdocs\caviar-web-magento2\vendor\magento\framework\Filter\Template.php(272): Magento\Framework\Filter\DirectiveProcessor\LegacyDirective->process(Array, Object(Magento\Widget\Model\Template\Filter\Interceptor), Array)
#3 C:\xampp\htdocs\caviar-web-magento2\vendor\magento\framework\Filter\Template.php(206): Magento\Framework\Filter\Template->processDirectives('        <div da...')
#4 C:\xampp\htdocs\caviar-web-magento2\vendor\magento\module-email\Model\Template\Filter.php(1127): Magento\Framework\Filter\Template->filter('        <div da...')
#5 C:\xampp\htdocs\caviar-web-magento2\vendor\magento\framework\Interception\Interceptor.php(58): Magento\Email\Model\Template\Filter->filter('        <div da...')
#6 C:\xampp\htdocs\caviar-web-magento2\vendor\magento\framework\Interception\Interceptor.php(138): Magento\Widget\Model\Template\Filter\Interceptor->___callParent('filter', Array)
#7 C:\xampp\htdocs\caviar-web-magento2\vendor\magento\framework\Interception\Interceptor.php(153): Magento\Widget\Model\Template\Filter\Interceptor->Magento\Framework\Interception\{closure}('        <div da...')
#8 C:\xampp\htdocs\caviar-web-magento2\generated\code\Magento\Widget\Model\Template\Filter\Interceptor.php(284): Magento\Widget\Model\Template\Filter\Interceptor->___callPlugins('filter', Array, Array)
#9 C:\xampp\htdocs\caviar-web-magento2\vendor\goomento\module-page-builder\Block\Content.php(272): Magento\Widget\Model\Template\Filter\Interceptor->filter('        <div da...')
#10 C:\xampp\htdocs\caviar-web-magento2\vendor\magento\framework\View\Element\AbstractBlock.php(1128): Goomento\PageBuilder\Block\Content->_toHtml()
#11 C:\xampp\htdocs\caviar-web-magento2\vendor\magento\framework\View\Element\AbstractBlock.php(1132): Magento\Framework\View\Element\AbstractBlock->Magento\Framework\View\Element\{closure}()
#12 C:\xampp\htdocs\caviar-web-magento2\vendor\magento\framework\View\Element\AbstractBlock.php(676): Magento\Framework\View\Element\AbstractBlock->_loadCache()
#13 C:\xampp\htdocs\caviar-web-magento2\vendor\goomento\module-page-builder\Block\Content.php(295): Magento\Framework\View\Element\AbstractBlock->toHtml()
#14 C:\xampp\htdocs\caviar-web-magento2\vendor\magento\framework\View\Layout.php(578): Goomento\PageBuilder\Block\Content->toHtml()
#15 C:\xampp\htdocs\caviar-web-magento2\vendor\magento\framework\View\Layout.php(555): Magento\Framework\View\Layout->_renderBlock('pagebuilder.con...')
#16 C:\xampp\htdocs\caviar-web-magento2\generated\code\Magento\Framework\View\Layout\Interceptor.php(149): Magento\Framework\View\Layout->renderNonCachedElement('pagebuilder.con...')
#17 C:\xampp\htdocs\caviar-web-magento2\vendor\magento\framework\View\Layout.php(510): Magento\Framework\View\Layout\Interceptor->renderNonCachedElement('pagebuilder.con...')
#18 C:\xampp\htdocs\caviar-web-magento2\generated\code\Magento\Framework\View\Layout\Interceptor.php(140): Magento\Framework\View\Layout->renderElement('pagebuilder.con...', false)
#19 C:\xampp\htdocs\caviar-web-magento2\vendor\magento\framework\View\Layout.php(606): Magento\Framework\View\Layout\Interceptor->renderElement('pagebuilder.con...', false)
#20 C:\xampp\htdocs\caviar-web-magento2\vendor\magento\framework\View\Layout.php(557): Magento\Framework\View\Layout->_renderContainer('content', false)
#21 C:\xampp\htdocs\caviar-web-magento2\generated\code\Magento\Framework\View\Layout\Interceptor.php(149): Magento\Framework\View\Layout->renderNonCachedElement('content')
#22 C:\xampp\htdocs\caviar-web-magento2\vendor\magento\framework\View\Layout.php(510): Magento\Framework\View\Layout\Interceptor->renderNonCachedElement('content')
#23 C:\xampp\htdocs\caviar-web-magento2\generated\code\Magento\Framework\View\Layout\Interceptor.php(140): Magento\Framework\View\Layout->renderElement('content', false)
#24 C:\xampp\htdocs\caviar-web-magento2\vendor\magento\framework\View\Layout.php(606): Magento\Framework\View\Layout\Interceptor->renderElement('content', false)
#25 C:\xampp\htdocs\caviar-web-magento2\vendor\magento\framework\View\Layout.php(557): Magento\Framework\View\Layout->_renderContainer('main', false)
#26 C:\xampp\htdocs\caviar-web-magento2\generated\code\Magento\Framework\View\Layout\Interceptor.php(149): Magento\Framework\View\Layout->renderNonCachedElement('main')
#27 C:\xampp\htdocs\caviar-web-magento2\vendor\magento\framework\View\Layout.php(510): Magento\Framework\View\Layout\Interceptor->renderNonCachedElement('main')
#28 C:\xampp\htdocs\caviar-web-magento2\generated\code\Magento\Framework\View\Layout\Interceptor.php(140): Magento\Framework\View\Layout->renderElement('main', false)
#29 C:\xampp\htdocs\caviar-web-magento2\vendor\magento\framework\View\Layout.php(606): Magento\Framework\View\Layout\Interceptor->renderElement('main', false)
#30 C:\xampp\htdocs\caviar-web-magento2\vendor\magento\framework\View\Layout.php(557): Magento\Framework\View\Layout->_renderContainer('columns', false)
#31 C:\xampp\htdocs\caviar-web-magento2\generated\code\Magento\Framework\View\Layout\Interceptor.php(149): Magento\Framework\View\Layout->renderNonCachedElement('columns')
#32 C:\xampp\htdocs\caviar-web-magento2\vendor\magento\framework\View\Layout.php(510): Magento\Framework\View\Layout\Interceptor->renderNonCachedElement('columns')
#33 C:\xampp\htdocs\caviar-web-magento2\generated\code\Magento\Framework\View\Layout\Interceptor.php(140): Magento\Framework\View\Layout->renderElement('columns', false)
#34 C:\xampp\htdocs\caviar-web-magento2\vendor\magento\framework\View\Layout.php(606): Magento\Framework\View\Layout\Interceptor->renderElement('columns', false)
#35 C:\xampp\htdocs\caviar-web-magento2\vendor\magento\framework\View\Layout.php(557): Magento\Framework\View\Layout->_renderContainer('main.content', false)
#36 C:\xampp\htdocs\caviar-web-magento2\generated\code\Magento\Framework\View\Layout\Interceptor.php(149): Magento\Framework\View\Layout->renderNonCachedElement('main.content')
#37 C:\xampp\htdocs\caviar-web-magento2\vendor\magento\framework\View\Layout.php(510): Magento\Framework\View\Layout\Interceptor->renderNonCachedElement('main.content')
#38 C:\xampp\htdocs\caviar-web-magento2\generated\code\Magento\Framework\View\Layout\Interceptor.php(140): Magento\Framework\View\Layout->renderElement('main.content', false)
#39 C:\xampp\htdocs\caviar-web-magento2\vendor\magento\framework\View\Layout.php(606): Magento\Framework\View\Layout\Interceptor->renderElement('main.content', false)
#40 C:\xampp\htdocs\caviar-web-magento2\vendor\magento\framework\View\Layout.php(557): Magento\Framework\View\Layout->_renderContainer('page.wrapper', false)
#41 C:\xampp\htdocs\caviar-web-magento2\generated\code\Magento\Framework\View\Layout\Interceptor.php(149): Magento\Framework\View\Layout->renderNonCachedElement('page.wrapper')
#42 C:\xampp\htdocs\caviar-web-magento2\vendor\magento\framework\View\Layout.php(510): Magento\Framework\View\Layout\Interceptor->renderNonCachedElement('page.wrapper')
#43 C:\xampp\htdocs\caviar-web-magento2\generated\code\Magento\Framework\View\Layout\Interceptor.php(140): Magento\Framework\View\Layout->renderElement('page.wrapper', false)
#44 C:\xampp\htdocs\caviar-web-magento2\vendor\magento\framework\View\Layout.php(606): Magento\Framework\View\Layout\Interceptor->renderElement('page.wrapper', false)
#45 C:\xampp\htdocs\caviar-web-magento2\vendor\magento\framework\View\Layout.php(557): Magento\Framework\View\Layout->_renderContainer('root', false)
#46 C:\xampp\htdocs\caviar-web-magento2\generated\code\Magento\Framework\View\Layout\Interceptor.php(149): Magento\Framework\View\Layout->renderNonCachedElement('root')
#47 C:\xampp\htdocs\caviar-web-magento2\vendor\magento\framework\View\Layout.php(510): Magento\Framework\View\Layout\Interceptor->renderNonCachedElement('root')
#48 C:\xampp\htdocs\caviar-web-magento2\generated\code\Magento\Framework\View\Layout\Interceptor.php(140): Magento\Framework\View\Layout->renderElement('root', true)
#49 C:\xampp\htdocs\caviar-web-magento2\vendor\magento\framework\View\Layout.php(975): Magento\Framework\View\Layout\Interceptor->renderElement('root')
#50 C:\xampp\htdocs\caviar-web-magento2\vendor\magento\framework\Interception\Interceptor.php(58): Magento\Framework\View\Layout->getOutput()
#51 C:\xampp\htdocs\caviar-web-magento2\vendor\magento\framework\Interception\Interceptor.php(138): Magento\Framework\View\Layout\Interceptor->___callParent('getOutput', Array)
#52 C:\xampp\htdocs\caviar-web-magento2\vendor\magento\framework\Interception\Interceptor.php(153): Magento\Framework\View\Layout\Interceptor->Magento\Framework\Interception\{closure}()
#53 C:\xampp\htdocs\caviar-web-magento2\generated\code\Magento\Framework\View\Layout\Interceptor.php(347): Magento\Framework\View\Layout\Interceptor->___callPlugins('getOutput', Array, Array)
#54 C:\xampp\htdocs\caviar-web-magento2\vendor\magento\framework\View\Result\Page.php(260): Magento\Framework\View\Layout\Interceptor->getOutput()
#55 C:\xampp\htdocs\caviar-web-magento2\vendor\magento\framework\View\Result\Layout.php(171): Magento\Framework\View\Result\Page->render(Object(Magento\Framework\App\Response\Http\Interceptor))
#56 C:\xampp\htdocs\caviar-web-magento2\vendor\magento\framework\Interception\Interceptor.php(58): Magento\Framework\View\Result\Layout->renderResult(Object(Magento\Framework\App\Response\Http\Interceptor))
#57 C:\xampp\htdocs\caviar-web-magento2\vendor\magento\framework\Interception\Interceptor.php(138): Magento\Framework\View\Result\Page\Interceptor->___callParent('renderResult', Array)
#58 C:\xampp\htdocs\caviar-web-magento2\vendor\magento\framework\Interception\Interceptor.php(153): Magento\Framework\View\Result\Page\Interceptor->Magento\Framework\Interception\{closure}(Object(Magento\Framework\App\Response\Http\Interceptor))
#59 C:\xampp\htdocs\caviar-web-magento2\generated\code\Magento\Framework\View\Result\Page\Interceptor.php(95): Magento\Framework\View\Result\Page\Interceptor->___callPlugins('renderResult', Array, Array)
#60 C:\xampp\htdocs\caviar-web-magento2\vendor\magento\framework\App\Http.php(120): Magento\Framework\View\Result\Page\Interceptor->renderResult(Object(Magento\Framework\App\Response\Http\Interceptor))
#61 C:\xampp\htdocs\caviar-web-magento2\generated\code\Magento\Framework\App\Http\Interceptor.php(23): Magento\Framework\App\Http->launch()
#62 C:\xampp\htdocs\caviar-web-magento2\vendor\magento\framework\App\Bootstrap.php(264): Magento\Framework\App\Http\Interceptor->launch()
#63 C:\xampp\htdocs\caviar-web-magento2\pub\index.php(30): Magento\Framework\App\Bootstrap->run(Object(Magento\Framework\App\Http\Interceptor))
#64 {main} {"exception":"[object] (Exception(code: 0): Warning: Undefined array key \"directiveName\" in C:\\xampp\\htdocs\\caviar-web-magento2\\vendor\\magento\\framework\\Filter\\DirectiveProcessor\\SimpleDirective.php on line 68 at C:\\xampp\\htdocs\\caviar-web-magento2\\vendor\\magento\\framework\\App\\ErrorHandler.php:62)"} []
[2025-10-01T09:30:23.817802+00:00] main.CRITICAL: Exception: Warning: Undefined array key "directiveName" in C:\xampp\htdocs\caviar-web-magento2\vendor\magento\framework\Filter\DirectiveProcessor\SimpleDirective.php on line 68 in C:\xampp\htdocs\caviar-web-magento2\vendor\magento\framework\App\ErrorHandler.php:62
Stack trace:
#0 C:\xampp\htdocs\caviar-web-magento2\vendor\magento\framework\Filter\DirectiveProcessor\SimpleDirective.php(68): Magento\Framework\App\ErrorHandler->handler(2, 'Undefined array...', 'C:\\xampp\\htdocs...', 68)
#1 C:\xampp\htdocs\caviar-web-magento2\vendor\magento\framework\Filter\DirectiveProcessor\LegacyDirective.php(47): Magento\Framework\Filter\DirectiveProcessor\SimpleDirective->process(Array, Object(Magento\Widget\Model\Template\Filter\Interceptor), Array)
#2 C:\xampp\htdocs\caviar-web-magento2\vendor\magento\framework\Filter\Template.php(272): Magento\Framework\Filter\DirectiveProcessor\LegacyDirective->process(Array, Object(Magento\Widget\Model\Template\Filter\Interceptor), Array)
#3 C:\xampp\htdocs\caviar-web-magento2\vendor\magento\framework\Filter\Template.php(206): Magento\Framework\Filter\Template->processDirectives('        <div da...')
#4 C:\xampp\htdocs\caviar-web-magento2\vendor\magento\module-email\Model\Template\Filter.php(1127): Magento\Framework\Filter\Template->filter('        <div da...')
#5 C:\xampp\htdocs\caviar-web-magento2\vendor\magento\framework\Interception\Interceptor.php(58): Magento\Email\Model\Template\Filter->filter('        <div da...')
#6 C:\xampp\htdocs\caviar-web-magento2\vendor\magento\framework\Interception\Interceptor.php(138): Magento\Widget\Model\Template\Filter\Interceptor->___callParent('filter', Array)
#7 C:\xampp\htdocs\caviar-web-magento2\vendor\magento\framework\Interception\Interceptor.php(153): Magento\Widget\Model\Template\Filter\Interceptor->Magento\Framework\Interception\{closure}('        <div da...')
#8 C:\xampp\htdocs\caviar-web-magento2\generated\code\Magento\Widget\Model\Template\Filter\Interceptor.php(284): Magento\Widget\Model\Template\Filter\Interceptor->___callPlugins('filter', Array, Array)
#9 C:\xampp\htdocs\caviar-web-magento2\vendor\goomento\module-page-builder\Block\Content.php(272): Magento\Widget\Model\Template\Filter\Interceptor->filter('        <div da...')
#10 C:\xampp\htdocs\caviar-web-magento2\vendor\magento\framework\View\Element\AbstractBlock.php(1128): Goomento\PageBuilder\Block\Content->_toHtml()
#11 C:\xampp\htdocs\caviar-web-magento2\vendor\magento\framework\View\Element\AbstractBlock.php(1132): Magento\Framework\View\Element\AbstractBlock->Magento\Framework\View\Element\{closure}()
#12 C:\xampp\htdocs\caviar-web-magento2\vendor\magento\framework\View\Element\AbstractBlock.php(676): Magento\Framework\View\Element\AbstractBlock->_loadCache()
#13 C:\xampp\htdocs\caviar-web-magento2\vendor\goomento\module-page-builder\Block\Content.php(295): Magento\Framework\View\Element\AbstractBlock->toHtml()
#14 C:\xampp\htdocs\caviar-web-magento2\vendor\magento\framework\View\Layout.php(578): Goomento\PageBuilder\Block\Content->toHtml()
#15 C:\xampp\htdocs\caviar-web-magento2\vendor\magento\framework\View\Layout.php(555): Magento\Framework\View\Layout->_renderBlock('pagebuilder.con...')
#16 C:\xampp\htdocs\caviar-web-magento2\generated\code\Magento\Framework\View\Layout\Interceptor.php(149): Magento\Framework\View\Layout->renderNonCachedElement('pagebuilder.con...')
#17 C:\xampp\htdocs\caviar-web-magento2\vendor\magento\framework\View\Layout.php(510): Magento\Framework\View\Layout\Interceptor->renderNonCachedElement('pagebuilder.con...')
#18 C:\xampp\htdocs\caviar-web-magento2\generated\code\Magento\Framework\View\Layout\Interceptor.php(140): Magento\Framework\View\Layout->renderElement('pagebuilder.con...', false)
#19 C:\xampp\htdocs\caviar-web-magento2\vendor\magento\framework\View\Layout.php(606): Magento\Framework\View\Layout\Interceptor->renderElement('pagebuilder.con...', false)
#20 C:\xampp\htdocs\caviar-web-magento2\vendor\magento\framework\View\Layout.php(557): Magento\Framework\View\Layout->_renderContainer('content', false)
#21 C:\xampp\htdocs\caviar-web-magento2\generated\code\Magento\Framework\View\Layout\Interceptor.php(149): Magento\Framework\View\Layout->renderNonCachedElement('content')
#22 C:\xampp\htdocs\caviar-web-magento2\vendor\magento\framework\View\Layout.php(510): Magento\Framework\View\Layout\Interceptor->renderNonCachedElement('content')
#23 C:\xampp\htdocs\caviar-web-magento2\generated\code\Magento\Framework\View\Layout\Interceptor.php(140): Magento\Framework\View\Layout->renderElement('content', false)
#24 C:\xampp\htdocs\caviar-web-magento2\vendor\magento\framework\View\Layout.php(606): Magento\Framework\View\Layout\Interceptor->renderElement('content', false)
#25 C:\xampp\htdocs\caviar-web-magento2\vendor\magento\framework\View\Layout.php(557): Magento\Framework\View\Layout->_renderContainer('main', false)
#26 C:\xampp\htdocs\caviar-web-magento2\generated\code\Magento\Framework\View\Layout\Interceptor.php(149): Magento\Framework\View\Layout->renderNonCachedElement('main')
#27 C:\xampp\htdocs\caviar-web-magento2\vendor\magento\framework\View\Layout.php(510): Magento\Framework\View\Layout\Interceptor->renderNonCachedElement('main')
#28 C:\xampp\htdocs\caviar-web-magento2\generated\code\Magento\Framework\View\Layout\Interceptor.php(140): Magento\Framework\View\Layout->renderElement('main', false)
#29 C:\xampp\htdocs\caviar-web-magento2\vendor\magento\framework\View\Layout.php(606): Magento\Framework\View\Layout\Interceptor->renderElement('main', false)
#30 C:\xampp\htdocs\caviar-web-magento2\vendor\magento\framework\View\Layout.php(557): Magento\Framework\View\Layout->_renderContainer('columns', false)
#31 C:\xampp\htdocs\caviar-web-magento2\generated\code\Magento\Framework\View\Layout\Interceptor.php(149): Magento\Framework\View\Layout->renderNonCachedElement('columns')
#32 C:\xampp\htdocs\caviar-web-magento2\vendor\magento\framework\View\Layout.php(510): Magento\Framework\View\Layout\Interceptor->renderNonCachedElement('columns')
#33 C:\xampp\htdocs\caviar-web-magento2\generated\code\Magento\Framework\View\Layout\Interceptor.php(140): Magento\Framework\View\Layout->renderElement('columns', false)
#34 C:\xampp\htdocs\caviar-web-magento2\vendor\magento\framework\View\Layout.php(606): Magento\Framework\View\Layout\Interceptor->renderElement('columns', false)
#35 C:\xampp\htdocs\caviar-web-magento2\vendor\magento\framework\View\Layout.php(557): Magento\Framework\View\Layout->_renderContainer('main.content', false)
#36 C:\xampp\htdocs\caviar-web-magento2\generated\code\Magento\Framework\View\Layout\Interceptor.php(149): Magento\Framework\View\Layout->renderNonCachedElement('main.content')
#37 C:\xampp\htdocs\caviar-web-magento2\vendor\magento\framework\View\Layout.php(510): Magento\Framework\View\Layout\Interceptor->renderNonCachedElement('main.content')
#38 C:\xampp\htdocs\caviar-web-magento2\generated\code\Magento\Framework\View\Layout\Interceptor.php(140): Magento\Framework\View\Layout->renderElement('main.content', false)
#39 C:\xampp\htdocs\caviar-web-magento2\vendor\magento\framework\View\Layout.php(606): Magento\Framework\View\Layout\Interceptor->renderElement('main.content', false)
#40 C:\xampp\htdocs\caviar-web-magento2\vendor\magento\framework\View\Layout.php(557): Magento\Framework\View\Layout->_renderContainer('page.wrapper', false)
#41 C:\xampp\htdocs\caviar-web-magento2\generated\code\Magento\Framework\View\Layout\Interceptor.php(149): Magento\Framework\View\Layout->renderNonCachedElement('page.wrapper')
#42 C:\xampp\htdocs\caviar-web-magento2\vendor\magento\framework\View\Layout.php(510): Magento\Framework\View\Layout\Interceptor->renderNonCachedElement('page.wrapper')
#43 C:\xampp\htdocs\caviar-web-magento2\generated\code\Magento\Framework\View\Layout\Interceptor.php(140): Magento\Framework\View\Layout->renderElement('page.wrapper', false)
#44 C:\xampp\htdocs\caviar-web-magento2\vendor\magento\framework\View\Layout.php(606): Magento\Framework\View\Layout\Interceptor->renderElement('page.wrapper', false)
#45 C:\xampp\htdocs\caviar-web-magento2\vendor\magento\framework\View\Layout.php(557): Magento\Framework\View\Layout->_renderContainer('root', false)
#46 C:\xampp\htdocs\caviar-web-magento2\generated\code\Magento\Framework\View\Layout\Interceptor.php(149): Magento\Framework\View\Layout->renderNonCachedElement('root')
#47 C:\xampp\htdocs\caviar-web-magento2\vendor\magento\framework\View\Layout.php(510): Magento\Framework\View\Layout\Interceptor->renderNonCachedElement('root')
#48 C:\xampp\htdocs\caviar-web-magento2\generated\code\Magento\Framework\View\Layout\Interceptor.php(140): Magento\Framework\View\Layout->renderElement('root', true)
#49 C:\xampp\htdocs\caviar-web-magento2\vendor\magento\framework\View\Layout.php(975): Magento\Framework\View\Layout\Interceptor->renderElement('root')
#50 C:\xampp\htdocs\caviar-web-magento2\vendor\magento\framework\Interception\Interceptor.php(58): Magento\Framework\View\Layout->getOutput()
#51 C:\xampp\htdocs\caviar-web-magento2\vendor\magento\framework\Interception\Interceptor.php(138): Magento\Framework\View\Layout\Interceptor->___callParent('getOutput', Array)
#52 C:\xampp\htdocs\caviar-web-magento2\vendor\magento\framework\Interception\Interceptor.php(153): Magento\Framework\View\Layout\Interceptor->Magento\Framework\Interception\{closure}()
#53 C:\xampp\htdocs\caviar-web-magento2\generated\code\Magento\Framework\View\Layout\Interceptor.php(347): Magento\Framework\View\Layout\Interceptor->___callPlugins('getOutput', Array, Array)
#54 C:\xampp\htdocs\caviar-web-magento2\vendor\magento\framework\View\Result\Page.php(260): Magento\Framework\View\Layout\Interceptor->getOutput()
#55 C:\xampp\htdocs\caviar-web-magento2\vendor\magento\framework\View\Result\Layout.php(171): Magento\Framework\View\Result\Page->render(Object(Magento\Framework\App\Response\Http\Interceptor))
#56 C:\xampp\htdocs\caviar-web-magento2\vendor\magento\framework\Interception\Interceptor.php(58): Magento\Framework\View\Result\Layout->renderResult(Object(Magento\Framework\App\Response\Http\Interceptor))
#57 C:\xampp\htdocs\caviar-web-magento2\vendor\magento\framework\Interception\Interceptor.php(138): Magento\Framework\View\Result\Page\Interceptor->___callParent('renderResult', Array)
#58 C:\xampp\htdocs\caviar-web-magento2\vendor\magento\framework\Interception\Interceptor.php(153): Magento\Framework\View\Result\Page\Interceptor->Magento\Framework\Interception\{closure}(Object(Magento\Framework\App\Response\Http\Interceptor))
#59 C:\xampp\htdocs\caviar-web-magento2\generated\code\Magento\Framework\View\Result\Page\Interceptor.php(95): Magento\Framework\View\Result\Page\Interceptor->___callPlugins('renderResult', Array, Array)
#60 C:\xampp\htdocs\caviar-web-magento2\vendor\magento\framework\App\Http.php(120): Magento\Framework\View\Result\Page\Interceptor->renderResult(Object(Magento\Framework\App\Response\Http\Interceptor))
#61 C:\xampp\htdocs\caviar-web-magento2\generated\code\Magento\Framework\App\Http\Interceptor.php(23): Magento\Framework\App\Http->launch()
#62 C:\xampp\htdocs\caviar-web-magento2\vendor\magento\framework\App\Bootstrap.php(264): Magento\Framework\App\Http\Interceptor->launch()
#63 C:\xampp\htdocs\caviar-web-magento2\pub\index.php(30): Magento\Framework\App\Bootstrap->run(Object(Magento\Framework\App\Http\Interceptor))
#64 {main} {"exception":"[object] (Exception(code: 0): Warning: Undefined array key \"directiveName\" in C:\\xampp\\htdocs\\caviar-web-magento2\\vendor\\magento\\framework\\Filter\\DirectiveProcessor\\SimpleDirective.php on line 68 at C:\\xampp\\htdocs\\caviar-web-magento2\\vendor\\magento\\framework\\App\\ErrorHandler.php:62)"} []
[2025-10-01T09:30:44.418646+00:00] main.CRITICAL: Exception: Warning: Undefined array key "directiveName" in C:\xampp\htdocs\caviar-web-magento2\vendor\magento\framework\Filter\DirectiveProcessor\SimpleDirective.php on line 68 in C:\xampp\htdocs\caviar-web-magento2\vendor\magento\framework\App\ErrorHandler.php:62
Stack trace:
#0 C:\xampp\htdocs\caviar-web-magento2\vendor\magento\framework\Filter\DirectiveProcessor\SimpleDirective.php(68): Magento\Framework\App\ErrorHandler->handler(2, 'Undefined array...', 'C:\\xampp\\htdocs...', 68)
#1 C:\xampp\htdocs\caviar-web-magento2\vendor\magento\framework\Filter\DirectiveProcessor\LegacyDirective.php(47): Magento\Framework\Filter\DirectiveProcessor\SimpleDirective->process(Array, Object(Magento\Widget\Model\Template\Filter\Interceptor), Array)
#2 C:\xampp\htdocs\caviar-web-magento2\vendor\magento\framework\Filter\Template.php(272): Magento\Framework\Filter\DirectiveProcessor\LegacyDirective->process(Array, Object(Magento\Widget\Model\Template\Filter\Interceptor), Array)
#3 C:\xampp\htdocs\caviar-web-magento2\vendor\magento\framework\Filter\Template.php(206): Magento\Framework\Filter\Template->processDirectives('        <div da...')
#4 C:\xampp\htdocs\caviar-web-magento2\vendor\magento\module-email\Model\Template\Filter.php(1127): Magento\Framework\Filter\Template->filter('        <div da...')
#5 C:\xampp\htdocs\caviar-web-magento2\vendor\magento\framework\Interception\Interceptor.php(58): Magento\Email\Model\Template\Filter->filter('        <div da...')
#6 C:\xampp\htdocs\caviar-web-magento2\vendor\magento\framework\Interception\Interceptor.php(138): Magento\Widget\Model\Template\Filter\Interceptor->___callParent('filter', Array)
#7 C:\xampp\htdocs\caviar-web-magento2\vendor\magento\framework\Interception\Interceptor.php(153): Magento\Widget\Model\Template\Filter\Interceptor->Magento\Framework\Interception\{closure}('        <div da...')
#8 C:\xampp\htdocs\caviar-web-magento2\generated\code\Magento\Widget\Model\Template\Filter\Interceptor.php(284): Magento\Widget\Model\Template\Filter\Interceptor->___callPlugins('filter', Array, Array)
#9 C:\xampp\htdocs\caviar-web-magento2\vendor\goomento\module-page-builder\Block\Content.php(272): Magento\Widget\Model\Template\Filter\Interceptor->filter('        <div da...')
#10 C:\xampp\htdocs\caviar-web-magento2\vendor\magento\framework\View\Element\AbstractBlock.php(1128): Goomento\PageBuilder\Block\Content->_toHtml()
#11 C:\xampp\htdocs\caviar-web-magento2\vendor\magento\framework\View\Element\AbstractBlock.php(1132): Magento\Framework\View\Element\AbstractBlock->Magento\Framework\View\Element\{closure}()
#12 C:\xampp\htdocs\caviar-web-magento2\vendor\magento\framework\View\Element\AbstractBlock.php(676): Magento\Framework\View\Element\AbstractBlock->_loadCache()
#13 C:\xampp\htdocs\caviar-web-magento2\vendor\goomento\module-page-builder\Block\Content.php(295): Magento\Framework\View\Element\AbstractBlock->toHtml()
#14 C:\xampp\htdocs\caviar-web-magento2\vendor\magento\framework\View\Layout.php(578): Goomento\PageBuilder\Block\Content->toHtml()
#15 C:\xampp\htdocs\caviar-web-magento2\vendor\magento\framework\View\Layout.php(555): Magento\Framework\View\Layout->_renderBlock('pagebuilder.con...')
#16 C:\xampp\htdocs\caviar-web-magento2\generated\code\Magento\Framework\View\Layout\Interceptor.php(149): Magento\Framework\View\Layout->renderNonCachedElement('pagebuilder.con...')
#17 C:\xampp\htdocs\caviar-web-magento2\vendor\magento\framework\View\Layout.php(510): Magento\Framework\View\Layout\Interceptor->renderNonCachedElement('pagebuilder.con...')
#18 C:\xampp\htdocs\caviar-web-magento2\generated\code\Magento\Framework\View\Layout\Interceptor.php(140): Magento\Framework\View\Layout->renderElement('pagebuilder.con...', false)
#19 C:\xampp\htdocs\caviar-web-magento2\vendor\magento\framework\View\Layout.php(606): Magento\Framework\View\Layout\Interceptor->renderElement('pagebuilder.con...', false)
#20 C:\xampp\htdocs\caviar-web-magento2\vendor\magento\framework\View\Layout.php(557): Magento\Framework\View\Layout->_renderContainer('content', false)
#21 C:\xampp\htdocs\caviar-web-magento2\generated\code\Magento\Framework\View\Layout\Interceptor.php(149): Magento\Framework\View\Layout->renderNonCachedElement('content')
#22 C:\xampp\htdocs\caviar-web-magento2\vendor\magento\framework\View\Layout.php(510): Magento\Framework\View\Layout\Interceptor->renderNonCachedElement('content')
#23 C:\xampp\htdocs\caviar-web-magento2\generated\code\Magento\Framework\View\Layout\Interceptor.php(140): Magento\Framework\View\Layout->renderElement('content', false)
#24 C:\xampp\htdocs\caviar-web-magento2\vendor\magento\framework\View\Layout.php(606): Magento\Framework\View\Layout\Interceptor->renderElement('content', false)
#25 C:\xampp\htdocs\caviar-web-magento2\vendor\magento\framework\View\Layout.php(557): Magento\Framework\View\Layout->_renderContainer('main', false)
#26 C:\xampp\htdocs\caviar-web-magento2\generated\code\Magento\Framework\View\Layout\Interceptor.php(149): Magento\Framework\View\Layout->renderNonCachedElement('main')
#27 C:\xampp\htdocs\caviar-web-magento2\vendor\magento\framework\View\Layout.php(510): Magento\Framework\View\Layout\Interceptor->renderNonCachedElement('main')
#28 C:\xampp\htdocs\caviar-web-magento2\generated\code\Magento\Framework\View\Layout\Interceptor.php(140): Magento\Framework\View\Layout->renderElement('main', false)
#29 C:\xampp\htdocs\caviar-web-magento2\vendor\magento\framework\View\Layout.php(606): Magento\Framework\View\Layout\Interceptor->renderElement('main', false)
#30 C:\xampp\htdocs\caviar-web-magento2\vendor\magento\framework\View\Layout.php(557): Magento\Framework\View\Layout->_renderContainer('columns', false)
#31 C:\xampp\htdocs\caviar-web-magento2\generated\code\Magento\Framework\View\Layout\Interceptor.php(149): Magento\Framework\View\Layout->renderNonCachedElement('columns')
#32 C:\xampp\htdocs\caviar-web-magento2\vendor\magento\framework\View\Layout.php(510): Magento\Framework\View\Layout\Interceptor->renderNonCachedElement('columns')
#33 C:\xampp\htdocs\caviar-web-magento2\generated\code\Magento\Framework\View\Layout\Interceptor.php(140): Magento\Framework\View\Layout->renderElement('columns', false)
#34 C:\xampp\htdocs\caviar-web-magento2\vendor\magento\framework\View\Layout.php(606): Magento\Framework\View\Layout\Interceptor->renderElement('columns', false)
#35 C:\xampp\htdocs\caviar-web-magento2\vendor\magento\framework\View\Layout.php(557): Magento\Framework\View\Layout->_renderContainer('main.content', false)
#36 C:\xampp\htdocs\caviar-web-magento2\generated\code\Magento\Framework\View\Layout\Interceptor.php(149): Magento\Framework\View\Layout->renderNonCachedElement('main.content')
#37 C:\xampp\htdocs\caviar-web-magento2\vendor\magento\framework\View\Layout.php(510): Magento\Framework\View\Layout\Interceptor->renderNonCachedElement('main.content')
#38 C:\xampp\htdocs\caviar-web-magento2\generated\code\Magento\Framework\View\Layout\Interceptor.php(140): Magento\Framework\View\Layout->renderElement('main.content', false)
#39 C:\xampp\htdocs\caviar-web-magento2\vendor\magento\framework\View\Layout.php(606): Magento\Framework\View\Layout\Interceptor->renderElement('main.content', false)
#40 C:\xampp\htdocs\caviar-web-magento2\vendor\magento\framework\View\Layout.php(557): Magento\Framework\View\Layout->_renderContainer('page.wrapper', false)
#41 C:\xampp\htdocs\caviar-web-magento2\generated\code\Magento\Framework\View\Layout\Interceptor.php(149): Magento\Framework\View\Layout->renderNonCachedElement('page.wrapper')
#42 C:\xampp\htdocs\caviar-web-magento2\vendor\magento\framework\View\Layout.php(510): Magento\Framework\View\Layout\Interceptor->renderNonCachedElement('page.wrapper')
#43 C:\xampp\htdocs\caviar-web-magento2\generated\code\Magento\Framework\View\Layout\Interceptor.php(140): Magento\Framework\View\Layout->renderElement('page.wrapper', false)
#44 C:\xampp\htdocs\caviar-web-magento2\vendor\magento\framework\View\Layout.php(606): Magento\Framework\View\Layout\Interceptor->renderElement('page.wrapper', false)
#45 C:\xampp\htdocs\caviar-web-magento2\vendor\magento\framework\View\Layout.php(557): Magento\Framework\View\Layout->_renderContainer('root', false)
#46 C:\xampp\htdocs\caviar-web-magento2\generated\code\Magento\Framework\View\Layout\Interceptor.php(149): Magento\Framework\View\Layout->renderNonCachedElement('root')
#47 C:\xampp\htdocs\caviar-web-magento2\vendor\magento\framework\View\Layout.php(510): Magento\Framework\View\Layout\Interceptor->renderNonCachedElement('root')
#48 C:\xampp\htdocs\caviar-web-magento2\generated\code\Magento\Framework\View\Layout\Interceptor.php(140): Magento\Framework\View\Layout->renderElement('root', true)
#49 C:\xampp\htdocs\caviar-web-magento2\vendor\magento\framework\View\Layout.php(975): Magento\Framework\View\Layout\Interceptor->renderElement('root')
#50 C:\xampp\htdocs\caviar-web-magento2\vendor\magento\framework\Interception\Interceptor.php(58): Magento\Framework\View\Layout->getOutput()
#51 C:\xampp\htdocs\caviar-web-magento2\vendor\magento\framework\Interception\Interceptor.php(138): Magento\Framework\View\Layout\Interceptor->___callParent('getOutput', Array)
#52 C:\xampp\htdocs\caviar-web-magento2\vendor\magento\framework\Interception\Interceptor.php(153): Magento\Framework\View\Layout\Interceptor->Magento\Framework\Interception\{closure}()
#53 C:\xampp\htdocs\caviar-web-magento2\generated\code\Magento\Framework\View\Layout\Interceptor.php(347): Magento\Framework\View\Layout\Interceptor->___callPlugins('getOutput', Array, Array)
#54 C:\xampp\htdocs\caviar-web-magento2\vendor\magento\framework\View\Result\Page.php(260): Magento\Framework\View\Layout\Interceptor->getOutput()
#55 C:\xampp\htdocs\caviar-web-magento2\vendor\magento\framework\View\Result\Layout.php(171): Magento\Framework\View\Result\Page->render(Object(Magento\Framework\App\Response\Http\Interceptor))
#56 C:\xampp\htdocs\caviar-web-magento2\vendor\magento\framework\Interception\Interceptor.php(58): Magento\Framework\View\Result\Layout->renderResult(Object(Magento\Framework\App\Response\Http\Interceptor))
#57 C:\xampp\htdocs\caviar-web-magento2\vendor\magento\framework\Interception\Interceptor.php(138): Magento\Framework\View\Result\Page\Interceptor->___callParent('renderResult', Array)
#58 C:\xampp\htdocs\caviar-web-magento2\vendor\magento\framework\Interception\Interceptor.php(153): Magento\Framework\View\Result\Page\Interceptor->Magento\Framework\Interception\{closure}(Object(Magento\Framework\App\Response\Http\Interceptor))
#59 C:\xampp\htdocs\caviar-web-magento2\generated\code\Magento\Framework\View\Result\Page\Interceptor.php(95): Magento\Framework\View\Result\Page\Interceptor->___callPlugins('renderResult', Array, Array)
#60 C:\xampp\htdocs\caviar-web-magento2\vendor\magento\framework\App\Http.php(120): Magento\Framework\View\Result\Page\Interceptor->renderResult(Object(Magento\Framework\App\Response\Http\Interceptor))
#61 C:\xampp\htdocs\caviar-web-magento2\generated\code\Magento\Framework\App\Http\Interceptor.php(23): Magento\Framework\App\Http->launch()
#62 C:\xampp\htdocs\caviar-web-magento2\vendor\magento\framework\App\Bootstrap.php(264): Magento\Framework\App\Http\Interceptor->launch()
#63 C:\xampp\htdocs\caviar-web-magento2\pub\index.php(30): Magento\Framework\App\Bootstrap->run(Object(Magento\Framework\App\Http\Interceptor))
#64 {main} {"exception":"[object] (Exception(code: 0): Warning: Undefined array key \"directiveName\" in C:\\xampp\\htdocs\\caviar-web-magento2\\vendor\\magento\\framework\\Filter\\DirectiveProcessor\\SimpleDirective.php on line 68 at C:\\xampp\\htdocs\\caviar-web-magento2\\vendor\\magento\\framework\\App\\ErrorHandler.php:62)"} []
[2025-10-01T09:41:44.237860+00:00] main.CRITICAL: Exception: Warning: Undefined array key "directiveName" in C:\xampp\htdocs\caviar-web-magento2\vendor\magento\framework\Filter\DirectiveProcessor\SimpleDirective.php on line 68 in C:\xampp\htdocs\caviar-web-magento2\vendor\magento\framework\App\ErrorHandler.php:62
Stack trace:
#0 C:\xampp\htdocs\caviar-web-magento2\vendor\magento\framework\Filter\DirectiveProcessor\SimpleDirective.php(68): Magento\Framework\App\ErrorHandler->handler(2, 'Undefined array...', 'C:\\xampp\\htdocs...', 68)
#1 C:\xampp\htdocs\caviar-web-magento2\vendor\magento\framework\Filter\DirectiveProcessor\LegacyDirective.php(47): Magento\Framework\Filter\DirectiveProcessor\SimpleDirective->process(Array, Object(Magento\Widget\Model\Template\Filter\Interceptor), Array)
#2 C:\xampp\htdocs\caviar-web-magento2\vendor\magento\framework\Filter\Template.php(272): Magento\Framework\Filter\DirectiveProcessor\LegacyDirective->process(Array, Object(Magento\Widget\Model\Template\Filter\Interceptor), Array)
#3 C:\xampp\htdocs\caviar-web-magento2\vendor\magento\framework\Filter\Template.php(206): Magento\Framework\Filter\Template->processDirectives('        <div da...')
#4 C:\xampp\htdocs\caviar-web-magento2\vendor\magento\module-email\Model\Template\Filter.php(1127): Magento\Framework\Filter\Template->filter('        <div da...')
#5 C:\xampp\htdocs\caviar-web-magento2\vendor\magento\framework\Interception\Interceptor.php(58): Magento\Email\Model\Template\Filter->filter('        <div da...')
#6 C:\xampp\htdocs\caviar-web-magento2\vendor\magento\framework\Interception\Interceptor.php(138): Magento\Widget\Model\Template\Filter\Interceptor->___callParent('filter', Array)
#7 C:\xampp\htdocs\caviar-web-magento2\vendor\magento\framework\Interception\Interceptor.php(153): Magento\Widget\Model\Template\Filter\Interceptor->Magento\Framework\Interception\{closure}('        <div da...')
#8 C:\xampp\htdocs\caviar-web-magento2\generated\code\Magento\Widget\Model\Template\Filter\Interceptor.php(284): Magento\Widget\Model\Template\Filter\Interceptor->___callPlugins('filter', Array, Array)
#9 C:\xampp\htdocs\caviar-web-magento2\vendor\goomento\module-page-builder\Block\Content.php(272): Magento\Widget\Model\Template\Filter\Interceptor->filter('        <div da...')
#10 C:\xampp\htdocs\caviar-web-magento2\vendor\magento\framework\View\Element\AbstractBlock.php(1128): Goomento\PageBuilder\Block\Content->_toHtml()
#11 C:\xampp\htdocs\caviar-web-magento2\vendor\magento\framework\View\Element\AbstractBlock.php(1132): Magento\Framework\View\Element\AbstractBlock->Magento\Framework\View\Element\{closure}()
#12 C:\xampp\htdocs\caviar-web-magento2\vendor\magento\framework\View\Element\AbstractBlock.php(676): Magento\Framework\View\Element\AbstractBlock->_loadCache()
#13 C:\xampp\htdocs\caviar-web-magento2\vendor\goomento\module-page-builder\Block\Content.php(295): Magento\Framework\View\Element\AbstractBlock->toHtml()
#14 C:\xampp\htdocs\caviar-web-magento2\vendor\magento\framework\View\Layout.php(578): Goomento\PageBuilder\Block\Content->toHtml()
#15 C:\xampp\htdocs\caviar-web-magento2\vendor\magento\framework\View\Layout.php(555): Magento\Framework\View\Layout->_renderBlock('pagebuilder.con...')
#16 C:\xampp\htdocs\caviar-web-magento2\generated\code\Magento\Framework\View\Layout\Interceptor.php(149): Magento\Framework\View\Layout->renderNonCachedElement('pagebuilder.con...')
#17 C:\xampp\htdocs\caviar-web-magento2\vendor\magento\framework\View\Layout.php(510): Magento\Framework\View\Layout\Interceptor->renderNonCachedElement('pagebuilder.con...')
#18 C:\xampp\htdocs\caviar-web-magento2\generated\code\Magento\Framework\View\Layout\Interceptor.php(140): Magento\Framework\View\Layout->renderElement('pagebuilder.con...', false)
#19 C:\xampp\htdocs\caviar-web-magento2\vendor\magento\framework\View\Layout.php(606): Magento\Framework\View\Layout\Interceptor->renderElement('pagebuilder.con...', false)
#20 C:\xampp\htdocs\caviar-web-magento2\vendor\magento\framework\View\Layout.php(557): Magento\Framework\View\Layout->_renderContainer('content', false)
#21 C:\xampp\htdocs\caviar-web-magento2\generated\code\Magento\Framework\View\Layout\Interceptor.php(149): Magento\Framework\View\Layout->renderNonCachedElement('content')
#22 C:\xampp\htdocs\caviar-web-magento2\vendor\magento\framework\View\Layout.php(510): Magento\Framework\View\Layout\Interceptor->renderNonCachedElement('content')
#23 C:\xampp\htdocs\caviar-web-magento2\generated\code\Magento\Framework\View\Layout\Interceptor.php(140): Magento\Framework\View\Layout->renderElement('content', false)
#24 C:\xampp\htdocs\caviar-web-magento2\vendor\magento\framework\View\Layout.php(606): Magento\Framework\View\Layout\Interceptor->renderElement('content', false)
#25 C:\xampp\htdocs\caviar-web-magento2\vendor\magento\framework\View\Layout.php(557): Magento\Framework\View\Layout->_renderContainer('main', false)
#26 C:\xampp\htdocs\caviar-web-magento2\generated\code\Magento\Framework\View\Layout\Interceptor.php(149): Magento\Framework\View\Layout->renderNonCachedElement('main')
#27 C:\xampp\htdocs\caviar-web-magento2\vendor\magento\framework\View\Layout.php(510): Magento\Framework\View\Layout\Interceptor->renderNonCachedElement('main')
#28 C:\xampp\htdocs\caviar-web-magento2\generated\code\Magento\Framework\View\Layout\Interceptor.php(140): Magento\Framework\View\Layout->renderElement('main', false)
#29 C:\xampp\htdocs\caviar-web-magento2\vendor\magento\framework\View\Layout.php(606): Magento\Framework\View\Layout\Interceptor->renderElement('main', false)
#30 C:\xampp\htdocs\caviar-web-magento2\vendor\magento\framework\View\Layout.php(557): Magento\Framework\View\Layout->_renderContainer('columns', false)
#31 C:\xampp\htdocs\caviar-web-magento2\generated\code\Magento\Framework\View\Layout\Interceptor.php(149): Magento\Framework\View\Layout->renderNonCachedElement('columns')
#32 C:\xampp\htdocs\caviar-web-magento2\vendor\magento\framework\View\Layout.php(510): Magento\Framework\View\Layout\Interceptor->renderNonCachedElement('columns')
#33 C:\xampp\htdocs\caviar-web-magento2\generated\code\Magento\Framework\View\Layout\Interceptor.php(140): Magento\Framework\View\Layout->renderElement('columns', false)
#34 C:\xampp\htdocs\caviar-web-magento2\vendor\magento\framework\View\Layout.php(606): Magento\Framework\View\Layout\Interceptor->renderElement('columns', false)
#35 C:\xampp\htdocs\caviar-web-magento2\vendor\magento\framework\View\Layout.php(557): Magento\Framework\View\Layout->_renderContainer('main.content', false)
#36 C:\xampp\htdocs\caviar-web-magento2\generated\code\Magento\Framework\View\Layout\Interceptor.php(149): Magento\Framework\View\Layout->renderNonCachedElement('main.content')
#37 C:\xampp\htdocs\caviar-web-magento2\vendor\magento\framework\View\Layout.php(510): Magento\Framework\View\Layout\Interceptor->renderNonCachedElement('main.content')
#38 C:\xampp\htdocs\caviar-web-magento2\generated\code\Magento\Framework\View\Layout\Interceptor.php(140): Magento\Framework\View\Layout->renderElement('main.content', false)
#39 C:\xampp\htdocs\caviar-web-magento2\vendor\magento\framework\View\Layout.php(606): Magento\Framework\View\Layout\Interceptor->renderElement('main.content', false)
#40 C:\xampp\htdocs\caviar-web-magento2\vendor\magento\framework\View\Layout.php(557): Magento\Framework\View\Layout->_renderContainer('page.wrapper', false)
#41 C:\xampp\htdocs\caviar-web-magento2\generated\code\Magento\Framework\View\Layout\Interceptor.php(149): Magento\Framework\View\Layout->renderNonCachedElement('page.wrapper')
#42 C:\xampp\htdocs\caviar-web-magento2\vendor\magento\framework\View\Layout.php(510): Magento\Framework\View\Layout\Interceptor->renderNonCachedElement('page.wrapper')
#43 C:\xampp\htdocs\caviar-web-magento2\generated\code\Magento\Framework\View\Layout\Interceptor.php(140): Magento\Framework\View\Layout->renderElement('page.wrapper', false)
#44 C:\xampp\htdocs\caviar-web-magento2\vendor\magento\framework\View\Layout.php(606): Magento\Framework\View\Layout\Interceptor->renderElement('page.wrapper', false)
#45 C:\xampp\htdocs\caviar-web-magento2\vendor\magento\framework\View\Layout.php(557): Magento\Framework\View\Layout->_renderContainer('root', false)
#46 C:\xampp\htdocs\caviar-web-magento2\generated\code\Magento\Framework\View\Layout\Interceptor.php(149): Magento\Framework\View\Layout->renderNonCachedElement('root')
#47 C:\xampp\htdocs\caviar-web-magento2\vendor\magento\framework\View\Layout.php(510): Magento\Framework\View\Layout\Interceptor->renderNonCachedElement('root')
#48 C:\xampp\htdocs\caviar-web-magento2\generated\code\Magento\Framework\View\Layout\Interceptor.php(140): Magento\Framework\View\Layout->renderElement('root', true)
#49 C:\xampp\htdocs\caviar-web-magento2\vendor\magento\framework\View\Layout.php(975): Magento\Framework\View\Layout\Interceptor->renderElement('root')
#50 C:\xampp\htdocs\caviar-web-magento2\vendor\magento\framework\Interception\Interceptor.php(58): Magento\Framework\View\Layout->getOutput()
#51 C:\xampp\htdocs\caviar-web-magento2\vendor\magento\framework\Interception\Interceptor.php(138): Magento\Framework\View\Layout\Interceptor->___callParent('getOutput', Array)
#52 C:\xampp\htdocs\caviar-web-magento2\vendor\magento\framework\Interception\Interceptor.php(153): Magento\Framework\View\Layout\Interceptor->Magento\Framework\Interception\{closure}()
#53 C:\xampp\htdocs\caviar-web-magento2\generated\code\Magento\Framework\View\Layout\Interceptor.php(347): Magento\Framework\View\Layout\Interceptor->___callPlugins('getOutput', Array, Array)
#54 C:\xampp\htdocs\caviar-web-magento2\vendor\magento\framework\View\Result\Page.php(260): Magento\Framework\View\Layout\Interceptor->getOutput()
#55 C:\xampp\htdocs\caviar-web-magento2\vendor\magento\framework\View\Result\Layout.php(171): Magento\Framework\View\Result\Page->render(Object(Magento\Framework\App\Response\Http\Interceptor))
#56 C:\xampp\htdocs\caviar-web-magento2\vendor\magento\framework\Interception\Interceptor.php(58): Magento\Framework\View\Result\Layout->renderResult(Object(Magento\Framework\App\Response\Http\Interceptor))
#57 C:\xampp\htdocs\caviar-web-magento2\vendor\magento\framework\Interception\Interceptor.php(138): Magento\Framework\View\Result\Page\Interceptor->___callParent('renderResult', Array)
#58 C:\xampp\htdocs\caviar-web-magento2\vendor\magento\framework\Interception\Interceptor.php(153): Magento\Framework\View\Result\Page\Interceptor->Magento\Framework\Interception\{closure}(Object(Magento\Framework\App\Response\Http\Interceptor))
#59 C:\xampp\htdocs\caviar-web-magento2\generated\code\Magento\Framework\View\Result\Page\Interceptor.php(95): Magento\Framework\View\Result\Page\Interceptor->___callPlugins('renderResult', Array, Array)
#60 C:\xampp\htdocs\caviar-web-magento2\vendor\magento\framework\App\Http.php(120): Magento\Framework\View\Result\Page\Interceptor->renderResult(Object(Magento\Framework\App\Response\Http\Interceptor))
#61 C:\xampp\htdocs\caviar-web-magento2\generated\code\Magento\Framework\App\Http\Interceptor.php(23): Magento\Framework\App\Http->launch()
#62 C:\xampp\htdocs\caviar-web-magento2\vendor\magento\framework\App\Bootstrap.php(264): Magento\Framework\App\Http\Interceptor->launch()
#63 C:\xampp\htdocs\caviar-web-magento2\pub\index.php(30): Magento\Framework\App\Bootstrap->run(Object(Magento\Framework\App\Http\Interceptor))
#64 {main} {"exception":"[object] (Exception(code: 0): Warning: Undefined array key \"directiveName\" in C:\\xampp\\htdocs\\caviar-web-magento2\\vendor\\magento\\framework\\Filter\\DirectiveProcessor\\SimpleDirective.php on line 68 at C:\\xampp\\htdocs\\caviar-web-magento2\\vendor\\magento\\framework\\App\\ErrorHandler.php:62)"} []
[2025-10-01T09:43:47.460378+00:00] main.CRITICAL: Exception: Warning: Undefined array key "directiveName" in C:\xampp\htdocs\caviar-web-magento2\vendor\magento\framework\Filter\DirectiveProcessor\SimpleDirective.php on line 68 in C:\xampp\htdocs\caviar-web-magento2\vendor\magento\framework\App\ErrorHandler.php:62
Stack trace:
#0 C:\xampp\htdocs\caviar-web-magento2\vendor\magento\framework\Filter\DirectiveProcessor\SimpleDirective.php(68): Magento\Framework\App\ErrorHandler->handler(2, 'Undefined array...', 'C:\\xampp\\htdocs...', 68)
#1 C:\xampp\htdocs\caviar-web-magento2\vendor\magento\framework\Filter\DirectiveProcessor\LegacyDirective.php(47): Magento\Framework\Filter\DirectiveProcessor\SimpleDirective->process(Array, Object(Magento\Widget\Model\Template\Filter\Interceptor), Array)
#2 C:\xampp\htdocs\caviar-web-magento2\vendor\magento\framework\Filter\Template.php(272): Magento\Framework\Filter\DirectiveProcessor\LegacyDirective->process(Array, Object(Magento\Widget\Model\Template\Filter\Interceptor), Array)
#3 C:\xampp\htdocs\caviar-web-magento2\vendor\magento\framework\Filter\Template.php(206): Magento\Framework\Filter\Template->processDirectives('        <div da...')
#4 C:\xampp\htdocs\caviar-web-magento2\vendor\magento\module-email\Model\Template\Filter.php(1127): Magento\Framework\Filter\Template->filter('        <div da...')
#5 C:\xampp\htdocs\caviar-web-magento2\vendor\magento\framework\Interception\Interceptor.php(58): Magento\Email\Model\Template\Filter->filter('        <div da...')
#6 C:\xampp\htdocs\caviar-web-magento2\vendor\magento\framework\Interception\Interceptor.php(138): Magento\Widget\Model\Template\Filter\Interceptor->___callParent('filter', Array)
#7 C:\xampp\htdocs\caviar-web-magento2\vendor\magento\framework\Interception\Interceptor.php(153): Magento\Widget\Model\Template\Filter\Interceptor->Magento\Framework\Interception\{closure}('        <div da...')
#8 C:\xampp\htdocs\caviar-web-magento2\generated\code\Magento\Widget\Model\Template\Filter\Interceptor.php(284): Magento\Widget\Model\Template\Filter\Interceptor->___callPlugins('filter', Array, Array)
#9 C:\xampp\htdocs\caviar-web-magento2\vendor\goomento\module-page-builder\Block\Content.php(272): Magento\Widget\Model\Template\Filter\Interceptor->filter('        <div da...')
#10 C:\xampp\htdocs\caviar-web-magento2\vendor\magento\framework\View\Element\AbstractBlock.php(1128): Goomento\PageBuilder\Block\Content->_toHtml()
#11 C:\xampp\htdocs\caviar-web-magento2\vendor\magento\framework\View\Element\AbstractBlock.php(1132): Magento\Framework\View\Element\AbstractBlock->Magento\Framework\View\Element\{closure}()
#12 C:\xampp\htdocs\caviar-web-magento2\vendor\magento\framework\View\Element\AbstractBlock.php(676): Magento\Framework\View\Element\AbstractBlock->_loadCache()
#13 C:\xampp\htdocs\caviar-web-magento2\vendor\goomento\module-page-builder\Block\Content.php(295): Magento\Framework\View\Element\AbstractBlock->toHtml()
#14 C:\xampp\htdocs\caviar-web-magento2\vendor\magento\framework\View\Layout.php(578): Goomento\PageBuilder\Block\Content->toHtml()
#15 C:\xampp\htdocs\caviar-web-magento2\vendor\magento\framework\View\Layout.php(555): Magento\Framework\View\Layout->_renderBlock('pagebuilder.con...')
#16 C:\xampp\htdocs\caviar-web-magento2\generated\code\Magento\Framework\View\Layout\Interceptor.php(149): Magento\Framework\View\Layout->renderNonCachedElement('pagebuilder.con...')
#17 C:\xampp\htdocs\caviar-web-magento2\vendor\magento\framework\View\Layout.php(510): Magento\Framework\View\Layout\Interceptor->renderNonCachedElement('pagebuilder.con...')
#18 C:\xampp\htdocs\caviar-web-magento2\generated\code\Magento\Framework\View\Layout\Interceptor.php(140): Magento\Framework\View\Layout->renderElement('pagebuilder.con...', false)
#19 C:\xampp\htdocs\caviar-web-magento2\vendor\magento\framework\View\Layout.php(606): Magento\Framework\View\Layout\Interceptor->renderElement('pagebuilder.con...', false)
#20 C:\xampp\htdocs\caviar-web-magento2\vendor\magento\framework\View\Layout.php(557): Magento\Framework\View\Layout->_renderContainer('content', false)
#21 C:\xampp\htdocs\caviar-web-magento2\generated\code\Magento\Framework\View\Layout\Interceptor.php(149): Magento\Framework\View\Layout->renderNonCachedElement('content')
#22 C:\xampp\htdocs\caviar-web-magento2\vendor\magento\framework\View\Layout.php(510): Magento\Framework\View\Layout\Interceptor->renderNonCachedElement('content')
#23 C:\xampp\htdocs\caviar-web-magento2\generated\code\Magento\Framework\View\Layout\Interceptor.php(140): Magento\Framework\View\Layout->renderElement('content', false)
#24 C:\xampp\htdocs\caviar-web-magento2\vendor\magento\framework\View\Layout.php(606): Magento\Framework\View\Layout\Interceptor->renderElement('content', false)
#25 C:\xampp\htdocs\caviar-web-magento2\vendor\magento\framework\View\Layout.php(557): Magento\Framework\View\Layout->_renderContainer('main', false)
#26 C:\xampp\htdocs\caviar-web-magento2\generated\code\Magento\Framework\View\Layout\Interceptor.php(149): Magento\Framework\View\Layout->renderNonCachedElement('main')
#27 C:\xampp\htdocs\caviar-web-magento2\vendor\magento\framework\View\Layout.php(510): Magento\Framework\View\Layout\Interceptor->renderNonCachedElement('main')
#28 C:\xampp\htdocs\caviar-web-magento2\generated\code\Magento\Framework\View\Layout\Interceptor.php(140): Magento\Framework\View\Layout->renderElement('main', false)
#29 C:\xampp\htdocs\caviar-web-magento2\vendor\magento\framework\View\Layout.php(606): Magento\Framework\View\Layout\Interceptor->renderElement('main', false)
#30 C:\xampp\htdocs\caviar-web-magento2\vendor\magento\framework\View\Layout.php(557): Magento\Framework\View\Layout->_renderContainer('columns', false)
#31 C:\xampp\htdocs\caviar-web-magento2\generated\code\Magento\Framework\View\Layout\Interceptor.php(149): Magento\Framework\View\Layout->renderNonCachedElement('columns')
#32 C:\xampp\htdocs\caviar-web-magento2\vendor\magento\framework\View\Layout.php(510): Magento\Framework\View\Layout\Interceptor->renderNonCachedElement('columns')
#33 C:\xampp\htdocs\caviar-web-magento2\generated\code\Magento\Framework\View\Layout\Interceptor.php(140): Magento\Framework\View\Layout->renderElement('columns', false)
#34 C:\xampp\htdocs\caviar-web-magento2\vendor\magento\framework\View\Layout.php(606): Magento\Framework\View\Layout\Interceptor->renderElement('columns', false)
#35 C:\xampp\htdocs\caviar-web-magento2\vendor\magento\framework\View\Layout.php(557): Magento\Framework\View\Layout->_renderContainer('main.content', false)
#36 C:\xampp\htdocs\caviar-web-magento2\generated\code\Magento\Framework\View\Layout\Interceptor.php(149): Magento\Framework\View\Layout->renderNonCachedElement('main.content')
#37 C:\xampp\htdocs\caviar-web-magento2\vendor\magento\framework\View\Layout.php(510): Magento\Framework\View\Layout\Interceptor->renderNonCachedElement('main.content')
#38 C:\xampp\htdocs\caviar-web-magento2\generated\code\Magento\Framework\View\Layout\Interceptor.php(140): Magento\Framework\View\Layout->renderElement('main.content', false)
#39 C:\xampp\htdocs\caviar-web-magento2\vendor\magento\framework\View\Layout.php(606): Magento\Framework\View\Layout\Interceptor->renderElement('main.content', false)
#40 C:\xampp\htdocs\caviar-web-magento2\vendor\magento\framework\View\Layout.php(557): Magento\Framework\View\Layout->_renderContainer('page.wrapper', false)
#41 C:\xampp\htdocs\caviar-web-magento2\generated\code\Magento\Framework\View\Layout\Interceptor.php(149): Magento\Framework\View\Layout->renderNonCachedElement('page.wrapper')
#42 C:\xampp\htdocs\caviar-web-magento2\vendor\magento\framework\View\Layout.php(510): Magento\Framework\View\Layout\Interceptor->renderNonCachedElement('page.wrapper')
#43 C:\xampp\htdocs\caviar-web-magento2\generated\code\Magento\Framework\View\Layout\Interceptor.php(140): Magento\Framework\View\Layout->renderElement('page.wrapper', false)
#44 C:\xampp\htdocs\caviar-web-magento2\vendor\magento\framework\View\Layout.php(606): Magento\Framework\View\Layout\Interceptor->renderElement('page.wrapper', false)
#45 C:\xampp\htdocs\caviar-web-magento2\vendor\magento\framework\View\Layout.php(557): Magento\Framework\View\Layout->_renderContainer('root', false)
#46 C:\xampp\htdocs\caviar-web-magento2\generated\code\Magento\Framework\View\Layout\Interceptor.php(149): Magento\Framework\View\Layout->renderNonCachedElement('root')
#47 C:\xampp\htdocs\caviar-web-magento2\vendor\magento\framework\View\Layout.php(510): Magento\Framework\View\Layout\Interceptor->renderNonCachedElement('root')
#48 C:\xampp\htdocs\caviar-web-magento2\generated\code\Magento\Framework\View\Layout\Interceptor.php(140): Magento\Framework\View\Layout->renderElement('root', true)
#49 C:\xampp\htdocs\caviar-web-magento2\vendor\magento\framework\View\Layout.php(975): Magento\Framework\View\Layout\Interceptor->renderElement('root')
#50 C:\xampp\htdocs\caviar-web-magento2\vendor\magento\framework\Interception\Interceptor.php(58): Magento\Framework\View\Layout->getOutput()
#51 C:\xampp\htdocs\caviar-web-magento2\vendor\magento\framework\Interception\Interceptor.php(138): Magento\Framework\View\Layout\Interceptor->___callParent('getOutput', Array)
#52 C:\xampp\htdocs\caviar-web-magento2\vendor\magento\framework\Interception\Interceptor.php(153): Magento\Framework\View\Layout\Interceptor->Magento\Framework\Interception\{closure}()
#53 C:\xampp\htdocs\caviar-web-magento2\generated\code\Magento\Framework\View\Layout\Interceptor.php(347): Magento\Framework\View\Layout\Interceptor->___callPlugins('getOutput', Array, Array)
#54 C:\xampp\htdocs\caviar-web-magento2\vendor\magento\framework\View\Result\Page.php(260): Magento\Framework\View\Layout\Interceptor->getOutput()
#55 C:\xampp\htdocs\caviar-web-magento2\vendor\magento\framework\View\Result\Layout.php(171): Magento\Framework\View\Result\Page->render(Object(Magento\Framework\App\Response\Http\Interceptor))
#56 C:\xampp\htdocs\caviar-web-magento2\vendor\magento\framework\Interception\Interceptor.php(58): Magento\Framework\View\Result\Layout->renderResult(Object(Magento\Framework\App\Response\Http\Interceptor))
#57 C:\xampp\htdocs\caviar-web-magento2\vendor\magento\framework\Interception\Interceptor.php(138): Magento\Framework\View\Result\Page\Interceptor->___callParent('renderResult', Array)
#58 C:\xampp\htdocs\caviar-web-magento2\vendor\magento\framework\Interception\Interceptor.php(153): Magento\Framework\View\Result\Page\Interceptor->Magento\Framework\Interception\{closure}(Object(Magento\Framework\App\Response\Http\Interceptor))
#59 C:\xampp\htdocs\caviar-web-magento2\generated\code\Magento\Framework\View\Result\Page\Interceptor.php(95): Magento\Framework\View\Result\Page\Interceptor->___callPlugins('renderResult', Array, Array)
#60 C:\xampp\htdocs\caviar-web-magento2\vendor\magento\framework\App\Http.php(120): Magento\Framework\View\Result\Page\Interceptor->renderResult(Object(Magento\Framework\App\Response\Http\Interceptor))
#61 C:\xampp\htdocs\caviar-web-magento2\generated\code\Magento\Framework\App\Http\Interceptor.php(23): Magento\Framework\App\Http->launch()
#62 C:\xampp\htdocs\caviar-web-magento2\vendor\magento\framework\App\Bootstrap.php(264): Magento\Framework\App\Http\Interceptor->launch()
#63 C:\xampp\htdocs\caviar-web-magento2\pub\index.php(30): Magento\Framework\App\Bootstrap->run(Object(Magento\Framework\App\Http\Interceptor))
#64 {main} {"exception":"[object] (Exception(code: 0): Warning: Undefined array key \"directiveName\" in C:\\xampp\\htdocs\\caviar-web-magento2\\vendor\\magento\\framework\\Filter\\DirectiveProcessor\\SimpleDirective.php on line 68 at C:\\xampp\\htdocs\\caviar-web-magento2\\vendor\\magento\\framework\\App\\ErrorHandler.php:62)"} []
[2025-10-01T09:51:03.281219+00:00] main.CRITICAL: Exception: Warning: Undefined array key "directiveName" in C:\xampp\htdocs\caviar-web-magento2\vendor\magento\framework\Filter\DirectiveProcessor\SimpleDirective.php on line 68 in C:\xampp\htdocs\caviar-web-magento2\vendor\magento\framework\App\ErrorHandler.php:62
Stack trace:
#0 C:\xampp\htdocs\caviar-web-magento2\vendor\magento\framework\Filter\DirectiveProcessor\SimpleDirective.php(68): Magento\Framework\App\ErrorHandler->handler(2, 'Undefined array...', 'C:\\xampp\\htdocs...', 68)
#1 C:\xampp\htdocs\caviar-web-magento2\vendor\magento\framework\Filter\DirectiveProcessor\LegacyDirective.php(47): Magento\Framework\Filter\DirectiveProcessor\SimpleDirective->process(Array, Object(Magento\Widget\Model\Template\Filter\Interceptor), Array)
#2 C:\xampp\htdocs\caviar-web-magento2\vendor\magento\framework\Filter\Template.php(272): Magento\Framework\Filter\DirectiveProcessor\LegacyDirective->process(Array, Object(Magento\Widget\Model\Template\Filter\Interceptor), Array)
#3 C:\xampp\htdocs\caviar-web-magento2\vendor\magento\framework\Filter\Template.php(206): Magento\Framework\Filter\Template->processDirectives('        <div da...')
#4 C:\xampp\htdocs\caviar-web-magento2\vendor\magento\module-email\Model\Template\Filter.php(1127): Magento\Framework\Filter\Template->filter('        <div da...')
#5 C:\xampp\htdocs\caviar-web-magento2\vendor\magento\framework\Interception\Interceptor.php(58): Magento\Email\Model\Template\Filter->filter('        <div da...')
#6 C:\xampp\htdocs\caviar-web-magento2\vendor\magento\framework\Interception\Interceptor.php(138): Magento\Widget\Model\Template\Filter\Interceptor->___callParent('filter', Array)
#7 C:\xampp\htdocs\caviar-web-magento2\vendor\magento\framework\Interception\Interceptor.php(153): Magento\Widget\Model\Template\Filter\Interceptor->Magento\Framework\Interception\{closure}('        <div da...')
#8 C:\xampp\htdocs\caviar-web-magento2\generated\code\Magento\Widget\Model\Template\Filter\Interceptor.php(284): Magento\Widget\Model\Template\Filter\Interceptor->___callPlugins('filter', Array, Array)
#9 C:\xampp\htdocs\caviar-web-magento2\vendor\goomento\module-page-builder\Block\Content.php(272): Magento\Widget\Model\Template\Filter\Interceptor->filter('        <div da...')
#10 C:\xampp\htdocs\caviar-web-magento2\vendor\magento\framework\View\Element\AbstractBlock.php(1128): Goomento\PageBuilder\Block\Content->_toHtml()
#11 C:\xampp\htdocs\caviar-web-magento2\vendor\magento\framework\View\Element\AbstractBlock.php(1132): Magento\Framework\View\Element\AbstractBlock->Magento\Framework\View\Element\{closure}()
#12 C:\xampp\htdocs\caviar-web-magento2\vendor\magento\framework\View\Element\AbstractBlock.php(676): Magento\Framework\View\Element\AbstractBlock->_loadCache()
#13 C:\xampp\htdocs\caviar-web-magento2\vendor\goomento\module-page-builder\Block\Content.php(295): Magento\Framework\View\Element\AbstractBlock->toHtml()
#14 C:\xampp\htdocs\caviar-web-magento2\vendor\magento\framework\View\Layout.php(578): Goomento\PageBuilder\Block\Content->toHtml()
#15 C:\xampp\htdocs\caviar-web-magento2\vendor\magento\framework\View\Layout.php(555): Magento\Framework\View\Layout->_renderBlock('pagebuilder.con...')
#16 C:\xampp\htdocs\caviar-web-magento2\generated\code\Magento\Framework\View\Layout\Interceptor.php(149): Magento\Framework\View\Layout->renderNonCachedElement('pagebuilder.con...')
#17 C:\xampp\htdocs\caviar-web-magento2\vendor\magento\framework\View\Layout.php(510): Magento\Framework\View\Layout\Interceptor->renderNonCachedElement('pagebuilder.con...')
#18 C:\xampp\htdocs\caviar-web-magento2\generated\code\Magento\Framework\View\Layout\Interceptor.php(140): Magento\Framework\View\Layout->renderElement('pagebuilder.con...', false)
#19 C:\xampp\htdocs\caviar-web-magento2\vendor\magento\framework\View\Layout.php(606): Magento\Framework\View\Layout\Interceptor->renderElement('pagebuilder.con...', false)
#20 C:\xampp\htdocs\caviar-web-magento2\vendor\magento\framework\View\Layout.php(557): Magento\Framework\View\Layout->_renderContainer('content', false)
#21 C:\xampp\htdocs\caviar-web-magento2\generated\code\Magento\Framework\View\Layout\Interceptor.php(149): Magento\Framework\View\Layout->renderNonCachedElement('content')
#22 C:\xampp\htdocs\caviar-web-magento2\vendor\magento\framework\View\Layout.php(510): Magento\Framework\View\Layout\Interceptor->renderNonCachedElement('content')
#23 C:\xampp\htdocs\caviar-web-magento2\generated\code\Magento\Framework\View\Layout\Interceptor.php(140): Magento\Framework\View\Layout->renderElement('content', false)
#24 C:\xampp\htdocs\caviar-web-magento2\vendor\magento\framework\View\Layout.php(606): Magento\Framework\View\Layout\Interceptor->renderElement('content', false)
#25 C:\xampp\htdocs\caviar-web-magento2\vendor\magento\framework\View\Layout.php(557): Magento\Framework\View\Layout->_renderContainer('main', false)
#26 C:\xampp\htdocs\caviar-web-magento2\generated\code\Magento\Framework\View\Layout\Interceptor.php(149): Magento\Framework\View\Layout->renderNonCachedElement('main')
#27 C:\xampp\htdocs\caviar-web-magento2\vendor\magento\framework\View\Layout.php(510): Magento\Framework\View\Layout\Interceptor->renderNonCachedElement('main')
#28 C:\xampp\htdocs\caviar-web-magento2\generated\code\Magento\Framework\View\Layout\Interceptor.php(140): Magento\Framework\View\Layout->renderElement('main', false)
#29 C:\xampp\htdocs\caviar-web-magento2\vendor\magento\framework\View\Layout.php(606): Magento\Framework\View\Layout\Interceptor->renderElement('main', false)
#30 C:\xampp\htdocs\caviar-web-magento2\vendor\magento\framework\View\Layout.php(557): Magento\Framework\View\Layout->_renderContainer('columns', false)
#31 C:\xampp\htdocs\caviar-web-magento2\generated\code\Magento\Framework\View\Layout\Interceptor.php(149): Magento\Framework\View\Layout->renderNonCachedElement('columns')
#32 C:\xampp\htdocs\caviar-web-magento2\vendor\magento\framework\View\Layout.php(510): Magento\Framework\View\Layout\Interceptor->renderNonCachedElement('columns')
#33 C:\xampp\htdocs\caviar-web-magento2\generated\code\Magento\Framework\View\Layout\Interceptor.php(140): Magento\Framework\View\Layout->renderElement('columns', false)
#34 C:\xampp\htdocs\caviar-web-magento2\vendor\magento\framework\View\Layout.php(606): Magento\Framework\View\Layout\Interceptor->renderElement('columns', false)
#35 C:\xampp\htdocs\caviar-web-magento2\vendor\magento\framework\View\Layout.php(557): Magento\Framework\View\Layout->_renderContainer('main.content', false)
#36 C:\xampp\htdocs\caviar-web-magento2\generated\code\Magento\Framework\View\Layout\Interceptor.php(149): Magento\Framework\View\Layout->renderNonCachedElement('main.content')
#37 C:\xampp\htdocs\caviar-web-magento2\vendor\magento\framework\View\Layout.php(510): Magento\Framework\View\Layout\Interceptor->renderNonCachedElement('main.content')
#38 C:\xampp\htdocs\caviar-web-magento2\generated\code\Magento\Framework\View\Layout\Interceptor.php(140): Magento\Framework\View\Layout->renderElement('main.content', false)
#39 C:\xampp\htdocs\caviar-web-magento2\vendor\magento\framework\View\Layout.php(606): Magento\Framework\View\Layout\Interceptor->renderElement('main.content', false)
#40 C:\xampp\htdocs\caviar-web-magento2\vendor\magento\framework\View\Layout.php(557): Magento\Framework\View\Layout->_renderContainer('page.wrapper', false)
#41 C:\xampp\htdocs\caviar-web-magento2\generated\code\Magento\Framework\View\Layout\Interceptor.php(149): Magento\Framework\View\Layout->renderNonCachedElement('page.wrapper')
#42 C:\xampp\htdocs\caviar-web-magento2\vendor\magento\framework\View\Layout.php(510): Magento\Framework\View\Layout\Interceptor->renderNonCachedElement('page.wrapper')
#43 C:\xampp\htdocs\caviar-web-magento2\generated\code\Magento\Framework\View\Layout\Interceptor.php(140): Magento\Framework\View\Layout->renderElement('page.wrapper', false)
#44 C:\xampp\htdocs\caviar-web-magento2\vendor\magento\framework\View\Layout.php(606): Magento\Framework\View\Layout\Interceptor->renderElement('page.wrapper', false)
#45 C:\xampp\htdocs\caviar-web-magento2\vendor\magento\framework\View\Layout.php(557): Magento\Framework\View\Layout->_renderContainer('root', false)
#46 C:\xampp\htdocs\caviar-web-magento2\generated\code\Magento\Framework\View\Layout\Interceptor.php(149): Magento\Framework\View\Layout->renderNonCachedElement('root')
#47 C:\xampp\htdocs\caviar-web-magento2\vendor\magento\framework\View\Layout.php(510): Magento\Framework\View\Layout\Interceptor->renderNonCachedElement('root')
#48 C:\xampp\htdocs\caviar-web-magento2\generated\code\Magento\Framework\View\Layout\Interceptor.php(140): Magento\Framework\View\Layout->renderElement('root', true)
#49 C:\xampp\htdocs\caviar-web-magento2\vendor\magento\framework\View\Layout.php(975): Magento\Framework\View\Layout\Interceptor->renderElement('root')
#50 C:\xampp\htdocs\caviar-web-magento2\vendor\magento\framework\Interception\Interceptor.php(58): Magento\Framework\View\Layout->getOutput()
#51 C:\xampp\htdocs\caviar-web-magento2\vendor\magento\framework\Interception\Interceptor.php(138): Magento\Framework\View\Layout\Interceptor->___callParent('getOutput', Array)
#52 C:\xampp\htdocs\caviar-web-magento2\vendor\magento\framework\Interception\Interceptor.php(153): Magento\Framework\View\Layout\Interceptor->Magento\Framework\Interception\{closure}()
#53 C:\xampp\htdocs\caviar-web-magento2\generated\code\Magento\Framework\View\Layout\Interceptor.php(347): Magento\Framework\View\Layout\Interceptor->___callPlugins('getOutput', Array, Array)
#54 C:\xampp\htdocs\caviar-web-magento2\vendor\magento\framework\View\Result\Page.php(260): Magento\Framework\View\Layout\Interceptor->getOutput()
#55 C:\xampp\htdocs\caviar-web-magento2\vendor\magento\framework\View\Result\Layout.php(171): Magento\Framework\View\Result\Page->render(Object(Magento\Framework\App\Response\Http\Interceptor))
#56 C:\xampp\htdocs\caviar-web-magento2\vendor\magento\framework\Interception\Interceptor.php(58): Magento\Framework\View\Result\Layout->renderResult(Object(Magento\Framework\App\Response\Http\Interceptor))
#57 C:\xampp\htdocs\caviar-web-magento2\vendor\magento\framework\Interception\Interceptor.php(138): Magento\Framework\View\Result\Page\Interceptor->___callParent('renderResult', Array)
#58 C:\xampp\htdocs\caviar-web-magento2\vendor\magento\framework\Interception\Interceptor.php(153): Magento\Framework\View\Result\Page\Interceptor->Magento\Framework\Interception\{closure}(Object(Magento\Framework\App\Response\Http\Interceptor))
#59 C:\xampp\htdocs\caviar-web-magento2\generated\code\Magento\Framework\View\Result\Page\Interceptor.php(95): Magento\Framework\View\Result\Page\Interceptor->___callPlugins('renderResult', Array, Array)
#60 C:\xampp\htdocs\caviar-web-magento2\vendor\magento\framework\App\Http.php(120): Magento\Framework\View\Result\Page\Interceptor->renderResult(Object(Magento\Framework\App\Response\Http\Interceptor))
#61 C:\xampp\htdocs\caviar-web-magento2\generated\code\Magento\Framework\App\Http\Interceptor.php(23): Magento\Framework\App\Http->launch()
#62 C:\xampp\htdocs\caviar-web-magento2\vendor\magento\framework\App\Bootstrap.php(264): Magento\Framework\App\Http\Interceptor->launch()
#63 C:\xampp\htdocs\caviar-web-magento2\pub\index.php(30): Magento\Framework\App\Bootstrap->run(Object(Magento\Framework\App\Http\Interceptor))
#64 {main} {"exception":"[object] (Exception(code: 0): Warning: Undefined array key \"directiveName\" in C:\\xampp\\htdocs\\caviar-web-magento2\\vendor\\magento\\framework\\Filter\\DirectiveProcessor\\SimpleDirective.php on line 68 at C:\\xampp\\htdocs\\caviar-web-magento2\\vendor\\magento\\framework\\App\\ErrorHandler.php:62)"} []
[2025-10-01T09:51:06.326841+00:00] main.CRITICAL: Exception: Warning: Undefined array key "directiveName" in C:\xampp\htdocs\caviar-web-magento2\vendor\magento\framework\Filter\DirectiveProcessor\SimpleDirective.php on line 68 in C:\xampp\htdocs\caviar-web-magento2\vendor\magento\framework\App\ErrorHandler.php:62
Stack trace:
#0 C:\xampp\htdocs\caviar-web-magento2\vendor\magento\framework\Filter\DirectiveProcessor\SimpleDirective.php(68): Magento\Framework\App\ErrorHandler->handler(2, 'Undefined array...', 'C:\\xampp\\htdocs...', 68)
#1 C:\xampp\htdocs\caviar-web-magento2\vendor\magento\framework\Filter\DirectiveProcessor\LegacyDirective.php(47): Magento\Framework\Filter\DirectiveProcessor\SimpleDirective->process(Array, Object(Magento\Widget\Model\Template\Filter\Interceptor), Array)
#2 C:\xampp\htdocs\caviar-web-magento2\vendor\magento\framework\Filter\Template.php(272): Magento\Framework\Filter\DirectiveProcessor\LegacyDirective->process(Array, Object(Magento\Widget\Model\Template\Filter\Interceptor), Array)
#3 C:\xampp\htdocs\caviar-web-magento2\vendor\magento\framework\Filter\Template.php(206): Magento\Framework\Filter\Template->processDirectives('        <div da...')
#4 C:\xampp\htdocs\caviar-web-magento2\vendor\magento\module-email\Model\Template\Filter.php(1127): Magento\Framework\Filter\Template->filter('        <div da...')
#5 C:\xampp\htdocs\caviar-web-magento2\vendor\magento\framework\Interception\Interceptor.php(58): Magento\Email\Model\Template\Filter->filter('        <div da...')
#6 C:\xampp\htdocs\caviar-web-magento2\vendor\magento\framework\Interception\Interceptor.php(138): Magento\Widget\Model\Template\Filter\Interceptor->___callParent('filter', Array)
#7 C:\xampp\htdocs\caviar-web-magento2\vendor\magento\framework\Interception\Interceptor.php(153): Magento\Widget\Model\Template\Filter\Interceptor->Magento\Framework\Interception\{closure}('        <div da...')
#8 C:\xampp\htdocs\caviar-web-magento2\generated\code\Magento\Widget\Model\Template\Filter\Interceptor.php(284): Magento\Widget\Model\Template\Filter\Interceptor->___callPlugins('filter', Array, Array)
#9 C:\xampp\htdocs\caviar-web-magento2\vendor\goomento\module-page-builder\Block\Content.php(272): Magento\Widget\Model\Template\Filter\Interceptor->filter('        <div da...')
#10 C:\xampp\htdocs\caviar-web-magento2\vendor\magento\framework\View\Element\AbstractBlock.php(1128): Goomento\PageBuilder\Block\Content->_toHtml()
#11 C:\xampp\htdocs\caviar-web-magento2\vendor\magento\framework\View\Element\AbstractBlock.php(1132): Magento\Framework\View\Element\AbstractBlock->Magento\Framework\View\Element\{closure}()
#12 C:\xampp\htdocs\caviar-web-magento2\vendor\magento\framework\View\Element\AbstractBlock.php(676): Magento\Framework\View\Element\AbstractBlock->_loadCache()
#13 C:\xampp\htdocs\caviar-web-magento2\vendor\goomento\module-page-builder\Block\Content.php(295): Magento\Framework\View\Element\AbstractBlock->toHtml()
#14 C:\xampp\htdocs\caviar-web-magento2\vendor\magento\framework\View\Layout.php(578): Goomento\PageBuilder\Block\Content->toHtml()
#15 C:\xampp\htdocs\caviar-web-magento2\vendor\magento\framework\View\Layout.php(555): Magento\Framework\View\Layout->_renderBlock('pagebuilder.con...')
#16 C:\xampp\htdocs\caviar-web-magento2\generated\code\Magento\Framework\View\Layout\Interceptor.php(149): Magento\Framework\View\Layout->renderNonCachedElement('pagebuilder.con...')
#17 C:\xampp\htdocs\caviar-web-magento2\vendor\magento\framework\View\Layout.php(510): Magento\Framework\View\Layout\Interceptor->renderNonCachedElement('pagebuilder.con...')
#18 C:\xampp\htdocs\caviar-web-magento2\generated\code\Magento\Framework\View\Layout\Interceptor.php(140): Magento\Framework\View\Layout->renderElement('pagebuilder.con...', false)
#19 C:\xampp\htdocs\caviar-web-magento2\vendor\magento\framework\View\Layout.php(606): Magento\Framework\View\Layout\Interceptor->renderElement('pagebuilder.con...', false)
#20 C:\xampp\htdocs\caviar-web-magento2\vendor\magento\framework\View\Layout.php(557): Magento\Framework\View\Layout->_renderContainer('content', false)
#21 C:\xampp\htdocs\caviar-web-magento2\generated\code\Magento\Framework\View\Layout\Interceptor.php(149): Magento\Framework\View\Layout->renderNonCachedElement('content')
#22 C:\xampp\htdocs\caviar-web-magento2\vendor\magento\framework\View\Layout.php(510): Magento\Framework\View\Layout\Interceptor->renderNonCachedElement('content')
#23 C:\xampp\htdocs\caviar-web-magento2\generated\code\Magento\Framework\View\Layout\Interceptor.php(140): Magento\Framework\View\Layout->renderElement('content', false)
#24 C:\xampp\htdocs\caviar-web-magento2\vendor\magento\framework\View\Layout.php(606): Magento\Framework\View\Layout\Interceptor->renderElement('content', false)
#25 C:\xampp\htdocs\caviar-web-magento2\vendor\magento\framework\View\Layout.php(557): Magento\Framework\View\Layout->_renderContainer('main', false)
#26 C:\xampp\htdocs\caviar-web-magento2\generated\code\Magento\Framework\View\Layout\Interceptor.php(149): Magento\Framework\View\Layout->renderNonCachedElement('main')
#27 C:\xampp\htdocs\caviar-web-magento2\vendor\magento\framework\View\Layout.php(510): Magento\Framework\View\Layout\Interceptor->renderNonCachedElement('main')
#28 C:\xampp\htdocs\caviar-web-magento2\generated\code\Magento\Framework\View\Layout\Interceptor.php(140): Magento\Framework\View\Layout->renderElement('main', false)
#29 C:\xampp\htdocs\caviar-web-magento2\vendor\magento\framework\View\Layout.php(606): Magento\Framework\View\Layout\Interceptor->renderElement('main', false)
#30 C:\xampp\htdocs\caviar-web-magento2\vendor\magento\framework\View\Layout.php(557): Magento\Framework\View\Layout->_renderContainer('columns', false)
#31 C:\xampp\htdocs\caviar-web-magento2\generated\code\Magento\Framework\View\Layout\Interceptor.php(149): Magento\Framework\View\Layout->renderNonCachedElement('columns')
#32 C:\xampp\htdocs\caviar-web-magento2\vendor\magento\framework\View\Layout.php(510): Magento\Framework\View\Layout\Interceptor->renderNonCachedElement('columns')
#33 C:\xampp\htdocs\caviar-web-magento2\generated\code\Magento\Framework\View\Layout\Interceptor.php(140): Magento\Framework\View\Layout->renderElement('columns', false)
#34 C:\xampp\htdocs\caviar-web-magento2\vendor\magento\framework\View\Layout.php(606): Magento\Framework\View\Layout\Interceptor->renderElement('columns', false)
#35 C:\xampp\htdocs\caviar-web-magento2\vendor\magento\framework\View\Layout.php(557): Magento\Framework\View\Layout->_renderContainer('main.content', false)
#36 C:\xampp\htdocs\caviar-web-magento2\generated\code\Magento\Framework\View\Layout\Interceptor.php(149): Magento\Framework\View\Layout->renderNonCachedElement('main.content')
#37 C:\xampp\htdocs\caviar-web-magento2\vendor\magento\framework\View\Layout.php(510): Magento\Framework\View\Layout\Interceptor->renderNonCachedElement('main.content')
#38 C:\xampp\htdocs\caviar-web-magento2\generated\code\Magento\Framework\View\Layout\Interceptor.php(140): Magento\Framework\View\Layout->renderElement('main.content', false)
#39 C:\xampp\htdocs\caviar-web-magento2\vendor\magento\framework\View\Layout.php(606): Magento\Framework\View\Layout\Interceptor->renderElement('main.content', false)
#40 C:\xampp\htdocs\caviar-web-magento2\vendor\magento\framework\View\Layout.php(557): Magento\Framework\View\Layout->_renderContainer('page.wrapper', false)
#41 C:\xampp\htdocs\caviar-web-magento2\generated\code\Magento\Framework\View\Layout\Interceptor.php(149): Magento\Framework\View\Layout->renderNonCachedElement('page.wrapper')
#42 C:\xampp\htdocs\caviar-web-magento2\vendor\magento\framework\View\Layout.php(510): Magento\Framework\View\Layout\Interceptor->renderNonCachedElement('page.wrapper')
#43 C:\xampp\htdocs\caviar-web-magento2\generated\code\Magento\Framework\View\Layout\Interceptor.php(140): Magento\Framework\View\Layout->renderElement('page.wrapper', false)
#44 C:\xampp\htdocs\caviar-web-magento2\vendor\magento\framework\View\Layout.php(606): Magento\Framework\View\Layout\Interceptor->renderElement('page.wrapper', false)
#45 C:\xampp\htdocs\caviar-web-magento2\vendor\magento\framework\View\Layout.php(557): Magento\Framework\View\Layout->_renderContainer('root', false)
#46 C:\xampp\htdocs\caviar-web-magento2\generated\code\Magento\Framework\View\Layout\Interceptor.php(149): Magento\Framework\View\Layout->renderNonCachedElement('root')
#47 C:\xampp\htdocs\caviar-web-magento2\vendor\magento\framework\View\Layout.php(510): Magento\Framework\View\Layout\Interceptor->renderNonCachedElement('root')
#48 C:\xampp\htdocs\caviar-web-magento2\generated\code\Magento\Framework\View\Layout\Interceptor.php(140): Magento\Framework\View\Layout->renderElement('root', true)
#49 C:\xampp\htdocs\caviar-web-magento2\vendor\magento\framework\View\Layout.php(975): Magento\Framework\View\Layout\Interceptor->renderElement('root')
#50 C:\xampp\htdocs\caviar-web-magento2\vendor\magento\framework\Interception\Interceptor.php(58): Magento\Framework\View\Layout->getOutput()
#51 C:\xampp\htdocs\caviar-web-magento2\vendor\magento\framework\Interception\Interceptor.php(138): Magento\Framework\View\Layout\Interceptor->___callParent('getOutput', Array)
#52 C:\xampp\htdocs\caviar-web-magento2\vendor\magento\framework\Interception\Interceptor.php(153): Magento\Framework\View\Layout\Interceptor->Magento\Framework\Interception\{closure}()
#53 C:\xampp\htdocs\caviar-web-magento2\generated\code\Magento\Framework\View\Layout\Interceptor.php(347): Magento\Framework\View\Layout\Interceptor->___callPlugins('getOutput', Array, Array)
#54 C:\xampp\htdocs\caviar-web-magento2\vendor\magento\framework\View\Result\Page.php(260): Magento\Framework\View\Layout\Interceptor->getOutput()
#55 C:\xampp\htdocs\caviar-web-magento2\vendor\magento\framework\View\Result\Layout.php(171): Magento\Framework\View\Result\Page->render(Object(Magento\Framework\App\Response\Http\Interceptor))
#56 C:\xampp\htdocs\caviar-web-magento2\vendor\magento\framework\Interception\Interceptor.php(58): Magento\Framework\View\Result\Layout->renderResult(Object(Magento\Framework\App\Response\Http\Interceptor))
#57 C:\xampp\htdocs\caviar-web-magento2\vendor\magento\framework\Interception\Interceptor.php(138): Magento\Framework\View\Result\Page\Interceptor->___callParent('renderResult', Array)
#58 C:\xampp\htdocs\caviar-web-magento2\vendor\magento\framework\Interception\Interceptor.php(153): Magento\Framework\View\Result\Page\Interceptor->Magento\Framework\Interception\{closure}(Object(Magento\Framework\App\Response\Http\Interceptor))
#59 C:\xampp\htdocs\caviar-web-magento2\generated\code\Magento\Framework\View\Result\Page\Interceptor.php(95): Magento\Framework\View\Result\Page\Interceptor->___callPlugins('renderResult', Array, Array)
#60 C:\xampp\htdocs\caviar-web-magento2\vendor\magento\framework\App\Http.php(120): Magento\Framework\View\Result\Page\Interceptor->renderResult(Object(Magento\Framework\App\Response\Http\Interceptor))
#61 C:\xampp\htdocs\caviar-web-magento2\generated\code\Magento\Framework\App\Http\Interceptor.php(23): Magento\Framework\App\Http->launch()
#62 C:\xampp\htdocs\caviar-web-magento2\vendor\magento\framework\App\Bootstrap.php(264): Magento\Framework\App\Http\Interceptor->launch()
#63 C:\xampp\htdocs\caviar-web-magento2\pub\index.php(30): Magento\Framework\App\Bootstrap->run(Object(Magento\Framework\App\Http\Interceptor))
#64 {main} {"exception":"[object] (Exception(code: 0): Warning: Undefined array key \"directiveName\" in C:\\xampp\\htdocs\\caviar-web-magento2\\vendor\\magento\\framework\\Filter\\DirectiveProcessor\\SimpleDirective.php on line 68 at C:\\xampp\\htdocs\\caviar-web-magento2\\vendor\\magento\\framework\\App\\ErrorHandler.php:62)"} []
[2025-10-01T11:12:58.186068+00:00] main.CRITICAL: Exception: Warning: Undefined array key "directiveName" in C:\xampp\htdocs\caviar-web-magento2\vendor\magento\framework\Filter\DirectiveProcessor\SimpleDirective.php on line 68 in C:\xampp\htdocs\caviar-web-magento2\vendor\magento\framework\App\ErrorHandler.php:62
Stack trace:
#0 C:\xampp\htdocs\caviar-web-magento2\vendor\magento\framework\Filter\DirectiveProcessor\SimpleDirective.php(68): Magento\Framework\App\ErrorHandler->handler(2, 'Undefined array...', 'C:\\xampp\\htdocs...', 68)
#1 C:\xampp\htdocs\caviar-web-magento2\vendor\magento\framework\Filter\DirectiveProcessor\LegacyDirective.php(47): Magento\Framework\Filter\DirectiveProcessor\SimpleDirective->process(Array, Object(Magento\Widget\Model\Template\Filter\Interceptor), Array)
#2 C:\xampp\htdocs\caviar-web-magento2\vendor\magento\framework\Filter\Template.php(272): Magento\Framework\Filter\DirectiveProcessor\LegacyDirective->process(Array, Object(Magento\Widget\Model\Template\Filter\Interceptor), Array)
#3 C:\xampp\htdocs\caviar-web-magento2\vendor\magento\framework\Filter\Template.php(206): Magento\Framework\Filter\Template->processDirectives('        <div da...')
#4 C:\xampp\htdocs\caviar-web-magento2\vendor\magento\module-email\Model\Template\Filter.php(1127): Magento\Framework\Filter\Template->filter('        <div da...')
#5 C:\xampp\htdocs\caviar-web-magento2\vendor\magento\framework\Interception\Interceptor.php(58): Magento\Email\Model\Template\Filter->filter('        <div da...')
#6 C:\xampp\htdocs\caviar-web-magento2\vendor\magento\framework\Interception\Interceptor.php(138): Magento\Widget\Model\Template\Filter\Interceptor->___callParent('filter', Array)
#7 C:\xampp\htdocs\caviar-web-magento2\vendor\magento\framework\Interception\Interceptor.php(153): Magento\Widget\Model\Template\Filter\Interceptor->Magento\Framework\Interception\{closure}('        <div da...')
#8 C:\xampp\htdocs\caviar-web-magento2\generated\code\Magento\Widget\Model\Template\Filter\Interceptor.php(284): Magento\Widget\Model\Template\Filter\Interceptor->___callPlugins('filter', Array, Array)
#9 C:\xampp\htdocs\caviar-web-magento2\vendor\goomento\module-page-builder\Block\Content.php(272): Magento\Widget\Model\Template\Filter\Interceptor->filter('        <div da...')
#10 C:\xampp\htdocs\caviar-web-magento2\vendor\magento\framework\View\Element\AbstractBlock.php(1128): Goomento\PageBuilder\Block\Content->_toHtml()
#11 C:\xampp\htdocs\caviar-web-magento2\vendor\magento\framework\View\Element\AbstractBlock.php(1132): Magento\Framework\View\Element\AbstractBlock->Magento\Framework\View\Element\{closure}()
#12 C:\xampp\htdocs\caviar-web-magento2\vendor\magento\framework\View\Element\AbstractBlock.php(676): Magento\Framework\View\Element\AbstractBlock->_loadCache()
#13 C:\xampp\htdocs\caviar-web-magento2\vendor\goomento\module-page-builder\Block\Content.php(295): Magento\Framework\View\Element\AbstractBlock->toHtml()
#14 C:\xampp\htdocs\caviar-web-magento2\vendor\magento\framework\View\Layout.php(578): Goomento\PageBuilder\Block\Content->toHtml()
#15 C:\xampp\htdocs\caviar-web-magento2\vendor\magento\framework\View\Layout.php(555): Magento\Framework\View\Layout->_renderBlock('pagebuilder.con...')
#16 C:\xampp\htdocs\caviar-web-magento2\generated\code\Magento\Framework\View\Layout\Interceptor.php(149): Magento\Framework\View\Layout->renderNonCachedElement('pagebuilder.con...')
#17 C:\xampp\htdocs\caviar-web-magento2\vendor\magento\framework\View\Layout.php(510): Magento\Framework\View\Layout\Interceptor->renderNonCachedElement('pagebuilder.con...')
#18 C:\xampp\htdocs\caviar-web-magento2\generated\code\Magento\Framework\View\Layout\Interceptor.php(140): Magento\Framework\View\Layout->renderElement('pagebuilder.con...', false)
#19 C:\xampp\htdocs\caviar-web-magento2\vendor\magento\framework\View\Layout.php(606): Magento\Framework\View\Layout\Interceptor->renderElement('pagebuilder.con...', false)
#20 C:\xampp\htdocs\caviar-web-magento2\vendor\magento\framework\View\Layout.php(557): Magento\Framework\View\Layout->_renderContainer('content', false)
#21 C:\xampp\htdocs\caviar-web-magento2\generated\code\Magento\Framework\View\Layout\Interceptor.php(149): Magento\Framework\View\Layout->renderNonCachedElement('content')
#22 C:\xampp\htdocs\caviar-web-magento2\vendor\magento\framework\View\Layout.php(510): Magento\Framework\View\Layout\Interceptor->renderNonCachedElement('content')
#23 C:\xampp\htdocs\caviar-web-magento2\generated\code\Magento\Framework\View\Layout\Interceptor.php(140): Magento\Framework\View\Layout->renderElement('content', false)
#24 C:\xampp\htdocs\caviar-web-magento2\vendor\magento\framework\View\Layout.php(606): Magento\Framework\View\Layout\Interceptor->renderElement('content', false)
#25 C:\xampp\htdocs\caviar-web-magento2\vendor\magento\framework\View\Layout.php(557): Magento\Framework\View\Layout->_renderContainer('main', false)
#26 C:\xampp\htdocs\caviar-web-magento2\generated\code\Magento\Framework\View\Layout\Interceptor.php(149): Magento\Framework\View\Layout->renderNonCachedElement('main')
#27 C:\xampp\htdocs\caviar-web-magento2\vendor\magento\framework\View\Layout.php(510): Magento\Framework\View\Layout\Interceptor->renderNonCachedElement('main')
#28 C:\xampp\htdocs\caviar-web-magento2\generated\code\Magento\Framework\View\Layout\Interceptor.php(140): Magento\Framework\View\Layout->renderElement('main', false)
#29 C:\xampp\htdocs\caviar-web-magento2\vendor\magento\framework\View\Layout.php(606): Magento\Framework\View\Layout\Interceptor->renderElement('main', false)
#30 C:\xampp\htdocs\caviar-web-magento2\vendor\magento\framework\View\Layout.php(557): Magento\Framework\View\Layout->_renderContainer('columns', false)
#31 C:\xampp\htdocs\caviar-web-magento2\generated\code\Magento\Framework\View\Layout\Interceptor.php(149): Magento\Framework\View\Layout->renderNonCachedElement('columns')
#32 C:\xampp\htdocs\caviar-web-magento2\vendor\magento\framework\View\Layout.php(510): Magento\Framework\View\Layout\Interceptor->renderNonCachedElement('columns')
#33 C:\xampp\htdocs\caviar-web-magento2\generated\code\Magento\Framework\View\Layout\Interceptor.php(140): Magento\Framework\View\Layout->renderElement('columns', false)
#34 C:\xampp\htdocs\caviar-web-magento2\vendor\magento\framework\View\Layout.php(606): Magento\Framework\View\Layout\Interceptor->renderElement('columns', false)
#35 C:\xampp\htdocs\caviar-web-magento2\vendor\magento\framework\View\Layout.php(557): Magento\Framework\View\Layout->_renderContainer('main.content', false)
#36 C:\xampp\htdocs\caviar-web-magento2\generated\code\Magento\Framework\View\Layout\Interceptor.php(149): Magento\Framework\View\Layout->renderNonCachedElement('main.content')
#37 C:\xampp\htdocs\caviar-web-magento2\vendor\magento\framework\View\Layout.php(510): Magento\Framework\View\Layout\Interceptor->renderNonCachedElement('main.content')
#38 C:\xampp\htdocs\caviar-web-magento2\generated\code\Magento\Framework\View\Layout\Interceptor.php(140): Magento\Framework\View\Layout->renderElement('main.content', false)
#39 C:\xampp\htdocs\caviar-web-magento2\vendor\magento\framework\View\Layout.php(606): Magento\Framework\View\Layout\Interceptor->renderElement('main.content', false)
#40 C:\xampp\htdocs\caviar-web-magento2\vendor\magento\framework\View\Layout.php(557): Magento\Framework\View\Layout->_renderContainer('page.wrapper', false)
#41 C:\xampp\htdocs\caviar-web-magento2\generated\code\Magento\Framework\View\Layout\Interceptor.php(149): Magento\Framework\View\Layout->renderNonCachedElement('page.wrapper')
#42 C:\xampp\htdocs\caviar-web-magento2\vendor\magento\framework\View\Layout.php(510): Magento\Framework\View\Layout\Interceptor->renderNonCachedElement('page.wrapper')
#43 C:\xampp\htdocs\caviar-web-magento2\generated\code\Magento\Framework\View\Layout\Interceptor.php(140): Magento\Framework\View\Layout->renderElement('page.wrapper', false)
#44 C:\xampp\htdocs\caviar-web-magento2\vendor\magento\framework\View\Layout.php(606): Magento\Framework\View\Layout\Interceptor->renderElement('page.wrapper', false)
#45 C:\xampp\htdocs\caviar-web-magento2\vendor\magento\framework\View\Layout.php(557): Magento\Framework\View\Layout->_renderContainer('root', false)
#46 C:\xampp\htdocs\caviar-web-magento2\generated\code\Magento\Framework\View\Layout\Interceptor.php(149): Magento\Framework\View\Layout->renderNonCachedElement('root')
#47 C:\xampp\htdocs\caviar-web-magento2\vendor\magento\framework\View\Layout.php(510): Magento\Framework\View\Layout\Interceptor->renderNonCachedElement('root')
#48 C:\xampp\htdocs\caviar-web-magento2\generated\code\Magento\Framework\View\Layout\Interceptor.php(140): Magento\Framework\View\Layout->renderElement('root', true)
#49 C:\xampp\htdocs\caviar-web-magento2\vendor\magento\framework\View\Layout.php(975): Magento\Framework\View\Layout\Interceptor->renderElement('root')
#50 C:\xampp\htdocs\caviar-web-magento2\vendor\magento\framework\Interception\Interceptor.php(58): Magento\Framework\View\Layout->getOutput()
#51 C:\xampp\htdocs\caviar-web-magento2\vendor\magento\framework\Interception\Interceptor.php(138): Magento\Framework\View\Layout\Interceptor->___callParent('getOutput', Array)
#52 C:\xampp\htdocs\caviar-web-magento2\vendor\magento\framework\Interception\Interceptor.php(153): Magento\Framework\View\Layout\Interceptor->Magento\Framework\Interception\{closure}()
#53 C:\xampp\htdocs\caviar-web-magento2\generated\code\Magento\Framework\View\Layout\Interceptor.php(347): Magento\Framework\View\Layout\Interceptor->___callPlugins('getOutput', Array, Array)
#54 C:\xampp\htdocs\caviar-web-magento2\vendor\magento\framework\View\Result\Page.php(260): Magento\Framework\View\Layout\Interceptor->getOutput()
#55 C:\xampp\htdocs\caviar-web-magento2\vendor\magento\framework\View\Result\Layout.php(171): Magento\Framework\View\Result\Page->render(Object(Magento\Framework\App\Response\Http\Interceptor))
#56 C:\xampp\htdocs\caviar-web-magento2\vendor\magento\framework\Interception\Interceptor.php(58): Magento\Framework\View\Result\Layout->renderResult(Object(Magento\Framework\App\Response\Http\Interceptor))
#57 C:\xampp\htdocs\caviar-web-magento2\vendor\magento\framework\Interception\Interceptor.php(138): Magento\Framework\View\Result\Page\Interceptor->___callParent('renderResult', Array)
#58 C:\xampp\htdocs\caviar-web-magento2\vendor\magento\framework\Interception\Interceptor.php(153): Magento\Framework\View\Result\Page\Interceptor->Magento\Framework\Interception\{closure}(Object(Magento\Framework\App\Response\Http\Interceptor))
#59 C:\xampp\htdocs\caviar-web-magento2\generated\code\Magento\Framework\View\Result\Page\Interceptor.php(95): Magento\Framework\View\Result\Page\Interceptor->___callPlugins('renderResult', Array, Array)
#60 C:\xampp\htdocs\caviar-web-magento2\vendor\magento\framework\App\Http.php(120): Magento\Framework\View\Result\Page\Interceptor->renderResult(Object(Magento\Framework\App\Response\Http\Interceptor))
#61 C:\xampp\htdocs\caviar-web-magento2\generated\code\Magento\Framework\App\Http\Interceptor.php(23): Magento\Framework\App\Http->launch()
#62 C:\xampp\htdocs\caviar-web-magento2\vendor\magento\framework\App\Bootstrap.php(264): Magento\Framework\App\Http\Interceptor->launch()
#63 C:\xampp\htdocs\caviar-web-magento2\pub\index.php(30): Magento\Framework\App\Bootstrap->run(Object(Magento\Framework\App\Http\Interceptor))
#64 {main} {"exception":"[object] (Exception(code: 0): Warning: Undefined array key \"directiveName\" in C:\\xampp\\htdocs\\caviar-web-magento2\\vendor\\magento\\framework\\Filter\\DirectiveProcessor\\SimpleDirective.php on line 68 at C:\\xampp\\htdocs\\caviar-web-magento2\\vendor\\magento\\framework\\App\\ErrorHandler.php:62)"} []
[2025-10-03T05:15:48.376755+00:00] main.CRITICAL: Exception: Warning: Undefined array key "directiveName" in C:\xampp\htdocs\caviar-web-magento2\vendor\magento\framework\Filter\DirectiveProcessor\SimpleDirective.php on line 68 in C:\xampp\htdocs\caviar-web-magento2\vendor\magento\framework\App\ErrorHandler.php:62
Stack trace:
#0 C:\xampp\htdocs\caviar-web-magento2\vendor\magento\framework\Filter\DirectiveProcessor\SimpleDirective.php(68): Magento\Framework\App\ErrorHandler->handler(2, 'Undefined array...', 'C:\\xampp\\htdocs...', 68)
#1 C:\xampp\htdocs\caviar-web-magento2\vendor\magento\framework\Filter\DirectiveProcessor\LegacyDirective.php(47): Magento\Framework\Filter\DirectiveProcessor\SimpleDirective->process(Array, Object(Magento\Widget\Model\Template\Filter\Interceptor), Array)
#2 C:\xampp\htdocs\caviar-web-magento2\vendor\magento\framework\Filter\Template.php(272): Magento\Framework\Filter\DirectiveProcessor\LegacyDirective->process(Array, Object(Magento\Widget\Model\Template\Filter\Interceptor), Array)
#3 C:\xampp\htdocs\caviar-web-magento2\vendor\magento\framework\Filter\Template.php(206): Magento\Framework\Filter\Template->processDirectives('        <div da...')
#4 C:\xampp\htdocs\caviar-web-magento2\vendor\magento\module-email\Model\Template\Filter.php(1127): Magento\Framework\Filter\Template->filter('        <div da...')
#5 C:\xampp\htdocs\caviar-web-magento2\vendor\magento\framework\Interception\Interceptor.php(58): Magento\Email\Model\Template\Filter->filter('        <div da...')
#6 C:\xampp\htdocs\caviar-web-magento2\vendor\magento\framework\Interception\Interceptor.php(138): Magento\Widget\Model\Template\Filter\Interceptor->___callParent('filter', Array)
#7 C:\xampp\htdocs\caviar-web-magento2\vendor\magento\framework\Interception\Interceptor.php(153): Magento\Widget\Model\Template\Filter\Interceptor->Magento\Framework\Interception\{closure}('        <div da...')
#8 C:\xampp\htdocs\caviar-web-magento2\generated\code\Magento\Widget\Model\Template\Filter\Interceptor.php(284): Magento\Widget\Model\Template\Filter\Interceptor->___callPlugins('filter', Array, Array)
#9 C:\xampp\htdocs\caviar-web-magento2\vendor\goomento\module-page-builder\Block\Content.php(272): Magento\Widget\Model\Template\Filter\Interceptor->filter('        <div da...')
#10 C:\xampp\htdocs\caviar-web-magento2\vendor\magento\framework\View\Element\AbstractBlock.php(1128): Goomento\PageBuilder\Block\Content->_toHtml()
#11 C:\xampp\htdocs\caviar-web-magento2\vendor\magento\framework\View\Element\AbstractBlock.php(1132): Magento\Framework\View\Element\AbstractBlock->Magento\Framework\View\Element\{closure}()
#12 C:\xampp\htdocs\caviar-web-magento2\vendor\magento\framework\View\Element\AbstractBlock.php(676): Magento\Framework\View\Element\AbstractBlock->_loadCache()
#13 C:\xampp\htdocs\caviar-web-magento2\vendor\goomento\module-page-builder\Block\Content.php(295): Magento\Framework\View\Element\AbstractBlock->toHtml()
#14 C:\xampp\htdocs\caviar-web-magento2\vendor\magento\framework\View\Layout.php(578): Goomento\PageBuilder\Block\Content->toHtml()
#15 C:\xampp\htdocs\caviar-web-magento2\vendor\magento\framework\View\Layout.php(555): Magento\Framework\View\Layout->_renderBlock('pagebuilder.con...')
#16 C:\xampp\htdocs\caviar-web-magento2\generated\code\Magento\Framework\View\Layout\Interceptor.php(149): Magento\Framework\View\Layout->renderNonCachedElement('pagebuilder.con...')
#17 C:\xampp\htdocs\caviar-web-magento2\vendor\magento\framework\View\Layout.php(510): Magento\Framework\View\Layout\Interceptor->renderNonCachedElement('pagebuilder.con...')
#18 C:\xampp\htdocs\caviar-web-magento2\generated\code\Magento\Framework\View\Layout\Interceptor.php(140): Magento\Framework\View\Layout->renderElement('pagebuilder.con...', false)
#19 C:\xampp\htdocs\caviar-web-magento2\vendor\magento\framework\View\Layout.php(606): Magento\Framework\View\Layout\Interceptor->renderElement('pagebuilder.con...', false)
#20 C:\xampp\htdocs\caviar-web-magento2\vendor\magento\framework\View\Layout.php(557): Magento\Framework\View\Layout->_renderContainer('content', false)
#21 C:\xampp\htdocs\caviar-web-magento2\generated\code\Magento\Framework\View\Layout\Interceptor.php(149): Magento\Framework\View\Layout->renderNonCachedElement('content')
#22 C:\xampp\htdocs\caviar-web-magento2\vendor\magento\framework\View\Layout.php(510): Magento\Framework\View\Layout\Interceptor->renderNonCachedElement('content')
#23 C:\xampp\htdocs\caviar-web-magento2\generated\code\Magento\Framework\View\Layout\Interceptor.php(140): Magento\Framework\View\Layout->renderElement('content', false)
#24 C:\xampp\htdocs\caviar-web-magento2\vendor\magento\framework\View\Layout.php(606): Magento\Framework\View\Layout\Interceptor->renderElement('content', false)
#25 C:\xampp\htdocs\caviar-web-magento2\vendor\magento\framework\View\Layout.php(557): Magento\Framework\View\Layout->_renderContainer('main', false)
#26 C:\xampp\htdocs\caviar-web-magento2\generated\code\Magento\Framework\View\Layout\Interceptor.php(149): Magento\Framework\View\Layout->renderNonCachedElement('main')
#27 C:\xampp\htdocs\caviar-web-magento2\vendor\magento\framework\View\Layout.php(510): Magento\Framework\View\Layout\Interceptor->renderNonCachedElement('main')
#28 C:\xampp\htdocs\caviar-web-magento2\generated\code\Magento\Framework\View\Layout\Interceptor.php(140): Magento\Framework\View\Layout->renderElement('main', false)
#29 C:\xampp\htdocs\caviar-web-magento2\vendor\magento\framework\View\Layout.php(606): Magento\Framework\View\Layout\Interceptor->renderElement('main', false)
#30 C:\xampp\htdocs\caviar-web-magento2\vendor\magento\framework\View\Layout.php(557): Magento\Framework\View\Layout->_renderContainer('columns', false)
#31 C:\xampp\htdocs\caviar-web-magento2\generated\code\Magento\Framework\View\Layout\Interceptor.php(149): Magento\Framework\View\Layout->renderNonCachedElement('columns')
#32 C:\xampp\htdocs\caviar-web-magento2\vendor\magento\framework\View\Layout.php(510): Magento\Framework\View\Layout\Interceptor->renderNonCachedElement('columns')
#33 C:\xampp\htdocs\caviar-web-magento2\generated\code\Magento\Framework\View\Layout\Interceptor.php(140): Magento\Framework\View\Layout->renderElement('columns', false)
#34 C:\xampp\htdocs\caviar-web-magento2\vendor\magento\framework\View\Layout.php(606): Magento\Framework\View\Layout\Interceptor->renderElement('columns', false)
#35 C:\xampp\htdocs\caviar-web-magento2\vendor\magento\framework\View\Layout.php(557): Magento\Framework\View\Layout->_renderContainer('main.content', false)
#36 C:\xampp\htdocs\caviar-web-magento2\generated\code\Magento\Framework\View\Layout\Interceptor.php(149): Magento\Framework\View\Layout->renderNonCachedElement('main.content')
#37 C:\xampp\htdocs\caviar-web-magento2\vendor\magento\framework\View\Layout.php(510): Magento\Framework\View\Layout\Interceptor->renderNonCachedElement('main.content')
#38 C:\xampp\htdocs\caviar-web-magento2\generated\code\Magento\Framework\View\Layout\Interceptor.php(140): Magento\Framework\View\Layout->renderElement('main.content', false)
#39 C:\xampp\htdocs\caviar-web-magento2\vendor\magento\framework\View\Layout.php(606): Magento\Framework\View\Layout\Interceptor->renderElement('main.content', false)
#40 C:\xampp\htdocs\caviar-web-magento2\vendor\magento\framework\View\Layout.php(557): Magento\Framework\View\Layout->_renderContainer('page.wrapper', false)
#41 C:\xampp\htdocs\caviar-web-magento2\generated\code\Magento\Framework\View\Layout\Interceptor.php(149): Magento\Framework\View\Layout->renderNonCachedElement('page.wrapper')
#42 C:\xampp\htdocs\caviar-web-magento2\vendor\magento\framework\View\Layout.php(510): Magento\Framework\View\Layout\Interceptor->renderNonCachedElement('page.wrapper')
#43 C:\xampp\htdocs\caviar-web-magento2\generated\code\Magento\Framework\View\Layout\Interceptor.php(140): Magento\Framework\View\Layout->renderElement('page.wrapper', false)
#44 C:\xampp\htdocs\caviar-web-magento2\vendor\magento\framework\View\Layout.php(606): Magento\Framework\View\Layout\Interceptor->renderElement('page.wrapper', false)
#45 C:\xampp\htdocs\caviar-web-magento2\vendor\magento\framework\View\Layout.php(557): Magento\Framework\View\Layout->_renderContainer('root', false)
#46 C:\xampp\htdocs\caviar-web-magento2\generated\code\Magento\Framework\View\Layout\Interceptor.php(149): Magento\Framework\View\Layout->renderNonCachedElement('root')
#47 C:\xampp\htdocs\caviar-web-magento2\vendor\magento\framework\View\Layout.php(510): Magento\Framework\View\Layout\Interceptor->renderNonCachedElement('root')
#48 C:\xampp\htdocs\caviar-web-magento2\generated\code\Magento\Framework\View\Layout\Interceptor.php(140): Magento\Framework\View\Layout->renderElement('root', true)
#49 C:\xampp\htdocs\caviar-web-magento2\vendor\magento\framework\View\Layout.php(975): Magento\Framework\View\Layout\Interceptor->renderElement('root')
#50 C:\xampp\htdocs\caviar-web-magento2\vendor\magento\framework\Interception\Interceptor.php(58): Magento\Framework\View\Layout->getOutput()
#51 C:\xampp\htdocs\caviar-web-magento2\vendor\magento\framework\Interception\Interceptor.php(138): Magento\Framework\View\Layout\Interceptor->___callParent('getOutput', Array)
#52 C:\xampp\htdocs\caviar-web-magento2\vendor\magento\framework\Interception\Interceptor.php(153): Magento\Framework\View\Layout\Interceptor->Magento\Framework\Interception\{closure}()
#53 C:\xampp\htdocs\caviar-web-magento2\generated\code\Magento\Framework\View\Layout\Interceptor.php(347): Magento\Framework\View\Layout\Interceptor->___callPlugins('getOutput', Array, Array)
#54 C:\xampp\htdocs\caviar-web-magento2\vendor\magento\framework\View\Result\Page.php(260): Magento\Framework\View\Layout\Interceptor->getOutput()
#55 C:\xampp\htdocs\caviar-web-magento2\vendor\magento\framework\View\Result\Layout.php(171): Magento\Framework\View\Result\Page->render(Object(Magento\Framework\App\Response\Http\Interceptor))
#56 C:\xampp\htdocs\caviar-web-magento2\vendor\magento\framework\Interception\Interceptor.php(58): Magento\Framework\View\Result\Layout->renderResult(Object(Magento\Framework\App\Response\Http\Interceptor))
#57 C:\xampp\htdocs\caviar-web-magento2\vendor\magento\framework\Interception\Interceptor.php(138): Magento\Framework\View\Result\Page\Interceptor->___callParent('renderResult', Array)
#58 C:\xampp\htdocs\caviar-web-magento2\vendor\magento\framework\Interception\Interceptor.php(153): Magento\Framework\View\Result\Page\Interceptor->Magento\Framework\Interception\{closure}(Object(Magento\Framework\App\Response\Http\Interceptor))
#59 C:\xampp\htdocs\caviar-web-magento2\generated\code\Magento\Framework\View\Result\Page\Interceptor.php(95): Magento\Framework\View\Result\Page\Interceptor->___callPlugins('renderResult', Array, Array)
#60 C:\xampp\htdocs\caviar-web-magento2\vendor\magento\framework\App\Http.php(120): Magento\Framework\View\Result\Page\Interceptor->renderResult(Object(Magento\Framework\App\Response\Http\Interceptor))
#61 C:\xampp\htdocs\caviar-web-magento2\generated\code\Magento\Framework\App\Http\Interceptor.php(23): Magento\Framework\App\Http->launch()
#62 C:\xampp\htdocs\caviar-web-magento2\vendor\magento\framework\App\Bootstrap.php(264): Magento\Framework\App\Http\Interceptor->launch()
#63 C:\xampp\htdocs\caviar-web-magento2\pub\index.php(30): Magento\Framework\App\Bootstrap->run(Object(Magento\Framework\App\Http\Interceptor))
#64 {main} {"exception":"[object] (Exception(code: 0): Warning: Undefined array key \"directiveName\" in C:\\xampp\\htdocs\\caviar-web-magento2\\vendor\\magento\\framework\\Filter\\DirectiveProcessor\\SimpleDirective.php on line 68 at C:\\xampp\\htdocs\\caviar-web-magento2\\vendor\\magento\\framework\\App\\ErrorHandler.php:62)"} []
[2025-10-03T05:21:24.227014+00:00] main.CRITICAL: Exception: Warning: Undefined array key "directiveName" in C:\xampp\htdocs\caviar-web-magento2\vendor\magento\framework\Filter\DirectiveProcessor\SimpleDirective.php on line 68 in C:\xampp\htdocs\caviar-web-magento2\vendor\magento\framework\App\ErrorHandler.php:62
Stack trace:
#0 C:\xampp\htdocs\caviar-web-magento2\vendor\magento\framework\Filter\DirectiveProcessor\SimpleDirective.php(68): Magento\Framework\App\ErrorHandler->handler(2, 'Undefined array...', 'C:\\xampp\\htdocs...', 68)
#1 C:\xampp\htdocs\caviar-web-magento2\vendor\magento\framework\Filter\DirectiveProcessor\LegacyDirective.php(47): Magento\Framework\Filter\DirectiveProcessor\SimpleDirective->process(Array, Object(Magento\Widget\Model\Template\Filter\Interceptor), Array)
#2 C:\xampp\htdocs\caviar-web-magento2\vendor\magento\framework\Filter\Template.php(272): Magento\Framework\Filter\DirectiveProcessor\LegacyDirective->process(Array, Object(Magento\Widget\Model\Template\Filter\Interceptor), Array)
#3 C:\xampp\htdocs\caviar-web-magento2\vendor\magento\framework\Filter\Template.php(206): Magento\Framework\Filter\Template->processDirectives('        <div da...')
#4 C:\xampp\htdocs\caviar-web-magento2\vendor\magento\module-email\Model\Template\Filter.php(1127): Magento\Framework\Filter\Template->filter('        <div da...')
#5 C:\xampp\htdocs\caviar-web-magento2\vendor\magento\framework\Interception\Interceptor.php(58): Magento\Email\Model\Template\Filter->filter('        <div da...')
#6 C:\xampp\htdocs\caviar-web-magento2\vendor\magento\framework\Interception\Interceptor.php(138): Magento\Widget\Model\Template\Filter\Interceptor->___callParent('filter', Array)
#7 C:\xampp\htdocs\caviar-web-magento2\vendor\magento\framework\Interception\Interceptor.php(153): Magento\Widget\Model\Template\Filter\Interceptor->Magento\Framework\Interception\{closure}('        <div da...')
#8 C:\xampp\htdocs\caviar-web-magento2\generated\code\Magento\Widget\Model\Template\Filter\Interceptor.php(284): Magento\Widget\Model\Template\Filter\Interceptor->___callPlugins('filter', Array, Array)
#9 C:\xampp\htdocs\caviar-web-magento2\vendor\goomento\module-page-builder\Block\Content.php(272): Magento\Widget\Model\Template\Filter\Interceptor->filter('        <div da...')
#10 C:\xampp\htdocs\caviar-web-magento2\vendor\magento\framework\View\Element\AbstractBlock.php(1128): Goomento\PageBuilder\Block\Content->_toHtml()
#11 C:\xampp\htdocs\caviar-web-magento2\vendor\magento\framework\View\Element\AbstractBlock.php(1132): Magento\Framework\View\Element\AbstractBlock->Magento\Framework\View\Element\{closure}()
#12 C:\xampp\htdocs\caviar-web-magento2\vendor\magento\framework\View\Element\AbstractBlock.php(676): Magento\Framework\View\Element\AbstractBlock->_loadCache()
#13 C:\xampp\htdocs\caviar-web-magento2\vendor\goomento\module-page-builder\Block\Content.php(295): Magento\Framework\View\Element\AbstractBlock->toHtml()
#14 C:\xampp\htdocs\caviar-web-magento2\vendor\magento\framework\View\Layout.php(578): Goomento\PageBuilder\Block\Content->toHtml()
#15 C:\xampp\htdocs\caviar-web-magento2\vendor\magento\framework\View\Layout.php(555): Magento\Framework\View\Layout->_renderBlock('pagebuilder.con...')
#16 C:\xampp\htdocs\caviar-web-magento2\generated\code\Magento\Framework\View\Layout\Interceptor.php(149): Magento\Framework\View\Layout->renderNonCachedElement('pagebuilder.con...')
#17 C:\xampp\htdocs\caviar-web-magento2\vendor\magento\framework\View\Layout.php(510): Magento\Framework\View\Layout\Interceptor->renderNonCachedElement('pagebuilder.con...')
#18 C:\xampp\htdocs\caviar-web-magento2\generated\code\Magento\Framework\View\Layout\Interceptor.php(140): Magento\Framework\View\Layout->renderElement('pagebuilder.con...', false)
#19 C:\xampp\htdocs\caviar-web-magento2\vendor\magento\framework\View\Layout.php(606): Magento\Framework\View\Layout\Interceptor->renderElement('pagebuilder.con...', false)
#20 C:\xampp\htdocs\caviar-web-magento2\vendor\magento\framework\View\Layout.php(557): Magento\Framework\View\Layout->_renderContainer('content', false)
#21 C:\xampp\htdocs\caviar-web-magento2\generated\code\Magento\Framework\View\Layout\Interceptor.php(149): Magento\Framework\View\Layout->renderNonCachedElement('content')
#22 C:\xampp\htdocs\caviar-web-magento2\vendor\magento\framework\View\Layout.php(510): Magento\Framework\View\Layout\Interceptor->renderNonCachedElement('content')
#23 C:\xampp\htdocs\caviar-web-magento2\generated\code\Magento\Framework\View\Layout\Interceptor.php(140): Magento\Framework\View\Layout->renderElement('content', false)
#24 C:\xampp\htdocs\caviar-web-magento2\vendor\magento\framework\View\Layout.php(606): Magento\Framework\View\Layout\Interceptor->renderElement('content', false)
#25 C:\xampp\htdocs\caviar-web-magento2\vendor\magento\framework\View\Layout.php(557): Magento\Framework\View\Layout->_renderContainer('main', false)
#26 C:\xampp\htdocs\caviar-web-magento2\generated\code\Magento\Framework\View\Layout\Interceptor.php(149): Magento\Framework\View\Layout->renderNonCachedElement('main')
#27 C:\xampp\htdocs\caviar-web-magento2\vendor\magento\framework\View\Layout.php(510): Magento\Framework\View\Layout\Interceptor->renderNonCachedElement('main')
#28 C:\xampp\htdocs\caviar-web-magento2\generated\code\Magento\Framework\View\Layout\Interceptor.php(140): Magento\Framework\View\Layout->renderElement('main', false)
#29 C:\xampp\htdocs\caviar-web-magento2\vendor\magento\framework\View\Layout.php(606): Magento\Framework\View\Layout\Interceptor->renderElement('main', false)
#30 C:\xampp\htdocs\caviar-web-magento2\vendor\magento\framework\View\Layout.php(557): Magento\Framework\View\Layout->_renderContainer('columns', false)
#31 C:\xampp\htdocs\caviar-web-magento2\generated\code\Magento\Framework\View\Layout\Interceptor.php(149): Magento\Framework\View\Layout->renderNonCachedElement('columns')
#32 C:\xampp\htdocs\caviar-web-magento2\vendor\magento\framework\View\Layout.php(510): Magento\Framework\View\Layout\Interceptor->renderNonCachedElement('columns')
#33 C:\xampp\htdocs\caviar-web-magento2\generated\code\Magento\Framework\View\Layout\Interceptor.php(140): Magento\Framework\View\Layout->renderElement('columns', false)
#34 C:\xampp\htdocs\caviar-web-magento2\vendor\magento\framework\View\Layout.php(606): Magento\Framework\View\Layout\Interceptor->renderElement('columns', false)
#35 C:\xampp\htdocs\caviar-web-magento2\vendor\magento\framework\View\Layout.php(557): Magento\Framework\View\Layout->_renderContainer('main.content', false)
#36 C:\xampp\htdocs\caviar-web-magento2\generated\code\Magento\Framework\View\Layout\Interceptor.php(149): Magento\Framework\View\Layout->renderNonCachedElement('main.content')
#37 C:\xampp\htdocs\caviar-web-magento2\vendor\magento\framework\View\Layout.php(510): Magento\Framework\View\Layout\Interceptor->renderNonCachedElement('main.content')
#38 C:\xampp\htdocs\caviar-web-magento2\generated\code\Magento\Framework\View\Layout\Interceptor.php(140): Magento\Framework\View\Layout->renderElement('main.content', false)
#39 C:\xampp\htdocs\caviar-web-magento2\vendor\magento\framework\View\Layout.php(606): Magento\Framework\View\Layout\Interceptor->renderElement('main.content', false)
#40 C:\xampp\htdocs\caviar-web-magento2\vendor\magento\framework\View\Layout.php(557): Magento\Framework\View\Layout->_renderContainer('page.wrapper', false)
#41 C:\xampp\htdocs\caviar-web-magento2\generated\code\Magento\Framework\View\Layout\Interceptor.php(149): Magento\Framework\View\Layout->renderNonCachedElement('page.wrapper')
#42 C:\xampp\htdocs\caviar-web-magento2\vendor\magento\framework\View\Layout.php(510): Magento\Framework\View\Layout\Interceptor->renderNonCachedElement('page.wrapper')
#43 C:\xampp\htdocs\caviar-web-magento2\generated\code\Magento\Framework\View\Layout\Interceptor.php(140): Magento\Framework\View\Layout->renderElement('page.wrapper', false)
#44 C:\xampp\htdocs\caviar-web-magento2\vendor\magento\framework\View\Layout.php(606): Magento\Framework\View\Layout\Interceptor->renderElement('page.wrapper', false)
#45 C:\xampp\htdocs\caviar-web-magento2\vendor\magento\framework\View\Layout.php(557): Magento\Framework\View\Layout->_renderContainer('root', false)
#46 C:\xampp\htdocs\caviar-web-magento2\generated\code\Magento\Framework\View\Layout\Interceptor.php(149): Magento\Framework\View\Layout->renderNonCachedElement('root')
#47 C:\xampp\htdocs\caviar-web-magento2\vendor\magento\framework\View\Layout.php(510): Magento\Framework\View\Layout\Interceptor->renderNonCachedElement('root')
#48 C:\xampp\htdocs\caviar-web-magento2\generated\code\Magento\Framework\View\Layout\Interceptor.php(140): Magento\Framework\View\Layout->renderElement('root', true)
#49 C:\xampp\htdocs\caviar-web-magento2\vendor\magento\framework\View\Layout.php(975): Magento\Framework\View\Layout\Interceptor->renderElement('root')
#50 C:\xampp\htdocs\caviar-web-magento2\vendor\magento\framework\Interception\Interceptor.php(58): Magento\Framework\View\Layout->getOutput()
#51 C:\xampp\htdocs\caviar-web-magento2\vendor\magento\framework\Interception\Interceptor.php(138): Magento\Framework\View\Layout\Interceptor->___callParent('getOutput', Array)
#52 C:\xampp\htdocs\caviar-web-magento2\vendor\magento\framework\Interception\Interceptor.php(153): Magento\Framework\View\Layout\Interceptor->Magento\Framework\Interception\{closure}()
#53 C:\xampp\htdocs\caviar-web-magento2\generated\code\Magento\Framework\View\Layout\Interceptor.php(347): Magento\Framework\View\Layout\Interceptor->___callPlugins('getOutput', Array, Array)
#54 C:\xampp\htdocs\caviar-web-magento2\vendor\magento\framework\View\Result\Page.php(260): Magento\Framework\View\Layout\Interceptor->getOutput()
#55 C:\xampp\htdocs\caviar-web-magento2\vendor\magento\framework\View\Result\Layout.php(171): Magento\Framework\View\Result\Page->render(Object(Magento\Framework\App\Response\Http\Interceptor))
#56 C:\xampp\htdocs\caviar-web-magento2\vendor\magento\framework\Interception\Interceptor.php(58): Magento\Framework\View\Result\Layout->renderResult(Object(Magento\Framework\App\Response\Http\Interceptor))
#57 C:\xampp\htdocs\caviar-web-magento2\vendor\magento\framework\Interception\Interceptor.php(138): Magento\Framework\View\Result\Page\Interceptor->___callParent('renderResult', Array)
#58 C:\xampp\htdocs\caviar-web-magento2\vendor\magento\framework\Interception\Interceptor.php(153): Magento\Framework\View\Result\Page\Interceptor->Magento\Framework\Interception\{closure}(Object(Magento\Framework\App\Response\Http\Interceptor))
#59 C:\xampp\htdocs\caviar-web-magento2\generated\code\Magento\Framework\View\Result\Page\Interceptor.php(95): Magento\Framework\View\Result\Page\Interceptor->___callPlugins('renderResult', Array, Array)
#60 C:\xampp\htdocs\caviar-web-magento2\vendor\magento\framework\App\Http.php(120): Magento\Framework\View\Result\Page\Interceptor->renderResult(Object(Magento\Framework\App\Response\Http\Interceptor))
#61 C:\xampp\htdocs\caviar-web-magento2\generated\code\Magento\Framework\App\Http\Interceptor.php(23): Magento\Framework\App\Http->launch()
#62 C:\xampp\htdocs\caviar-web-magento2\vendor\magento\framework\App\Bootstrap.php(264): Magento\Framework\App\Http\Interceptor->launch()
#63 C:\xampp\htdocs\caviar-web-magento2\pub\index.php(30): Magento\Framework\App\Bootstrap->run(Object(Magento\Framework\App\Http\Interceptor))
#64 {main} {"exception":"[object] (Exception(code: 0): Warning: Undefined array key \"directiveName\" in C:\\xampp\\htdocs\\caviar-web-magento2\\vendor\\magento\\framework\\Filter\\DirectiveProcessor\\SimpleDirective.php on line 68 at C:\\xampp\\htdocs\\caviar-web-magento2\\vendor\\magento\\framework\\App\\ErrorHandler.php:62)"} []
[2025-10-03T05:23:28.941175+00:00] main.CRITICAL: Exception: Warning: Undefined array key "directiveName" in C:\xampp\htdocs\caviar-web-magento2\vendor\magento\framework\Filter\DirectiveProcessor\SimpleDirective.php on line 68 in C:\xampp\htdocs\caviar-web-magento2\vendor\magento\framework\App\ErrorHandler.php:62
Stack trace:
#0 C:\xampp\htdocs\caviar-web-magento2\vendor\magento\framework\Filter\DirectiveProcessor\SimpleDirective.php(68): Magento\Framework\App\ErrorHandler->handler(2, 'Undefined array...', 'C:\\xampp\\htdocs...', 68)
#1 C:\xampp\htdocs\caviar-web-magento2\vendor\magento\framework\Filter\DirectiveProcessor\LegacyDirective.php(47): Magento\Framework\Filter\DirectiveProcessor\SimpleDirective->process(Array, Object(Magento\Widget\Model\Template\Filter\Interceptor), Array)
#2 C:\xampp\htdocs\caviar-web-magento2\vendor\magento\framework\Filter\Template.php(272): Magento\Framework\Filter\DirectiveProcessor\LegacyDirective->process(Array, Object(Magento\Widget\Model\Template\Filter\Interceptor), Array)
#3 C:\xampp\htdocs\caviar-web-magento2\vendor\magento\framework\Filter\Template.php(206): Magento\Framework\Filter\Template->processDirectives('        <div da...')
#4 C:\xampp\htdocs\caviar-web-magento2\vendor\magento\module-email\Model\Template\Filter.php(1127): Magento\Framework\Filter\Template->filter('        <div da...')
#5 C:\xampp\htdocs\caviar-web-magento2\vendor\magento\framework\Interception\Interceptor.php(58): Magento\Email\Model\Template\Filter->filter('        <div da...')
#6 C:\xampp\htdocs\caviar-web-magento2\vendor\magento\framework\Interception\Interceptor.php(138): Magento\Widget\Model\Template\Filter\Interceptor->___callParent('filter', Array)
#7 C:\xampp\htdocs\caviar-web-magento2\vendor\magento\framework\Interception\Interceptor.php(153): Magento\Widget\Model\Template\Filter\Interceptor->Magento\Framework\Interception\{closure}('        <div da...')
#8 C:\xampp\htdocs\caviar-web-magento2\generated\code\Magento\Widget\Model\Template\Filter\Interceptor.php(284): Magento\Widget\Model\Template\Filter\Interceptor->___callPlugins('filter', Array, Array)
#9 C:\xampp\htdocs\caviar-web-magento2\vendor\goomento\module-page-builder\Block\Content.php(272): Magento\Widget\Model\Template\Filter\Interceptor->filter('        <div da...')
#10 C:\xampp\htdocs\caviar-web-magento2\vendor\magento\framework\View\Element\AbstractBlock.php(1128): Goomento\PageBuilder\Block\Content->_toHtml()
#11 C:\xampp\htdocs\caviar-web-magento2\vendor\magento\framework\View\Element\AbstractBlock.php(1132): Magento\Framework\View\Element\AbstractBlock->Magento\Framework\View\Element\{closure}()
#12 C:\xampp\htdocs\caviar-web-magento2\vendor\magento\framework\View\Element\AbstractBlock.php(676): Magento\Framework\View\Element\AbstractBlock->_loadCache()
#13 C:\xampp\htdocs\caviar-web-magento2\vendor\goomento\module-page-builder\Block\Content.php(295): Magento\Framework\View\Element\AbstractBlock->toHtml()
#14 C:\xampp\htdocs\caviar-web-magento2\vendor\magento\framework\View\Layout.php(578): Goomento\PageBuilder\Block\Content->toHtml()
#15 C:\xampp\htdocs\caviar-web-magento2\vendor\magento\framework\View\Layout.php(555): Magento\Framework\View\Layout->_renderBlock('pagebuilder.con...')
#16 C:\xampp\htdocs\caviar-web-magento2\generated\code\Magento\Framework\View\Layout\Interceptor.php(149): Magento\Framework\View\Layout->renderNonCachedElement('pagebuilder.con...')
#17 C:\xampp\htdocs\caviar-web-magento2\vendor\magento\framework\View\Layout.php(510): Magento\Framework\View\Layout\Interceptor->renderNonCachedElement('pagebuilder.con...')
#18 C:\xampp\htdocs\caviar-web-magento2\generated\code\Magento\Framework\View\Layout\Interceptor.php(140): Magento\Framework\View\Layout->renderElement('pagebuilder.con...', false)
#19 C:\xampp\htdocs\caviar-web-magento2\vendor\magento\framework\View\Layout.php(606): Magento\Framework\View\Layout\Interceptor->renderElement('pagebuilder.con...', false)
#20 C:\xampp\htdocs\caviar-web-magento2\vendor\magento\framework\View\Layout.php(557): Magento\Framework\View\Layout->_renderContainer('content', false)
#21 C:\xampp\htdocs\caviar-web-magento2\generated\code\Magento\Framework\View\Layout\Interceptor.php(149): Magento\Framework\View\Layout->renderNonCachedElement('content')
#22 C:\xampp\htdocs\caviar-web-magento2\vendor\magento\framework\View\Layout.php(510): Magento\Framework\View\Layout\Interceptor->renderNonCachedElement('content')
#23 C:\xampp\htdocs\caviar-web-magento2\generated\code\Magento\Framework\View\Layout\Interceptor.php(140): Magento\Framework\View\Layout->renderElement('content', false)
#24 C:\xampp\htdocs\caviar-web-magento2\vendor\magento\framework\View\Layout.php(606): Magento\Framework\View\Layout\Interceptor->renderElement('content', false)
#25 C:\xampp\htdocs\caviar-web-magento2\vendor\magento\framework\View\Layout.php(557): Magento\Framework\View\Layout->_renderContainer('main', false)
#26 C:\xampp\htdocs\caviar-web-magento2\generated\code\Magento\Framework\View\Layout\Interceptor.php(149): Magento\Framework\View\Layout->renderNonCachedElement('main')
#27 C:\xampp\htdocs\caviar-web-magento2\vendor\magento\framework\View\Layout.php(510): Magento\Framework\View\Layout\Interceptor->renderNonCachedElement('main')
#28 C:\xampp\htdocs\caviar-web-magento2\generated\code\Magento\Framework\View\Layout\Interceptor.php(140): Magento\Framework\View\Layout->renderElement('main', false)
#29 C:\xampp\htdocs\caviar-web-magento2\vendor\magento\framework\View\Layout.php(606): Magento\Framework\View\Layout\Interceptor->renderElement('main', false)
#30 C:\xampp\htdocs\caviar-web-magento2\vendor\magento\framework\View\Layout.php(557): Magento\Framework\View\Layout->_renderContainer('columns', false)
#31 C:\xampp\htdocs\caviar-web-magento2\generated\code\Magento\Framework\View\Layout\Interceptor.php(149): Magento\Framework\View\Layout->renderNonCachedElement('columns')
#32 C:\xampp\htdocs\caviar-web-magento2\vendor\magento\framework\View\Layout.php(510): Magento\Framework\View\Layout\Interceptor->renderNonCachedElement('columns')
#33 C:\xampp\htdocs\caviar-web-magento2\generated\code\Magento\Framework\View\Layout\Interceptor.php(140): Magento\Framework\View\Layout->renderElement('columns', false)
#34 C:\xampp\htdocs\caviar-web-magento2\vendor\magento\framework\View\Layout.php(606): Magento\Framework\View\Layout\Interceptor->renderElement('columns', false)
#35 C:\xampp\htdocs\caviar-web-magento2\vendor\magento\framework\View\Layout.php(557): Magento\Framework\View\Layout->_renderContainer('main.content', false)
#36 C:\xampp\htdocs\caviar-web-magento2\generated\code\Magento\Framework\View\Layout\Interceptor.php(149): Magento\Framework\View\Layout->renderNonCachedElement('main.content')
#37 C:\xampp\htdocs\caviar-web-magento2\vendor\magento\framework\View\Layout.php(510): Magento\Framework\View\Layout\Interceptor->renderNonCachedElement('main.content')
#38 C:\xampp\htdocs\caviar-web-magento2\generated\code\Magento\Framework\View\Layout\Interceptor.php(140): Magento\Framework\View\Layout->renderElement('main.content', false)
#39 C:\xampp\htdocs\caviar-web-magento2\vendor\magento\framework\View\Layout.php(606): Magento\Framework\View\Layout\Interceptor->renderElement('main.content', false)
#40 C:\xampp\htdocs\caviar-web-magento2\vendor\magento\framework\View\Layout.php(557): Magento\Framework\View\Layout->_renderContainer('page.wrapper', false)
#41 C:\xampp\htdocs\caviar-web-magento2\generated\code\Magento\Framework\View\Layout\Interceptor.php(149): Magento\Framework\View\Layout->renderNonCachedElement('page.wrapper')
#42 C:\xampp\htdocs\caviar-web-magento2\vendor\magento\framework\View\Layout.php(510): Magento\Framework\View\Layout\Interceptor->renderNonCachedElement('page.wrapper')
#43 C:\xampp\htdocs\caviar-web-magento2\generated\code\Magento\Framework\View\Layout\Interceptor.php(140): Magento\Framework\View\Layout->renderElement('page.wrapper', false)
#44 C:\xampp\htdocs\caviar-web-magento2\vendor\magento\framework\View\Layout.php(606): Magento\Framework\View\Layout\Interceptor->renderElement('page.wrapper', false)
#45 C:\xampp\htdocs\caviar-web-magento2\vendor\magento\framework\View\Layout.php(557): Magento\Framework\View\Layout->_renderContainer('root', false)
#46 C:\xampp\htdocs\caviar-web-magento2\generated\code\Magento\Framework\View\Layout\Interceptor.php(149): Magento\Framework\View\Layout->renderNonCachedElement('root')
#47 C:\xampp\htdocs\caviar-web-magento2\vendor\magento\framework\View\Layout.php(510): Magento\Framework\View\Layout\Interceptor->renderNonCachedElement('root')
#48 C:\xampp\htdocs\caviar-web-magento2\generated\code\Magento\Framework\View\Layout\Interceptor.php(140): Magento\Framework\View\Layout->renderElement('root', true)
#49 C:\xampp\htdocs\caviar-web-magento2\vendor\magento\framework\View\Layout.php(975): Magento\Framework\View\Layout\Interceptor->renderElement('root')
#50 C:\xampp\htdocs\caviar-web-magento2\vendor\magento\framework\Interception\Interceptor.php(58): Magento\Framework\View\Layout->getOutput()
#51 C:\xampp\htdocs\caviar-web-magento2\vendor\magento\framework\Interception\Interceptor.php(138): Magento\Framework\View\Layout\Interceptor->___callParent('getOutput', Array)
#52 C:\xampp\htdocs\caviar-web-magento2\vendor\magento\framework\Interception\Interceptor.php(153): Magento\Framework\View\Layout\Interceptor->Magento\Framework\Interception\{closure}()
#53 C:\xampp\htdocs\caviar-web-magento2\generated\code\Magento\Framework\View\Layout\Interceptor.php(347): Magento\Framework\View\Layout\Interceptor->___callPlugins('getOutput', Array, Array)
#54 C:\xampp\htdocs\caviar-web-magento2\vendor\magento\framework\View\Result\Page.php(260): Magento\Framework\View\Layout\Interceptor->getOutput()
#55 C:\xampp\htdocs\caviar-web-magento2\vendor\magento\framework\View\Result\Layout.php(171): Magento\Framework\View\Result\Page->render(Object(Magento\Framework\App\Response\Http\Interceptor))
#56 C:\xampp\htdocs\caviar-web-magento2\vendor\magento\framework\Interception\Interceptor.php(58): Magento\Framework\View\Result\Layout->renderResult(Object(Magento\Framework\App\Response\Http\Interceptor))
#57 C:\xampp\htdocs\caviar-web-magento2\vendor\magento\framework\Interception\Interceptor.php(138): Magento\Framework\View\Result\Page\Interceptor->___callParent('renderResult', Array)
#58 C:\xampp\htdocs\caviar-web-magento2\vendor\magento\framework\Interception\Interceptor.php(153): Magento\Framework\View\Result\Page\Interceptor->Magento\Framework\Interception\{closure}(Object(Magento\Framework\App\Response\Http\Interceptor))
#59 C:\xampp\htdocs\caviar-web-magento2\generated\code\Magento\Framework\View\Result\Page\Interceptor.php(95): Magento\Framework\View\Result\Page\Interceptor->___callPlugins('renderResult', Array, Array)
#60 C:\xampp\htdocs\caviar-web-magento2\vendor\magento\framework\App\Http.php(120): Magento\Framework\View\Result\Page\Interceptor->renderResult(Object(Magento\Framework\App\Response\Http\Interceptor))
#61 C:\xampp\htdocs\caviar-web-magento2\generated\code\Magento\Framework\App\Http\Interceptor.php(23): Magento\Framework\App\Http->launch()
#62 C:\xampp\htdocs\caviar-web-magento2\vendor\magento\framework\App\Bootstrap.php(264): Magento\Framework\App\Http\Interceptor->launch()
#63 C:\xampp\htdocs\caviar-web-magento2\pub\index.php(30): Magento\Framework\App\Bootstrap->run(Object(Magento\Framework\App\Http\Interceptor))
#64 {main} {"exception":"[object] (Exception(code: 0): Warning: Undefined array key \"directiveName\" in C:\\xampp\\htdocs\\caviar-web-magento2\\vendor\\magento\\framework\\Filter\\DirectiveProcessor\\SimpleDirective.php on line 68 at C:\\xampp\\htdocs\\caviar-web-magento2\\vendor\\magento\\framework\\App\\ErrorHandler.php:62)"} []
[2025-10-03T05:48:47.296825+00:00] main.CRITICAL: Exception: Warning: Undefined array key "directiveName" in C:\xampp\htdocs\caviar-web-magento2\vendor\magento\framework\Filter\DirectiveProcessor\SimpleDirective.php on line 68 in C:\xampp\htdocs\caviar-web-magento2\vendor\magento\framework\App\ErrorHandler.php:62
Stack trace:
#0 C:\xampp\htdocs\caviar-web-magento2\vendor\magento\framework\Filter\DirectiveProcessor\SimpleDirective.php(68): Magento\Framework\App\ErrorHandler->handler(2, 'Undefined array...', 'C:\\xampp\\htdocs...', 68)
#1 C:\xampp\htdocs\caviar-web-magento2\vendor\magento\framework\Filter\DirectiveProcessor\LegacyDirective.php(47): Magento\Framework\Filter\DirectiveProcessor\SimpleDirective->process(Array, Object(Magento\Widget\Model\Template\Filter\Interceptor), Array)
#2 C:\xampp\htdocs\caviar-web-magento2\vendor\magento\framework\Filter\Template.php(272): Magento\Framework\Filter\DirectiveProcessor\LegacyDirective->process(Array, Object(Magento\Widget\Model\Template\Filter\Interceptor), Array)
#3 C:\xampp\htdocs\caviar-web-magento2\vendor\magento\framework\Filter\Template.php(206): Magento\Framework\Filter\Template->processDirectives('        <div da...')
#4 C:\xampp\htdocs\caviar-web-magento2\vendor\magento\module-email\Model\Template\Filter.php(1127): Magento\Framework\Filter\Template->filter('        <div da...')
#5 C:\xampp\htdocs\caviar-web-magento2\vendor\magento\framework\Interception\Interceptor.php(58): Magento\Email\Model\Template\Filter->filter('        <div da...')
#6 C:\xampp\htdocs\caviar-web-magento2\vendor\magento\framework\Interception\Interceptor.php(138): Magento\Widget\Model\Template\Filter\Interceptor->___callParent('filter', Array)
#7 C:\xampp\htdocs\caviar-web-magento2\vendor\magento\framework\Interception\Interceptor.php(153): Magento\Widget\Model\Template\Filter\Interceptor->Magento\Framework\Interception\{closure}('        <div da...')
#8 C:\xampp\htdocs\caviar-web-magento2\generated\code\Magento\Widget\Model\Template\Filter\Interceptor.php(284): Magento\Widget\Model\Template\Filter\Interceptor->___callPlugins('filter', Array, Array)
#9 C:\xampp\htdocs\caviar-web-magento2\vendor\goomento\module-page-builder\Block\Content.php(272): Magento\Widget\Model\Template\Filter\Interceptor->filter('        <div da...')
#10 C:\xampp\htdocs\caviar-web-magento2\vendor\magento\framework\View\Element\AbstractBlock.php(1128): Goomento\PageBuilder\Block\Content->_toHtml()
#11 C:\xampp\htdocs\caviar-web-magento2\vendor\magento\framework\View\Element\AbstractBlock.php(1132): Magento\Framework\View\Element\AbstractBlock->Magento\Framework\View\Element\{closure}()
#12 C:\xampp\htdocs\caviar-web-magento2\vendor\magento\framework\View\Element\AbstractBlock.php(676): Magento\Framework\View\Element\AbstractBlock->_loadCache()
#13 C:\xampp\htdocs\caviar-web-magento2\vendor\goomento\module-page-builder\Block\Content.php(295): Magento\Framework\View\Element\AbstractBlock->toHtml()
#14 C:\xampp\htdocs\caviar-web-magento2\vendor\magento\framework\View\Layout.php(578): Goomento\PageBuilder\Block\Content->toHtml()
#15 C:\xampp\htdocs\caviar-web-magento2\vendor\magento\framework\View\Layout.php(555): Magento\Framework\View\Layout->_renderBlock('pagebuilder.con...')
#16 C:\xampp\htdocs\caviar-web-magento2\generated\code\Magento\Framework\View\Layout\Interceptor.php(149): Magento\Framework\View\Layout->renderNonCachedElement('pagebuilder.con...')
#17 C:\xampp\htdocs\caviar-web-magento2\vendor\magento\framework\View\Layout.php(510): Magento\Framework\View\Layout\Interceptor->renderNonCachedElement('pagebuilder.con...')
#18 C:\xampp\htdocs\caviar-web-magento2\generated\code\Magento\Framework\View\Layout\Interceptor.php(140): Magento\Framework\View\Layout->renderElement('pagebuilder.con...', false)
#19 C:\xampp\htdocs\caviar-web-magento2\vendor\magento\framework\View\Layout.php(606): Magento\Framework\View\Layout\Interceptor->renderElement('pagebuilder.con...', false)
#20 C:\xampp\htdocs\caviar-web-magento2\vendor\magento\framework\View\Layout.php(557): Magento\Framework\View\Layout->_renderContainer('content', false)
#21 C:\xampp\htdocs\caviar-web-magento2\generated\code\Magento\Framework\View\Layout\Interceptor.php(149): Magento\Framework\View\Layout->renderNonCachedElement('content')
#22 C:\xampp\htdocs\caviar-web-magento2\vendor\magento\framework\View\Layout.php(510): Magento\Framework\View\Layout\Interceptor->renderNonCachedElement('content')
#23 C:\xampp\htdocs\caviar-web-magento2\generated\code\Magento\Framework\View\Layout\Interceptor.php(140): Magento\Framework\View\Layout->renderElement('content', false)
#24 C:\xampp\htdocs\caviar-web-magento2\vendor\magento\framework\View\Layout.php(606): Magento\Framework\View\Layout\Interceptor->renderElement('content', false)
#25 C:\xampp\htdocs\caviar-web-magento2\vendor\magento\framework\View\Layout.php(557): Magento\Framework\View\Layout->_renderContainer('main', false)
#26 C:\xampp\htdocs\caviar-web-magento2\generated\code\Magento\Framework\View\Layout\Interceptor.php(149): Magento\Framework\View\Layout->renderNonCachedElement('main')
#27 C:\xampp\htdocs\caviar-web-magento2\vendor\magento\framework\View\Layout.php(510): Magento\Framework\View\Layout\Interceptor->renderNonCachedElement('main')
#28 C:\xampp\htdocs\caviar-web-magento2\generated\code\Magento\Framework\View\Layout\Interceptor.php(140): Magento\Framework\View\Layout->renderElement('main', false)
#29 C:\xampp\htdocs\caviar-web-magento2\vendor\magento\framework\View\Layout.php(606): Magento\Framework\View\Layout\Interceptor->renderElement('main', false)
#30 C:\xampp\htdocs\caviar-web-magento2\vendor\magento\framework\View\Layout.php(557): Magento\Framework\View\Layout->_renderContainer('columns', false)
#31 C:\xampp\htdocs\caviar-web-magento2\generated\code\Magento\Framework\View\Layout\Interceptor.php(149): Magento\Framework\View\Layout->renderNonCachedElement('columns')
#32 C:\xampp\htdocs\caviar-web-magento2\vendor\magento\framework\View\Layout.php(510): Magento\Framework\View\Layout\Interceptor->renderNonCachedElement('columns')
#33 C:\xampp\htdocs\caviar-web-magento2\generated\code\Magento\Framework\View\Layout\Interceptor.php(140): Magento\Framework\View\Layout->renderElement('columns', false)
#34 C:\xampp\htdocs\caviar-web-magento2\vendor\magento\framework\View\Layout.php(606): Magento\Framework\View\Layout\Interceptor->renderElement('columns', false)
#35 C:\xampp\htdocs\caviar-web-magento2\vendor\magento\framework\View\Layout.php(557): Magento\Framework\View\Layout->_renderContainer('main.content', false)
#36 C:\xampp\htdocs\caviar-web-magento2\generated\code\Magento\Framework\View\Layout\Interceptor.php(149): Magento\Framework\View\Layout->renderNonCachedElement('main.content')
#37 C:\xampp\htdocs\caviar-web-magento2\vendor\magento\framework\View\Layout.php(510): Magento\Framework\View\Layout\Interceptor->renderNonCachedElement('main.content')
#38 C:\xampp\htdocs\caviar-web-magento2\generated\code\Magento\Framework\View\Layout\Interceptor.php(140): Magento\Framework\View\Layout->renderElement('main.content', false)
#39 C:\xampp\htdocs\caviar-web-magento2\vendor\magento\framework\View\Layout.php(606): Magento\Framework\View\Layout\Interceptor->renderElement('main.content', false)
#40 C:\xampp\htdocs\caviar-web-magento2\vendor\magento\framework\View\Layout.php(557): Magento\Framework\View\Layout->_renderContainer('page.wrapper', false)
#41 C:\xampp\htdocs\caviar-web-magento2\generated\code\Magento\Framework\View\Layout\Interceptor.php(149): Magento\Framework\View\Layout->renderNonCachedElement('page.wrapper')
#42 C:\xampp\htdocs\caviar-web-magento2\vendor\magento\framework\View\Layout.php(510): Magento\Framework\View\Layout\Interceptor->renderNonCachedElement('page.wrapper')
#43 C:\xampp\htdocs\caviar-web-magento2\generated\code\Magento\Framework\View\Layout\Interceptor.php(140): Magento\Framework\View\Layout->renderElement('page.wrapper', false)
#44 C:\xampp\htdocs\caviar-web-magento2\vendor\magento\framework\View\Layout.php(606): Magento\Framework\View\Layout\Interceptor->renderElement('page.wrapper', false)
#45 C:\xampp\htdocs\caviar-web-magento2\vendor\magento\framework\View\Layout.php(557): Magento\Framework\View\Layout->_renderContainer('root', false)
#46 C:\xampp\htdocs\caviar-web-magento2\generated\code\Magento\Framework\View\Layout\Interceptor.php(149): Magento\Framework\View\Layout->renderNonCachedElement('root')
#47 C:\xampp\htdocs\caviar-web-magento2\vendor\magento\framework\View\Layout.php(510): Magento\Framework\View\Layout\Interceptor->renderNonCachedElement('root')
#48 C:\xampp\htdocs\caviar-web-magento2\generated\code\Magento\Framework\View\Layout\Interceptor.php(140): Magento\Framework\View\Layout->renderElement('root', true)
#49 C:\xampp\htdocs\caviar-web-magento2\vendor\magento\framework\View\Layout.php(975): Magento\Framework\View\Layout\Interceptor->renderElement('root')
#50 C:\xampp\htdocs\caviar-web-magento2\vendor\magento\framework\Interception\Interceptor.php(58): Magento\Framework\View\Layout->getOutput()
#51 C:\xampp\htdocs\caviar-web-magento2\vendor\magento\framework\Interception\Interceptor.php(138): Magento\Framework\View\Layout\Interceptor->___callParent('getOutput', Array)
#52 C:\xampp\htdocs\caviar-web-magento2\vendor\magento\framework\Interception\Interceptor.php(153): Magento\Framework\View\Layout\Interceptor->Magento\Framework\Interception\{closure}()
#53 C:\xampp\htdocs\caviar-web-magento2\generated\code\Magento\Framework\View\Layout\Interceptor.php(347): Magento\Framework\View\Layout\Interceptor->___callPlugins('getOutput', Array, Array)
#54 C:\xampp\htdocs\caviar-web-magento2\vendor\magento\framework\View\Result\Page.php(260): Magento\Framework\View\Layout\Interceptor->getOutput()
#55 C:\xampp\htdocs\caviar-web-magento2\vendor\magento\framework\View\Result\Layout.php(171): Magento\Framework\View\Result\Page->render(Object(Magento\Framework\App\Response\Http\Interceptor))
#56 C:\xampp\htdocs\caviar-web-magento2\vendor\magento\framework\Interception\Interceptor.php(58): Magento\Framework\View\Result\Layout->renderResult(Object(Magento\Framework\App\Response\Http\Interceptor))
#57 C:\xampp\htdocs\caviar-web-magento2\vendor\magento\framework\Interception\Interceptor.php(138): Magento\Framework\View\Result\Page\Interceptor->___callParent('renderResult', Array)
#58 C:\xampp\htdocs\caviar-web-magento2\vendor\magento\framework\Interception\Interceptor.php(153): Magento\Framework\View\Result\Page\Interceptor->Magento\Framework\Interception\{closure}(Object(Magento\Framework\App\Response\Http\Interceptor))
#59 C:\xampp\htdocs\caviar-web-magento2\generated\code\Magento\Framework\View\Result\Page\Interceptor.php(95): Magento\Framework\View\Result\Page\Interceptor->___callPlugins('renderResult', Array, Array)
#60 C:\xampp\htdocs\caviar-web-magento2\vendor\magento\framework\App\Http.php(120): Magento\Framework\View\Result\Page\Interceptor->renderResult(Object(Magento\Framework\App\Response\Http\Interceptor))
#61 C:\xampp\htdocs\caviar-web-magento2\generated\code\Magento\Framework\App\Http\Interceptor.php(23): Magento\Framework\App\Http->launch()
#62 C:\xampp\htdocs\caviar-web-magento2\vendor\magento\framework\App\Bootstrap.php(264): Magento\Framework\App\Http\Interceptor->launch()
#63 C:\xampp\htdocs\caviar-web-magento2\pub\index.php(30): Magento\Framework\App\Bootstrap->run(Object(Magento\Framework\App\Http\Interceptor))
#64 {main} {"exception":"[object] (Exception(code: 0): Warning: Undefined array key \"directiveName\" in C:\\xampp\\htdocs\\caviar-web-magento2\\vendor\\magento\\framework\\Filter\\DirectiveProcessor\\SimpleDirective.php on line 68 at C:\\xampp\\htdocs\\caviar-web-magento2\\vendor\\magento\\framework\\App\\ErrorHandler.php:62)"} []
[2025-10-03T05:56:48.132644+00:00] main.CRITICAL: Exception: Warning: Undefined array key "directiveName" in C:\xampp\htdocs\caviar-web-magento2\vendor\magento\framework\Filter\DirectiveProcessor\SimpleDirective.php on line 68 in C:\xampp\htdocs\caviar-web-magento2\vendor\magento\framework\App\ErrorHandler.php:62
Stack trace:
#0 C:\xampp\htdocs\caviar-web-magento2\vendor\magento\framework\Filter\DirectiveProcessor\SimpleDirective.php(68): Magento\Framework\App\ErrorHandler->handler(2, 'Undefined array...', 'C:\\xampp\\htdocs...', 68)
#1 C:\xampp\htdocs\caviar-web-magento2\vendor\magento\framework\Filter\DirectiveProcessor\LegacyDirective.php(47): Magento\Framework\Filter\DirectiveProcessor\SimpleDirective->process(Array, Object(Magento\Widget\Model\Template\Filter\Interceptor), Array)
#2 C:\xampp\htdocs\caviar-web-magento2\vendor\magento\framework\Filter\Template.php(272): Magento\Framework\Filter\DirectiveProcessor\LegacyDirective->process(Array, Object(Magento\Widget\Model\Template\Filter\Interceptor), Array)
#3 C:\xampp\htdocs\caviar-web-magento2\vendor\magento\framework\Filter\Template.php(206): Magento\Framework\Filter\Template->processDirectives('        <div da...')
#4 C:\xampp\htdocs\caviar-web-magento2\vendor\magento\module-email\Model\Template\Filter.php(1127): Magento\Framework\Filter\Template->filter('        <div da...')
#5 C:\xampp\htdocs\caviar-web-magento2\vendor\magento\framework\Interception\Interceptor.php(58): Magento\Email\Model\Template\Filter->filter('        <div da...')
#6 C:\xampp\htdocs\caviar-web-magento2\vendor\magento\framework\Interception\Interceptor.php(138): Magento\Widget\Model\Template\Filter\Interceptor->___callParent('filter', Array)
#7 C:\xampp\htdocs\caviar-web-magento2\vendor\magento\framework\Interception\Interceptor.php(153): Magento\Widget\Model\Template\Filter\Interceptor->Magento\Framework\Interception\{closure}('        <div da...')
#8 C:\xampp\htdocs\caviar-web-magento2\generated\code\Magento\Widget\Model\Template\Filter\Interceptor.php(284): Magento\Widget\Model\Template\Filter\Interceptor->___callPlugins('filter', Array, Array)
#9 C:\xampp\htdocs\caviar-web-magento2\vendor\goomento\module-page-builder\Block\Content.php(272): Magento\Widget\Model\Template\Filter\Interceptor->filter('        <div da...')
#10 C:\xampp\htdocs\caviar-web-magento2\vendor\magento\framework\View\Element\AbstractBlock.php(1128): Goomento\PageBuilder\Block\Content->_toHtml()
#11 C:\xampp\htdocs\caviar-web-magento2\vendor\magento\framework\View\Element\AbstractBlock.php(1132): Magento\Framework\View\Element\AbstractBlock->Magento\Framework\View\Element\{closure}()
#12 C:\xampp\htdocs\caviar-web-magento2\vendor\magento\framework\View\Element\AbstractBlock.php(676): Magento\Framework\View\Element\AbstractBlock->_loadCache()
#13 C:\xampp\htdocs\caviar-web-magento2\vendor\goomento\module-page-builder\Block\Content.php(295): Magento\Framework\View\Element\AbstractBlock->toHtml()
#14 C:\xampp\htdocs\caviar-web-magento2\vendor\magento\framework\View\Layout.php(578): Goomento\PageBuilder\Block\Content->toHtml()
#15 C:\xampp\htdocs\caviar-web-magento2\vendor\magento\framework\View\Layout.php(555): Magento\Framework\View\Layout->_renderBlock('pagebuilder.con...')
#16 C:\xampp\htdocs\caviar-web-magento2\generated\code\Magento\Framework\View\Layout\Interceptor.php(149): Magento\Framework\View\Layout->renderNonCachedElement('pagebuilder.con...')
#17 C:\xampp\htdocs\caviar-web-magento2\vendor\magento\framework\View\Layout.php(510): Magento\Framework\View\Layout\Interceptor->renderNonCachedElement('pagebuilder.con...')
#18 C:\xampp\htdocs\caviar-web-magento2\generated\code\Magento\Framework\View\Layout\Interceptor.php(140): Magento\Framework\View\Layout->renderElement('pagebuilder.con...', false)
#19 C:\xampp\htdocs\caviar-web-magento2\vendor\magento\framework\View\Layout.php(606): Magento\Framework\View\Layout\Interceptor->renderElement('pagebuilder.con...', false)
#20 C:\xampp\htdocs\caviar-web-magento2\vendor\magento\framework\View\Layout.php(557): Magento\Framework\View\Layout->_renderContainer('content', false)
#21 C:\xampp\htdocs\caviar-web-magento2\generated\code\Magento\Framework\View\Layout\Interceptor.php(149): Magento\Framework\View\Layout->renderNonCachedElement('content')
#22 C:\xampp\htdocs\caviar-web-magento2\vendor\magento\framework\View\Layout.php(510): Magento\Framework\View\Layout\Interceptor->renderNonCachedElement('content')
#23 C:\xampp\htdocs\caviar-web-magento2\generated\code\Magento\Framework\View\Layout\Interceptor.php(140): Magento\Framework\View\Layout->renderElement('content', false)
#24 C:\xampp\htdocs\caviar-web-magento2\vendor\magento\framework\View\Layout.php(606): Magento\Framework\View\Layout\Interceptor->renderElement('content', false)
#25 C:\xampp\htdocs\caviar-web-magento2\vendor\magento\framework\View\Layout.php(557): Magento\Framework\View\Layout->_renderContainer('main', false)
#26 C:\xampp\htdocs\caviar-web-magento2\generated\code\Magento\Framework\View\Layout\Interceptor.php(149): Magento\Framework\View\Layout->renderNonCachedElement('main')
#27 C:\xampp\htdocs\caviar-web-magento2\vendor\magento\framework\View\Layout.php(510): Magento\Framework\View\Layout\Interceptor->renderNonCachedElement('main')
#28 C:\xampp\htdocs\caviar-web-magento2\generated\code\Magento\Framework\View\Layout\Interceptor.php(140): Magento\Framework\View\Layout->renderElement('main', false)
#29 C:\xampp\htdocs\caviar-web-magento2\vendor\magento\framework\View\Layout.php(606): Magento\Framework\View\Layout\Interceptor->renderElement('main', false)
#30 C:\xampp\htdocs\caviar-web-magento2\vendor\magento\framework\View\Layout.php(557): Magento\Framework\View\Layout->_renderContainer('columns', false)
#31 C:\xampp\htdocs\caviar-web-magento2\generated\code\Magento\Framework\View\Layout\Interceptor.php(149): Magento\Framework\View\Layout->renderNonCachedElement('columns')
#32 C:\xampp\htdocs\caviar-web-magento2\vendor\magento\framework\View\Layout.php(510): Magento\Framework\View\Layout\Interceptor->renderNonCachedElement('columns')
#33 C:\xampp\htdocs\caviar-web-magento2\generated\code\Magento\Framework\View\Layout\Interceptor.php(140): Magento\Framework\View\Layout->renderElement('columns', false)
#34 C:\xampp\htdocs\caviar-web-magento2\vendor\magento\framework\View\Layout.php(606): Magento\Framework\View\Layout\Interceptor->renderElement('columns', false)
#35 C:\xampp\htdocs\caviar-web-magento2\vendor\magento\framework\View\Layout.php(557): Magento\Framework\View\Layout->_renderContainer('main.content', false)
#36 C:\xampp\htdocs\caviar-web-magento2\generated\code\Magento\Framework\View\Layout\Interceptor.php(149): Magento\Framework\View\Layout->renderNonCachedElement('main.content')
#37 C:\xampp\htdocs\caviar-web-magento2\vendor\magento\framework\View\Layout.php(510): Magento\Framework\View\Layout\Interceptor->renderNonCachedElement('main.content')
#38 C:\xampp\htdocs\caviar-web-magento2\generated\code\Magento\Framework\View\Layout\Interceptor.php(140): Magento\Framework\View\Layout->renderElement('main.content', false)
#39 C:\xampp\htdocs\caviar-web-magento2\vendor\magento\framework\View\Layout.php(606): Magento\Framework\View\Layout\Interceptor->renderElement('main.content', false)
#40 C:\xampp\htdocs\caviar-web-magento2\vendor\magento\framework\View\Layout.php(557): Magento\Framework\View\Layout->_renderContainer('page.wrapper', false)
#41 C:\xampp\htdocs\caviar-web-magento2\generated\code\Magento\Framework\View\Layout\Interceptor.php(149): Magento\Framework\View\Layout->renderNonCachedElement('page.wrapper')
#42 C:\xampp\htdocs\caviar-web-magento2\vendor\magento\framework\View\Layout.php(510): Magento\Framework\View\Layout\Interceptor->renderNonCachedElement('page.wrapper')
#43 C:\xampp\htdocs\caviar-web-magento2\generated\code\Magento\Framework\View\Layout\Interceptor.php(140): Magento\Framework\View\Layout->renderElement('page.wrapper', false)
#44 C:\xampp\htdocs\caviar-web-magento2\vendor\magento\framework\View\Layout.php(606): Magento\Framework\View\Layout\Interceptor->renderElement('page.wrapper', false)
#45 C:\xampp\htdocs\caviar-web-magento2\vendor\magento\framework\View\Layout.php(557): Magento\Framework\View\Layout->_renderContainer('root', false)
#46 C:\xampp\htdocs\caviar-web-magento2\generated\code\Magento\Framework\View\Layout\Interceptor.php(149): Magento\Framework\View\Layout->renderNonCachedElement('root')
#47 C:\xampp\htdocs\caviar-web-magento2\vendor\magento\framework\View\Layout.php(510): Magento\Framework\View\Layout\Interceptor->renderNonCachedElement('root')
#48 C:\xampp\htdocs\caviar-web-magento2\generated\code\Magento\Framework\View\Layout\Interceptor.php(140): Magento\Framework\View\Layout->renderElement('root', true)
#49 C:\xampp\htdocs\caviar-web-magento2\vendor\magento\framework\View\Layout.php(975): Magento\Framework\View\Layout\Interceptor->renderElement('root')
#50 C:\xampp\htdocs\caviar-web-magento2\vendor\magento\framework\Interception\Interceptor.php(58): Magento\Framework\View\Layout->getOutput()
#51 C:\xampp\htdocs\caviar-web-magento2\vendor\magento\framework\Interception\Interceptor.php(138): Magento\Framework\View\Layout\Interceptor->___callParent('getOutput', Array)
#52 C:\xampp\htdocs\caviar-web-magento2\vendor\magento\framework\Interception\Interceptor.php(153): Magento\Framework\View\Layout\Interceptor->Magento\Framework\Interception\{closure}()
#53 C:\xampp\htdocs\caviar-web-magento2\generated\code\Magento\Framework\View\Layout\Interceptor.php(347): Magento\Framework\View\Layout\Interceptor->___callPlugins('getOutput', Array, Array)
#54 C:\xampp\htdocs\caviar-web-magento2\vendor\magento\framework\View\Result\Page.php(260): Magento\Framework\View\Layout\Interceptor->getOutput()
#55 C:\xampp\htdocs\caviar-web-magento2\vendor\magento\framework\View\Result\Layout.php(171): Magento\Framework\View\Result\Page->render(Object(Magento\Framework\App\Response\Http\Interceptor))
#56 C:\xampp\htdocs\caviar-web-magento2\vendor\magento\framework\Interception\Interceptor.php(58): Magento\Framework\View\Result\Layout->renderResult(Object(Magento\Framework\App\Response\Http\Interceptor))
#57 C:\xampp\htdocs\caviar-web-magento2\vendor\magento\framework\Interception\Interceptor.php(138): Magento\Framework\View\Result\Page\Interceptor->___callParent('renderResult', Array)
#58 C:\xampp\htdocs\caviar-web-magento2\vendor\magento\framework\Interception\Interceptor.php(153): Magento\Framework\View\Result\Page\Interceptor->Magento\Framework\Interception\{closure}(Object(Magento\Framework\App\Response\Http\Interceptor))
#59 C:\xampp\htdocs\caviar-web-magento2\generated\code\Magento\Framework\View\Result\Page\Interceptor.php(95): Magento\Framework\View\Result\Page\Interceptor->___callPlugins('renderResult', Array, Array)
#60 C:\xampp\htdocs\caviar-web-magento2\vendor\magento\framework\App\Http.php(120): Magento\Framework\View\Result\Page\Interceptor->renderResult(Object(Magento\Framework\App\Response\Http\Interceptor))
#61 C:\xampp\htdocs\caviar-web-magento2\generated\code\Magento\Framework\App\Http\Interceptor.php(23): Magento\Framework\App\Http->launch()
#62 C:\xampp\htdocs\caviar-web-magento2\vendor\magento\framework\App\Bootstrap.php(264): Magento\Framework\App\Http\Interceptor->launch()
#63 C:\xampp\htdocs\caviar-web-magento2\pub\index.php(30): Magento\Framework\App\Bootstrap->run(Object(Magento\Framework\App\Http\Interceptor))
#64 {main} {"exception":"[object] (Exception(code: 0): Warning: Undefined array key \"directiveName\" in C:\\xampp\\htdocs\\caviar-web-magento2\\vendor\\magento\\framework\\Filter\\DirectiveProcessor\\SimpleDirective.php on line 68 at C:\\xampp\\htdocs\\caviar-web-magento2\\vendor\\magento\\framework\\App\\ErrorHandler.php:62)"} []
[2025-10-03T05:57:03.923910+00:00] main.CRITICAL: Exception: Warning: Undefined array key "directiveName" in C:\xampp\htdocs\caviar-web-magento2\vendor\magento\framework\Filter\DirectiveProcessor\SimpleDirective.php on line 68 in C:\xampp\htdocs\caviar-web-magento2\vendor\magento\framework\App\ErrorHandler.php:62
Stack trace:
#0 C:\xampp\htdocs\caviar-web-magento2\vendor\magento\framework\Filter\DirectiveProcessor\SimpleDirective.php(68): Magento\Framework\App\ErrorHandler->handler(2, 'Undefined array...', 'C:\\xampp\\htdocs...', 68)
#1 C:\xampp\htdocs\caviar-web-magento2\vendor\magento\framework\Filter\DirectiveProcessor\LegacyDirective.php(47): Magento\Framework\Filter\DirectiveProcessor\SimpleDirective->process(Array, Object(Magento\Widget\Model\Template\Filter\Interceptor), Array)
#2 C:\xampp\htdocs\caviar-web-magento2\vendor\magento\framework\Filter\Template.php(272): Magento\Framework\Filter\DirectiveProcessor\LegacyDirective->process(Array, Object(Magento\Widget\Model\Template\Filter\Interceptor), Array)
#3 C:\xampp\htdocs\caviar-web-magento2\vendor\magento\framework\Filter\Template.php(206): Magento\Framework\Filter\Template->processDirectives('        <div da...')
#4 C:\xampp\htdocs\caviar-web-magento2\vendor\magento\module-email\Model\Template\Filter.php(1127): Magento\Framework\Filter\Template->filter('        <div da...')
#5 C:\xampp\htdocs\caviar-web-magento2\vendor\magento\framework\Interception\Interceptor.php(58): Magento\Email\Model\Template\Filter->filter('        <div da...')
#6 C:\xampp\htdocs\caviar-web-magento2\vendor\magento\framework\Interception\Interceptor.php(138): Magento\Widget\Model\Template\Filter\Interceptor->___callParent('filter', Array)
#7 C:\xampp\htdocs\caviar-web-magento2\vendor\magento\framework\Interception\Interceptor.php(153): Magento\Widget\Model\Template\Filter\Interceptor->Magento\Framework\Interception\{closure}('        <div da...')
#8 C:\xampp\htdocs\caviar-web-magento2\generated\code\Magento\Widget\Model\Template\Filter\Interceptor.php(284): Magento\Widget\Model\Template\Filter\Interceptor->___callPlugins('filter', Array, Array)
#9 C:\xampp\htdocs\caviar-web-magento2\vendor\goomento\module-page-builder\Block\Content.php(272): Magento\Widget\Model\Template\Filter\Interceptor->filter('        <div da...')
#10 C:\xampp\htdocs\caviar-web-magento2\vendor\magento\framework\View\Element\AbstractBlock.php(1128): Goomento\PageBuilder\Block\Content->_toHtml()
#11 C:\xampp\htdocs\caviar-web-magento2\vendor\magento\framework\View\Element\AbstractBlock.php(1132): Magento\Framework\View\Element\AbstractBlock->Magento\Framework\View\Element\{closure}()
#12 C:\xampp\htdocs\caviar-web-magento2\vendor\magento\framework\View\Element\AbstractBlock.php(676): Magento\Framework\View\Element\AbstractBlock->_loadCache()
#13 C:\xampp\htdocs\caviar-web-magento2\vendor\goomento\module-page-builder\Block\Content.php(295): Magento\Framework\View\Element\AbstractBlock->toHtml()
#14 C:\xampp\htdocs\caviar-web-magento2\vendor\magento\framework\View\Layout.php(578): Goomento\PageBuilder\Block\Content->toHtml()
#15 C:\xampp\htdocs\caviar-web-magento2\vendor\magento\framework\View\Layout.php(555): Magento\Framework\View\Layout->_renderBlock('pagebuilder.con...')
#16 C:\xampp\htdocs\caviar-web-magento2\generated\code\Magento\Framework\View\Layout\Interceptor.php(149): Magento\Framework\View\Layout->renderNonCachedElement('pagebuilder.con...')
#17 C:\xampp\htdocs\caviar-web-magento2\vendor\magento\framework\View\Layout.php(510): Magento\Framework\View\Layout\Interceptor->renderNonCachedElement('pagebuilder.con...')
#18 C:\xampp\htdocs\caviar-web-magento2\generated\code\Magento\Framework\View\Layout\Interceptor.php(140): Magento\Framework\View\Layout->renderElement('pagebuilder.con...', false)
#19 C:\xampp\htdocs\caviar-web-magento2\vendor\magento\framework\View\Layout.php(606): Magento\Framework\View\Layout\Interceptor->renderElement('pagebuilder.con...', false)
#20 C:\xampp\htdocs\caviar-web-magento2\vendor\magento\framework\View\Layout.php(557): Magento\Framework\View\Layout->_renderContainer('content', false)
#21 C:\xampp\htdocs\caviar-web-magento2\generated\code\Magento\Framework\View\Layout\Interceptor.php(149): Magento\Framework\View\Layout->renderNonCachedElement('content')
#22 C:\xampp\htdocs\caviar-web-magento2\vendor\magento\framework\View\Layout.php(510): Magento\Framework\View\Layout\Interceptor->renderNonCachedElement('content')
#23 C:\xampp\htdocs\caviar-web-magento2\generated\code\Magento\Framework\View\Layout\Interceptor.php(140): Magento\Framework\View\Layout->renderElement('content', false)
#24 C:\xampp\htdocs\caviar-web-magento2\vendor\magento\framework\View\Layout.php(606): Magento\Framework\View\Layout\Interceptor->renderElement('content', false)
#25 C:\xampp\htdocs\caviar-web-magento2\vendor\magento\framework\View\Layout.php(557): Magento\Framework\View\Layout->_renderContainer('main', false)
#26 C:\xampp\htdocs\caviar-web-magento2\generated\code\Magento\Framework\View\Layout\Interceptor.php(149): Magento\Framework\View\Layout->renderNonCachedElement('main')
#27 C:\xampp\htdocs\caviar-web-magento2\vendor\magento\framework\View\Layout.php(510): Magento\Framework\View\Layout\Interceptor->renderNonCachedElement('main')
#28 C:\xampp\htdocs\caviar-web-magento2\generated\code\Magento\Framework\View\Layout\Interceptor.php(140): Magento\Framework\View\Layout->renderElement('main', false)
#29 C:\xampp\htdocs\caviar-web-magento2\vendor\magento\framework\View\Layout.php(606): Magento\Framework\View\Layout\Interceptor->renderElement('main', false)
#30 C:\xampp\htdocs\caviar-web-magento2\vendor\magento\framework\View\Layout.php(557): Magento\Framework\View\Layout->_renderContainer('columns', false)
#31 C:\xampp\htdocs\caviar-web-magento2\generated\code\Magento\Framework\View\Layout\Interceptor.php(149): Magento\Framework\View\Layout->renderNonCachedElement('columns')
#32 C:\xampp\htdocs\caviar-web-magento2\vendor\magento\framework\View\Layout.php(510): Magento\Framework\View\Layout\Interceptor->renderNonCachedElement('columns')
#33 C:\xampp\htdocs\caviar-web-magento2\generated\code\Magento\Framework\View\Layout\Interceptor.php(140): Magento\Framework\View\Layout->renderElement('columns', false)
#34 C:\xampp\htdocs\caviar-web-magento2\vendor\magento\framework\View\Layout.php(606): Magento\Framework\View\Layout\Interceptor->renderElement('columns', false)
#35 C:\xampp\htdocs\caviar-web-magento2\vendor\magento\framework\View\Layout.php(557): Magento\Framework\View\Layout->_renderContainer('main.content', false)
#36 C:\xampp\htdocs\caviar-web-magento2\generated\code\Magento\Framework\View\Layout\Interceptor.php(149): Magento\Framework\View\Layout->renderNonCachedElement('main.content')
#37 C:\xampp\htdocs\caviar-web-magento2\vendor\magento\framework\View\Layout.php(510): Magento\Framework\View\Layout\Interceptor->renderNonCachedElement('main.content')
#38 C:\xampp\htdocs\caviar-web-magento2\generated\code\Magento\Framework\View\Layout\Interceptor.php(140): Magento\Framework\View\Layout->renderElement('main.content', false)
#39 C:\xampp\htdocs\caviar-web-magento2\vendor\magento\framework\View\Layout.php(606): Magento\Framework\View\Layout\Interceptor->renderElement('main.content', false)
#40 C:\xampp\htdocs\caviar-web-magento2\vendor\magento\framework\View\Layout.php(557): Magento\Framework\View\Layout->_renderContainer('page.wrapper', false)
#41 C:\xampp\htdocs\caviar-web-magento2\generated\code\Magento\Framework\View\Layout\Interceptor.php(149): Magento\Framework\View\Layout->renderNonCachedElement('page.wrapper')
#42 C:\xampp\htdocs\caviar-web-magento2\vendor\magento\framework\View\Layout.php(510): Magento\Framework\View\Layout\Interceptor->renderNonCachedElement('page.wrapper')
#43 C:\xampp\htdocs\caviar-web-magento2\generated\code\Magento\Framework\View\Layout\Interceptor.php(140): Magento\Framework\View\Layout->renderElement('page.wrapper', false)
#44 C:\xampp\htdocs\caviar-web-magento2\vendor\magento\framework\View\Layout.php(606): Magento\Framework\View\Layout\Interceptor->renderElement('page.wrapper', false)
#45 C:\xampp\htdocs\caviar-web-magento2\vendor\magento\framework\View\Layout.php(557): Magento\Framework\View\Layout->_renderContainer('root', false)
#46 C:\xampp\htdocs\caviar-web-magento2\generated\code\Magento\Framework\View\Layout\Interceptor.php(149): Magento\Framework\View\Layout->renderNonCachedElement('root')
#47 C:\xampp\htdocs\caviar-web-magento2\vendor\magento\framework\View\Layout.php(510): Magento\Framework\View\Layout\Interceptor->renderNonCachedElement('root')
#48 C:\xampp\htdocs\caviar-web-magento2\generated\code\Magento\Framework\View\Layout\Interceptor.php(140): Magento\Framework\View\Layout->renderElement('root', true)
#49 C:\xampp\htdocs\caviar-web-magento2\vendor\magento\framework\View\Layout.php(975): Magento\Framework\View\Layout\Interceptor->renderElement('root')
#50 C:\xampp\htdocs\caviar-web-magento2\vendor\magento\framework\Interception\Interceptor.php(58): Magento\Framework\View\Layout->getOutput()
#51 C:\xampp\htdocs\caviar-web-magento2\vendor\magento\framework\Interception\Interceptor.php(138): Magento\Framework\View\Layout\Interceptor->___callParent('getOutput', Array)
#52 C:\xampp\htdocs\caviar-web-magento2\vendor\magento\framework\Interception\Interceptor.php(153): Magento\Framework\View\Layout\Interceptor->Magento\Framework\Interception\{closure}()
#53 C:\xampp\htdocs\caviar-web-magento2\generated\code\Magento\Framework\View\Layout\Interceptor.php(347): Magento\Framework\View\Layout\Interceptor->___callPlugins('getOutput', Array, Array)
#54 C:\xampp\htdocs\caviar-web-magento2\vendor\magento\framework\View\Result\Page.php(260): Magento\Framework\View\Layout\Interceptor->getOutput()
#55 C:\xampp\htdocs\caviar-web-magento2\vendor\magento\framework\View\Result\Layout.php(171): Magento\Framework\View\Result\Page->render(Object(Magento\Framework\App\Response\Http\Interceptor))
#56 C:\xampp\htdocs\caviar-web-magento2\vendor\magento\framework\Interception\Interceptor.php(58): Magento\Framework\View\Result\Layout->renderResult(Object(Magento\Framework\App\Response\Http\Interceptor))
#57 C:\xampp\htdocs\caviar-web-magento2\vendor\magento\framework\Interception\Interceptor.php(138): Magento\Framework\View\Result\Page\Interceptor->___callParent('renderResult', Array)
#58 C:\xampp\htdocs\caviar-web-magento2\vendor\magento\framework\Interception\Interceptor.php(153): Magento\Framework\View\Result\Page\Interceptor->Magento\Framework\Interception\{closure}(Object(Magento\Framework\App\Response\Http\Interceptor))
#59 C:\xampp\htdocs\caviar-web-magento2\generated\code\Magento\Framework\View\Result\Page\Interceptor.php(95): Magento\Framework\View\Result\Page\Interceptor->___callPlugins('renderResult', Array, Array)
#60 C:\xampp\htdocs\caviar-web-magento2\vendor\magento\framework\App\Http.php(120): Magento\Framework\View\Result\Page\Interceptor->renderResult(Object(Magento\Framework\App\Response\Http\Interceptor))
#61 C:\xampp\htdocs\caviar-web-magento2\generated\code\Magento\Framework\App\Http\Interceptor.php(23): Magento\Framework\App\Http->launch()
#62 C:\xampp\htdocs\caviar-web-magento2\vendor\magento\framework\App\Bootstrap.php(264): Magento\Framework\App\Http\Interceptor->launch()
#63 C:\xampp\htdocs\caviar-web-magento2\pub\index.php(30): Magento\Framework\App\Bootstrap->run(Object(Magento\Framework\App\Http\Interceptor))
#64 {main} {"exception":"[object] (Exception(code: 0): Warning: Undefined array key \"directiveName\" in C:\\xampp\\htdocs\\caviar-web-magento2\\vendor\\magento\\framework\\Filter\\DirectiveProcessor\\SimpleDirective.php on line 68 at C:\\xampp\\htdocs\\caviar-web-magento2\\vendor\\magento\\framework\\App\\ErrorHandler.php:62)"} []
[2025-10-03T05:57:11.192332+00:00] main.CRITICAL: Exception: Warning: Undefined array key "directiveName" in C:\xampp\htdocs\caviar-web-magento2\vendor\magento\framework\Filter\DirectiveProcessor\SimpleDirective.php on line 68 in C:\xampp\htdocs\caviar-web-magento2\vendor\magento\framework\App\ErrorHandler.php:62
Stack trace:
#0 C:\xampp\htdocs\caviar-web-magento2\vendor\magento\framework\Filter\DirectiveProcessor\SimpleDirective.php(68): Magento\Framework\App\ErrorHandler->handler(2, 'Undefined array...', 'C:\\xampp\\htdocs...', 68)
#1 C:\xampp\htdocs\caviar-web-magento2\vendor\magento\framework\Filter\DirectiveProcessor\LegacyDirective.php(47): Magento\Framework\Filter\DirectiveProcessor\SimpleDirective->process(Array, Object(Magento\Widget\Model\Template\Filter\Interceptor), Array)
#2 C:\xampp\htdocs\caviar-web-magento2\vendor\magento\framework\Filter\Template.php(272): Magento\Framework\Filter\DirectiveProcessor\LegacyDirective->process(Array, Object(Magento\Widget\Model\Template\Filter\Interceptor), Array)
#3 C:\xampp\htdocs\caviar-web-magento2\vendor\magento\framework\Filter\Template.php(206): Magento\Framework\Filter\Template->processDirectives('        <div da...')
#4 C:\xampp\htdocs\caviar-web-magento2\vendor\magento\module-email\Model\Template\Filter.php(1127): Magento\Framework\Filter\Template->filter('        <div da...')
#5 C:\xampp\htdocs\caviar-web-magento2\vendor\magento\framework\Interception\Interceptor.php(58): Magento\Email\Model\Template\Filter->filter('        <div da...')
#6 C:\xampp\htdocs\caviar-web-magento2\vendor\magento\framework\Interception\Interceptor.php(138): Magento\Widget\Model\Template\Filter\Interceptor->___callParent('filter', Array)
#7 C:\xampp\htdocs\caviar-web-magento2\vendor\magento\framework\Interception\Interceptor.php(153): Magento\Widget\Model\Template\Filter\Interceptor->Magento\Framework\Interception\{closure}('        <div da...')
#8 C:\xampp\htdocs\caviar-web-magento2\generated\code\Magento\Widget\Model\Template\Filter\Interceptor.php(284): Magento\Widget\Model\Template\Filter\Interceptor->___callPlugins('filter', Array, Array)
#9 C:\xampp\htdocs\caviar-web-magento2\vendor\goomento\module-page-builder\Block\Content.php(272): Magento\Widget\Model\Template\Filter\Interceptor->filter('        <div da...')
#10 C:\xampp\htdocs\caviar-web-magento2\vendor\magento\framework\View\Element\AbstractBlock.php(1128): Goomento\PageBuilder\Block\Content->_toHtml()
#11 C:\xampp\htdocs\caviar-web-magento2\vendor\magento\framework\View\Element\AbstractBlock.php(1132): Magento\Framework\View\Element\AbstractBlock->Magento\Framework\View\Element\{closure}()
#12 C:\xampp\htdocs\caviar-web-magento2\vendor\magento\framework\View\Element\AbstractBlock.php(676): Magento\Framework\View\Element\AbstractBlock->_loadCache()
#13 C:\xampp\htdocs\caviar-web-magento2\vendor\goomento\module-page-builder\Block\Content.php(295): Magento\Framework\View\Element\AbstractBlock->toHtml()
#14 C:\xampp\htdocs\caviar-web-magento2\vendor\magento\framework\View\Layout.php(578): Goomento\PageBuilder\Block\Content->toHtml()
#15 C:\xampp\htdocs\caviar-web-magento2\vendor\magento\framework\View\Layout.php(555): Magento\Framework\View\Layout->_renderBlock('pagebuilder.con...')
#16 C:\xampp\htdocs\caviar-web-magento2\generated\code\Magento\Framework\View\Layout\Interceptor.php(149): Magento\Framework\View\Layout->renderNonCachedElement('pagebuilder.con...')
#17 C:\xampp\htdocs\caviar-web-magento2\vendor\magento\framework\View\Layout.php(510): Magento\Framework\View\Layout\Interceptor->renderNonCachedElement('pagebuilder.con...')
#18 C:\xampp\htdocs\caviar-web-magento2\generated\code\Magento\Framework\View\Layout\Interceptor.php(140): Magento\Framework\View\Layout->renderElement('pagebuilder.con...', false)
#19 C:\xampp\htdocs\caviar-web-magento2\vendor\magento\framework\View\Layout.php(606): Magento\Framework\View\Layout\Interceptor->renderElement('pagebuilder.con...', false)
#20 C:\xampp\htdocs\caviar-web-magento2\vendor\magento\framework\View\Layout.php(557): Magento\Framework\View\Layout->_renderContainer('content', false)
#21 C:\xampp\htdocs\caviar-web-magento2\generated\code\Magento\Framework\View\Layout\Interceptor.php(149): Magento\Framework\View\Layout->renderNonCachedElement('content')
#22 C:\xampp\htdocs\caviar-web-magento2\vendor\magento\framework\View\Layout.php(510): Magento\Framework\View\Layout\Interceptor->renderNonCachedElement('content')
#23 C:\xampp\htdocs\caviar-web-magento2\generated\code\Magento\Framework\View\Layout\Interceptor.php(140): Magento\Framework\View\Layout->renderElement('content', false)
#24 C:\xampp\htdocs\caviar-web-magento2\vendor\magento\framework\View\Layout.php(606): Magento\Framework\View\Layout\Interceptor->renderElement('content', false)
#25 C:\xampp\htdocs\caviar-web-magento2\vendor\magento\framework\View\Layout.php(557): Magento\Framework\View\Layout->_renderContainer('main', false)
#26 C:\xampp\htdocs\caviar-web-magento2\generated\code\Magento\Framework\View\Layout\Interceptor.php(149): Magento\Framework\View\Layout->renderNonCachedElement('main')
#27 C:\xampp\htdocs\caviar-web-magento2\vendor\magento\framework\View\Layout.php(510): Magento\Framework\View\Layout\Interceptor->renderNonCachedElement('main')
#28 C:\xampp\htdocs\caviar-web-magento2\generated\code\Magento\Framework\View\Layout\Interceptor.php(140): Magento\Framework\View\Layout->renderElement('main', false)
#29 C:\xampp\htdocs\caviar-web-magento2\vendor\magento\framework\View\Layout.php(606): Magento\Framework\View\Layout\Interceptor->renderElement('main', false)
#30 C:\xampp\htdocs\caviar-web-magento2\vendor\magento\framework\View\Layout.php(557): Magento\Framework\View\Layout->_renderContainer('columns', false)
#31 C:\xampp\htdocs\caviar-web-magento2\generated\code\Magento\Framework\View\Layout\Interceptor.php(149): Magento\Framework\View\Layout->renderNonCachedElement('columns')
#32 C:\xampp\htdocs\caviar-web-magento2\vendor\magento\framework\View\Layout.php(510): Magento\Framework\View\Layout\Interceptor->renderNonCachedElement('columns')
#33 C:\xampp\htdocs\caviar-web-magento2\generated\code\Magento\Framework\View\Layout\Interceptor.php(140): Magento\Framework\View\Layout->renderElement('columns', false)
#34 C:\xampp\htdocs\caviar-web-magento2\vendor\magento\framework\View\Layout.php(606): Magento\Framework\View\Layout\Interceptor->renderElement('columns', false)
#35 C:\xampp\htdocs\caviar-web-magento2\vendor\magento\framework\View\Layout.php(557): Magento\Framework\View\Layout->_renderContainer('main.content', false)
#36 C:\xampp\htdocs\caviar-web-magento2\generated\code\Magento\Framework\View\Layout\Interceptor.php(149): Magento\Framework\View\Layout->renderNonCachedElement('main.content')
#37 C:\xampp\htdocs\caviar-web-magento2\vendor\magento\framework\View\Layout.php(510): Magento\Framework\View\Layout\Interceptor->renderNonCachedElement('main.content')
#38 C:\xampp\htdocs\caviar-web-magento2\generated\code\Magento\Framework\View\Layout\Interceptor.php(140): Magento\Framework\View\Layout->renderElement('main.content', false)
#39 C:\xampp\htdocs\caviar-web-magento2\vendor\magento\framework\View\Layout.php(606): Magento\Framework\View\Layout\Interceptor->renderElement('main.content', false)
#40 C:\xampp\htdocs\caviar-web-magento2\vendor\magento\framework\View\Layout.php(557): Magento\Framework\View\Layout->_renderContainer('page.wrapper', false)
#41 C:\xampp\htdocs\caviar-web-magento2\generated\code\Magento\Framework\View\Layout\Interceptor.php(149): Magento\Framework\View\Layout->renderNonCachedElement('page.wrapper')
#42 C:\xampp\htdocs\caviar-web-magento2\vendor\magento\framework\View\Layout.php(510): Magento\Framework\View\Layout\Interceptor->renderNonCachedElement('page.wrapper')
#43 C:\xampp\htdocs\caviar-web-magento2\generated\code\Magento\Framework\View\Layout\Interceptor.php(140): Magento\Framework\View\Layout->renderElement('page.wrapper', false)
#44 C:\xampp\htdocs\caviar-web-magento2\vendor\magento\framework\View\Layout.php(606): Magento\Framework\View\Layout\Interceptor->renderElement('page.wrapper', false)
#45 C:\xampp\htdocs\caviar-web-magento2\vendor\magento\framework\View\Layout.php(557): Magento\Framework\View\Layout->_renderContainer('root', false)
#46 C:\xampp\htdocs\caviar-web-magento2\generated\code\Magento\Framework\View\Layout\Interceptor.php(149): Magento\Framework\View\Layout->renderNonCachedElement('root')
#47 C:\xampp\htdocs\caviar-web-magento2\vendor\magento\framework\View\Layout.php(510): Magento\Framework\View\Layout\Interceptor->renderNonCachedElement('root')
#48 C:\xampp\htdocs\caviar-web-magento2\generated\code\Magento\Framework\View\Layout\Interceptor.php(140): Magento\Framework\View\Layout->renderElement('root', true)
#49 C:\xampp\htdocs\caviar-web-magento2\vendor\magento\framework\View\Layout.php(975): Magento\Framework\View\Layout\Interceptor->renderElement('root')
#50 C:\xampp\htdocs\caviar-web-magento2\vendor\magento\framework\Interception\Interceptor.php(58): Magento\Framework\View\Layout->getOutput()
#51 C:\xampp\htdocs\caviar-web-magento2\vendor\magento\framework\Interception\Interceptor.php(138): Magento\Framework\View\Layout\Interceptor->___callParent('getOutput', Array)
#52 C:\xampp\htdocs\caviar-web-magento2\vendor\magento\framework\Interception\Interceptor.php(153): Magento\Framework\View\Layout\Interceptor->Magento\Framework\Interception\{closure}()
#53 C:\xampp\htdocs\caviar-web-magento2\generated\code\Magento\Framework\View\Layout\Interceptor.php(347): Magento\Framework\View\Layout\Interceptor->___callPlugins('getOutput', Array, Array)
#54 C:\xampp\htdocs\caviar-web-magento2\vendor\magento\framework\View\Result\Page.php(260): Magento\Framework\View\Layout\Interceptor->getOutput()
#55 C:\xampp\htdocs\caviar-web-magento2\vendor\magento\framework\View\Result\Layout.php(171): Magento\Framework\View\Result\Page->render(Object(Magento\Framework\App\Response\Http\Interceptor))
#56 C:\xampp\htdocs\caviar-web-magento2\vendor\magento\framework\Interception\Interceptor.php(58): Magento\Framework\View\Result\Layout->renderResult(Object(Magento\Framework\App\Response\Http\Interceptor))
#57 C:\xampp\htdocs\caviar-web-magento2\vendor\magento\framework\Interception\Interceptor.php(138): Magento\Framework\View\Result\Page\Interceptor->___callParent('renderResult', Array)
#58 C:\xampp\htdocs\caviar-web-magento2\vendor\magento\framework\Interception\Interceptor.php(153): Magento\Framework\View\Result\Page\Interceptor->Magento\Framework\Interception\{closure}(Object(Magento\Framework\App\Response\Http\Interceptor))
#59 C:\xampp\htdocs\caviar-web-magento2\generated\code\Magento\Framework\View\Result\Page\Interceptor.php(95): Magento\Framework\View\Result\Page\Interceptor->___callPlugins('renderResult', Array, Array)
#60 C:\xampp\htdocs\caviar-web-magento2\vendor\magento\framework\App\Http.php(120): Magento\Framework\View\Result\Page\Interceptor->renderResult(Object(Magento\Framework\App\Response\Http\Interceptor))
#61 C:\xampp\htdocs\caviar-web-magento2\generated\code\Magento\Framework\App\Http\Interceptor.php(23): Magento\Framework\App\Http->launch()
#62 C:\xampp\htdocs\caviar-web-magento2\vendor\magento\framework\App\Bootstrap.php(264): Magento\Framework\App\Http\Interceptor->launch()
#63 C:\xampp\htdocs\caviar-web-magento2\pub\index.php(30): Magento\Framework\App\Bootstrap->run(Object(Magento\Framework\App\Http\Interceptor))
#64 {main} {"exception":"[object] (Exception(code: 0): Warning: Undefined array key \"directiveName\" in C:\\xampp\\htdocs\\caviar-web-magento2\\vendor\\magento\\framework\\Filter\\DirectiveProcessor\\SimpleDirective.php on line 68 at C:\\xampp\\htdocs\\caviar-web-magento2\\vendor\\magento\\framework\\App\\ErrorHandler.php:62)"} []
[2025-10-03T05:57:25.582188+00:00] main.CRITICAL: Exception: Warning: Undefined array key "directiveName" in C:\xampp\htdocs\caviar-web-magento2\vendor\magento\framework\Filter\DirectiveProcessor\SimpleDirective.php on line 68 in C:\xampp\htdocs\caviar-web-magento2\vendor\magento\framework\App\ErrorHandler.php:62
Stack trace:
#0 C:\xampp\htdocs\caviar-web-magento2\vendor\magento\framework\Filter\DirectiveProcessor\SimpleDirective.php(68): Magento\Framework\App\ErrorHandler->handler(2, 'Undefined array...', 'C:\\xampp\\htdocs...', 68)
#1 C:\xampp\htdocs\caviar-web-magento2\vendor\magento\framework\Filter\DirectiveProcessor\LegacyDirective.php(47): Magento\Framework\Filter\DirectiveProcessor\SimpleDirective->process(Array, Object(Magento\Widget\Model\Template\Filter\Interceptor), Array)
#2 C:\xampp\htdocs\caviar-web-magento2\vendor\magento\framework\Filter\Template.php(272): Magento\Framework\Filter\DirectiveProcessor\LegacyDirective->process(Array, Object(Magento\Widget\Model\Template\Filter\Interceptor), Array)
#3 C:\xampp\htdocs\caviar-web-magento2\vendor\magento\framework\Filter\Template.php(206): Magento\Framework\Filter\Template->processDirectives('        <div da...')
#4 C:\xampp\htdocs\caviar-web-magento2\vendor\magento\module-email\Model\Template\Filter.php(1127): Magento\Framework\Filter\Template->filter('        <div da...')
#5 C:\xampp\htdocs\caviar-web-magento2\vendor\magento\framework\Interception\Interceptor.php(58): Magento\Email\Model\Template\Filter->filter('        <div da...')
#6 C:\xampp\htdocs\caviar-web-magento2\vendor\magento\framework\Interception\Interceptor.php(138): Magento\Widget\Model\Template\Filter\Interceptor->___callParent('filter', Array)
#7 C:\xampp\htdocs\caviar-web-magento2\vendor\magento\framework\Interception\Interceptor.php(153): Magento\Widget\Model\Template\Filter\Interceptor->Magento\Framework\Interception\{closure}('        <div da...')
#8 C:\xampp\htdocs\caviar-web-magento2\generated\code\Magento\Widget\Model\Template\Filter\Interceptor.php(284): Magento\Widget\Model\Template\Filter\Interceptor->___callPlugins('filter', Array, Array)
#9 C:\xampp\htdocs\caviar-web-magento2\vendor\goomento\module-page-builder\Block\Content.php(272): Magento\Widget\Model\Template\Filter\Interceptor->filter('        <div da...')
#10 C:\xampp\htdocs\caviar-web-magento2\vendor\magento\framework\View\Element\AbstractBlock.php(1128): Goomento\PageBuilder\Block\Content->_toHtml()
#11 C:\xampp\htdocs\caviar-web-magento2\vendor\magento\framework\View\Element\AbstractBlock.php(1132): Magento\Framework\View\Element\AbstractBlock->Magento\Framework\View\Element\{closure}()
#12 C:\xampp\htdocs\caviar-web-magento2\vendor\magento\framework\View\Element\AbstractBlock.php(676): Magento\Framework\View\Element\AbstractBlock->_loadCache()
#13 C:\xampp\htdocs\caviar-web-magento2\vendor\goomento\module-page-builder\Block\Content.php(295): Magento\Framework\View\Element\AbstractBlock->toHtml()
#14 C:\xampp\htdocs\caviar-web-magento2\vendor\magento\framework\View\Layout.php(578): Goomento\PageBuilder\Block\Content->toHtml()
#15 C:\xampp\htdocs\caviar-web-magento2\vendor\magento\framework\View\Layout.php(555): Magento\Framework\View\Layout->_renderBlock('pagebuilder.con...')
#16 C:\xampp\htdocs\caviar-web-magento2\generated\code\Magento\Framework\View\Layout\Interceptor.php(149): Magento\Framework\View\Layout->renderNonCachedElement('pagebuilder.con...')
#17 C:\xampp\htdocs\caviar-web-magento2\vendor\magento\framework\View\Layout.php(510): Magento\Framework\View\Layout\Interceptor->renderNonCachedElement('pagebuilder.con...')
#18 C:\xampp\htdocs\caviar-web-magento2\generated\code\Magento\Framework\View\Layout\Interceptor.php(140): Magento\Framework\View\Layout->renderElement('pagebuilder.con...', false)
#19 C:\xampp\htdocs\caviar-web-magento2\vendor\magento\framework\View\Layout.php(606): Magento\Framework\View\Layout\Interceptor->renderElement('pagebuilder.con...', false)
#20 C:\xampp\htdocs\caviar-web-magento2\vendor\magento\framework\View\Layout.php(557): Magento\Framework\View\Layout->_renderContainer('content', false)
#21 C:\xampp\htdocs\caviar-web-magento2\generated\code\Magento\Framework\View\Layout\Interceptor.php(149): Magento\Framework\View\Layout->renderNonCachedElement('content')
#22 C:\xampp\htdocs\caviar-web-magento2\vendor\magento\framework\View\Layout.php(510): Magento\Framework\View\Layout\Interceptor->renderNonCachedElement('content')
#23 C:\xampp\htdocs\caviar-web-magento2\generated\code\Magento\Framework\View\Layout\Interceptor.php(140): Magento\Framework\View\Layout->renderElement('content', false)
#24 C:\xampp\htdocs\caviar-web-magento2\vendor\magento\framework\View\Layout.php(606): Magento\Framework\View\Layout\Interceptor->renderElement('content', false)
#25 C:\xampp\htdocs\caviar-web-magento2\vendor\magento\framework\View\Layout.php(557): Magento\Framework\View\Layout->_renderContainer('main', false)
#26 C:\xampp\htdocs\caviar-web-magento2\generated\code\Magento\Framework\View\Layout\Interceptor.php(149): Magento\Framework\View\Layout->renderNonCachedElement('main')
#27 C:\xampp\htdocs\caviar-web-magento2\vendor\magento\framework\View\Layout.php(510): Magento\Framework\View\Layout\Interceptor->renderNonCachedElement('main')
#28 C:\xampp\htdocs\caviar-web-magento2\generated\code\Magento\Framework\View\Layout\Interceptor.php(140): Magento\Framework\View\Layout->renderElement('main', false)
#29 C:\xampp\htdocs\caviar-web-magento2\vendor\magento\framework\View\Layout.php(606): Magento\Framework\View\Layout\Interceptor->renderElement('main', false)
#30 C:\xampp\htdocs\caviar-web-magento2\vendor\magento\framework\View\Layout.php(557): Magento\Framework\View\Layout->_renderContainer('columns', false)
#31 C:\xampp\htdocs\caviar-web-magento2\generated\code\Magento\Framework\View\Layout\Interceptor.php(149): Magento\Framework\View\Layout->renderNonCachedElement('columns')
#32 C:\xampp\htdocs\caviar-web-magento2\vendor\magento\framework\View\Layout.php(510): Magento\Framework\View\Layout\Interceptor->renderNonCachedElement('columns')
#33 C:\xampp\htdocs\caviar-web-magento2\generated\code\Magento\Framework\View\Layout\Interceptor.php(140): Magento\Framework\View\Layout->renderElement('columns', false)
#34 C:\xampp\htdocs\caviar-web-magento2\vendor\magento\framework\View\Layout.php(606): Magento\Framework\View\Layout\Interceptor->renderElement('columns', false)
#35 C:\xampp\htdocs\caviar-web-magento2\vendor\magento\framework\View\Layout.php(557): Magento\Framework\View\Layout->_renderContainer('main.content', false)
#36 C:\xampp\htdocs\caviar-web-magento2\generated\code\Magento\Framework\View\Layout\Interceptor.php(149): Magento\Framework\View\Layout->renderNonCachedElement('main.content')
#37 C:\xampp\htdocs\caviar-web-magento2\vendor\magento\framework\View\Layout.php(510): Magento\Framework\View\Layout\Interceptor->renderNonCachedElement('main.content')
#38 C:\xampp\htdocs\caviar-web-magento2\generated\code\Magento\Framework\View\Layout\Interceptor.php(140): Magento\Framework\View\Layout->renderElement('main.content', false)
#39 C:\xampp\htdocs\caviar-web-magento2\vendor\magento\framework\View\Layout.php(606): Magento\Framework\View\Layout\Interceptor->renderElement('main.content', false)
#40 C:\xampp\htdocs\caviar-web-magento2\vendor\magento\framework\View\Layout.php(557): Magento\Framework\View\Layout->_renderContainer('page.wrapper', false)
#41 C:\xampp\htdocs\caviar-web-magento2\generated\code\Magento\Framework\View\Layout\Interceptor.php(149): Magento\Framework\View\Layout->renderNonCachedElement('page.wrapper')
#42 C:\xampp\htdocs\caviar-web-magento2\vendor\magento\framework\View\Layout.php(510): Magento\Framework\View\Layout\Interceptor->renderNonCachedElement('page.wrapper')
#43 C:\xampp\htdocs\caviar-web-magento2\generated\code\Magento\Framework\View\Layout\Interceptor.php(140): Magento\Framework\View\Layout->renderElement('page.wrapper', false)
#44 C:\xampp\htdocs\caviar-web-magento2\vendor\magento\framework\View\Layout.php(606): Magento\Framework\View\Layout\Interceptor->renderElement('page.wrapper', false)
#45 C:\xampp\htdocs\caviar-web-magento2\vendor\magento\framework\View\Layout.php(557): Magento\Framework\View\Layout->_renderContainer('root', false)
#46 C:\xampp\htdocs\caviar-web-magento2\generated\code\Magento\Framework\View\Layout\Interceptor.php(149): Magento\Framework\View\Layout->renderNonCachedElement('root')
#47 C:\xampp\htdocs\caviar-web-magento2\vendor\magento\framework\View\Layout.php(510): Magento\Framework\View\Layout\Interceptor->renderNonCachedElement('root')
#48 C:\xampp\htdocs\caviar-web-magento2\generated\code\Magento\Framework\View\Layout\Interceptor.php(140): Magento\Framework\View\Layout->renderElement('root', true)
#49 C:\xampp\htdocs\caviar-web-magento2\vendor\magento\framework\View\Layout.php(975): Magento\Framework\View\Layout\Interceptor->renderElement('root')
#50 C:\xampp\htdocs\caviar-web-magento2\vendor\magento\framework\Interception\Interceptor.php(58): Magento\Framework\View\Layout->getOutput()
#51 C:\xampp\htdocs\caviar-web-magento2\vendor\magento\framework\Interception\Interceptor.php(138): Magento\Framework\View\Layout\Interceptor->___callParent('getOutput', Array)
#52 C:\xampp\htdocs\caviar-web-magento2\vendor\magento\framework\Interception\Interceptor.php(153): Magento\Framework\View\Layout\Interceptor->Magento\Framework\Interception\{closure}()
#53 C:\xampp\htdocs\caviar-web-magento2\generated\code\Magento\Framework\View\Layout\Interceptor.php(347): Magento\Framework\View\Layout\Interceptor->___callPlugins('getOutput', Array, Array)
#54 C:\xampp\htdocs\caviar-web-magento2\vendor\magento\framework\View\Result\Page.php(260): Magento\Framework\View\Layout\Interceptor->getOutput()
#55 C:\xampp\htdocs\caviar-web-magento2\vendor\magento\framework\View\Result\Layout.php(171): Magento\Framework\View\Result\Page->render(Object(Magento\Framework\App\Response\Http\Interceptor))
#56 C:\xampp\htdocs\caviar-web-magento2\vendor\magento\framework\Interception\Interceptor.php(58): Magento\Framework\View\Result\Layout->renderResult(Object(Magento\Framework\App\Response\Http\Interceptor))
#57 C:\xampp\htdocs\caviar-web-magento2\vendor\magento\framework\Interception\Interceptor.php(138): Magento\Framework\View\Result\Page\Interceptor->___callParent('renderResult', Array)
#58 C:\xampp\htdocs\caviar-web-magento2\vendor\magento\framework\Interception\Interceptor.php(153): Magento\Framework\View\Result\Page\Interceptor->Magento\Framework\Interception\{closure}(Object(Magento\Framework\App\Response\Http\Interceptor))
#59 C:\xampp\htdocs\caviar-web-magento2\generated\code\Magento\Framework\View\Result\Page\Interceptor.php(95): Magento\Framework\View\Result\Page\Interceptor->___callPlugins('renderResult', Array, Array)
#60 C:\xampp\htdocs\caviar-web-magento2\vendor\magento\framework\App\Http.php(120): Magento\Framework\View\Result\Page\Interceptor->renderResult(Object(Magento\Framework\App\Response\Http\Interceptor))
#61 C:\xampp\htdocs\caviar-web-magento2\generated\code\Magento\Framework\App\Http\Interceptor.php(23): Magento\Framework\App\Http->launch()
#62 C:\xampp\htdocs\caviar-web-magento2\vendor\magento\framework\App\Bootstrap.php(264): Magento\Framework\App\Http\Interceptor->launch()
#63 C:\xampp\htdocs\caviar-web-magento2\pub\index.php(30): Magento\Framework\App\Bootstrap->run(Object(Magento\Framework\App\Http\Interceptor))
#64 {main} {"exception":"[object] (Exception(code: 0): Warning: Undefined array key \"directiveName\" in C:\\xampp\\htdocs\\caviar-web-magento2\\vendor\\magento\\framework\\Filter\\DirectiveProcessor\\SimpleDirective.php on line 68 at C:\\xampp\\htdocs\\caviar-web-magento2\\vendor\\magento\\framework\\App\\ErrorHandler.php:62)"} []
[2025-10-03T05:57:29.780994+00:00] main.CRITICAL: Exception: Warning: Undefined array key "directiveName" in C:\xampp\htdocs\caviar-web-magento2\vendor\magento\framework\Filter\DirectiveProcessor\SimpleDirective.php on line 68 in C:\xampp\htdocs\caviar-web-magento2\vendor\magento\framework\App\ErrorHandler.php:62
Stack trace:
#0 C:\xampp\htdocs\caviar-web-magento2\vendor\magento\framework\Filter\DirectiveProcessor\SimpleDirective.php(68): Magento\Framework\App\ErrorHandler->handler(2, 'Undefined array...', 'C:\\xampp\\htdocs...', 68)
#1 C:\xampp\htdocs\caviar-web-magento2\vendor\magento\framework\Filter\DirectiveProcessor\LegacyDirective.php(47): Magento\Framework\Filter\DirectiveProcessor\SimpleDirective->process(Array, Object(Magento\Widget\Model\Template\Filter\Interceptor), Array)
#2 C:\xampp\htdocs\caviar-web-magento2\vendor\magento\framework\Filter\Template.php(272): Magento\Framework\Filter\DirectiveProcessor\LegacyDirective->process(Array, Object(Magento\Widget\Model\Template\Filter\Interceptor), Array)
#3 C:\xampp\htdocs\caviar-web-magento2\vendor\magento\framework\Filter\Template.php(206): Magento\Framework\Filter\Template->processDirectives('        <div da...')
#4 C:\xampp\htdocs\caviar-web-magento2\vendor\magento\module-email\Model\Template\Filter.php(1127): Magento\Framework\Filter\Template->filter('        <div da...')
#5 C:\xampp\htdocs\caviar-web-magento2\vendor\magento\framework\Interception\Interceptor.php(58): Magento\Email\Model\Template\Filter->filter('        <div da...')
#6 C:\xampp\htdocs\caviar-web-magento2\vendor\magento\framework\Interception\Interceptor.php(138): Magento\Widget\Model\Template\Filter\Interceptor->___callParent('filter', Array)
#7 C:\xampp\htdocs\caviar-web-magento2\vendor\magento\framework\Interception\Interceptor.php(153): Magento\Widget\Model\Template\Filter\Interceptor->Magento\Framework\Interception\{closure}('        <div da...')
#8 C:\xampp\htdocs\caviar-web-magento2\generated\code\Magento\Widget\Model\Template\Filter\Interceptor.php(284): Magento\Widget\Model\Template\Filter\Interceptor->___callPlugins('filter', Array, Array)
#9 C:\xampp\htdocs\caviar-web-magento2\vendor\goomento\module-page-builder\Block\Content.php(272): Magento\Widget\Model\Template\Filter\Interceptor->filter('        <div da...')
#10 C:\xampp\htdocs\caviar-web-magento2\vendor\magento\framework\View\Element\AbstractBlock.php(1128): Goomento\PageBuilder\Block\Content->_toHtml()
#11 C:\xampp\htdocs\caviar-web-magento2\vendor\magento\framework\View\Element\AbstractBlock.php(1132): Magento\Framework\View\Element\AbstractBlock->Magento\Framework\View\Element\{closure}()
#12 C:\xampp\htdocs\caviar-web-magento2\vendor\magento\framework\View\Element\AbstractBlock.php(676): Magento\Framework\View\Element\AbstractBlock->_loadCache()
#13 C:\xampp\htdocs\caviar-web-magento2\vendor\goomento\module-page-builder\Block\Content.php(295): Magento\Framework\View\Element\AbstractBlock->toHtml()
#14 C:\xampp\htdocs\caviar-web-magento2\vendor\magento\framework\View\Layout.php(578): Goomento\PageBuilder\Block\Content->toHtml()
#15 C:\xampp\htdocs\caviar-web-magento2\vendor\magento\framework\View\Layout.php(555): Magento\Framework\View\Layout->_renderBlock('pagebuilder.con...')
#16 C:\xampp\htdocs\caviar-web-magento2\generated\code\Magento\Framework\View\Layout\Interceptor.php(149): Magento\Framework\View\Layout->renderNonCachedElement('pagebuilder.con...')
#17 C:\xampp\htdocs\caviar-web-magento2\vendor\magento\framework\View\Layout.php(510): Magento\Framework\View\Layout\Interceptor->renderNonCachedElement('pagebuilder.con...')
#18 C:\xampp\htdocs\caviar-web-magento2\generated\code\Magento\Framework\View\Layout\Interceptor.php(140): Magento\Framework\View\Layout->renderElement('pagebuilder.con...', false)
#19 C:\xampp\htdocs\caviar-web-magento2\vendor\magento\framework\View\Layout.php(606): Magento\Framework\View\Layout\Interceptor->renderElement('pagebuilder.con...', false)
#20 C:\xampp\htdocs\caviar-web-magento2\vendor\magento\framework\View\Layout.php(557): Magento\Framework\View\Layout->_renderContainer('content', false)
#21 C:\xampp\htdocs\caviar-web-magento2\generated\code\Magento\Framework\View\Layout\Interceptor.php(149): Magento\Framework\View\Layout->renderNonCachedElement('content')
#22 C:\xampp\htdocs\caviar-web-magento2\vendor\magento\framework\View\Layout.php(510): Magento\Framework\View\Layout\Interceptor->renderNonCachedElement('content')
#23 C:\xampp\htdocs\caviar-web-magento2\generated\code\Magento\Framework\View\Layout\Interceptor.php(140): Magento\Framework\View\Layout->renderElement('content', false)
#24 C:\xampp\htdocs\caviar-web-magento2\vendor\magento\framework\View\Layout.php(606): Magento\Framework\View\Layout\Interceptor->renderElement('content', false)
#25 C:\xampp\htdocs\caviar-web-magento2\vendor\magento\framework\View\Layout.php(557): Magento\Framework\View\Layout->_renderContainer('main', false)
#26 C:\xampp\htdocs\caviar-web-magento2\generated\code\Magento\Framework\View\Layout\Interceptor.php(149): Magento\Framework\View\Layout->renderNonCachedElement('main')
#27 C:\xampp\htdocs\caviar-web-magento2\vendor\magento\framework\View\Layout.php(510): Magento\Framework\View\Layout\Interceptor->renderNonCachedElement('main')
#28 C:\xampp\htdocs\caviar-web-magento2\generated\code\Magento\Framework\View\Layout\Interceptor.php(140): Magento\Framework\View\Layout->renderElement('main', false)
#29 C:\xampp\htdocs\caviar-web-magento2\vendor\magento\framework\View\Layout.php(606): Magento\Framework\View\Layout\Interceptor->renderElement('main', false)
#30 C:\xampp\htdocs\caviar-web-magento2\vendor\magento\framework\View\Layout.php(557): Magento\Framework\View\Layout->_renderContainer('columns', false)
#31 C:\xampp\htdocs\caviar-web-magento2\generated\code\Magento\Framework\View\Layout\Interceptor.php(149): Magento\Framework\View\Layout->renderNonCachedElement('columns')
#32 C:\xampp\htdocs\caviar-web-magento2\vendor\magento\framework\View\Layout.php(510): Magento\Framework\View\Layout\Interceptor->renderNonCachedElement('columns')
#33 C:\xampp\htdocs\caviar-web-magento2\generated\code\Magento\Framework\View\Layout\Interceptor.php(140): Magento\Framework\View\Layout->renderElement('columns', false)
#34 C:\xampp\htdocs\caviar-web-magento2\vendor\magento\framework\View\Layout.php(606): Magento\Framework\View\Layout\Interceptor->renderElement('columns', false)
#35 C:\xampp\htdocs\caviar-web-magento2\vendor\magento\framework\View\Layout.php(557): Magento\Framework\View\Layout->_renderContainer('main.content', false)
#36 C:\xampp\htdocs\caviar-web-magento2\generated\code\Magento\Framework\View\Layout\Interceptor.php(149): Magento\Framework\View\Layout->renderNonCachedElement('main.content')
#37 C:\xampp\htdocs\caviar-web-magento2\vendor\magento\framework\View\Layout.php(510): Magento\Framework\View\Layout\Interceptor->renderNonCachedElement('main.content')
#38 C:\xampp\htdocs\caviar-web-magento2\generated\code\Magento\Framework\View\Layout\Interceptor.php(140): Magento\Framework\View\Layout->renderElement('main.content', false)
#39 C:\xampp\htdocs\caviar-web-magento2\vendor\magento\framework\View\Layout.php(606): Magento\Framework\View\Layout\Interceptor->renderElement('main.content', false)
#40 C:\xampp\htdocs\caviar-web-magento2\vendor\magento\framework\View\Layout.php(557): Magento\Framework\View\Layout->_renderContainer('page.wrapper', false)
#41 C:\xampp\htdocs\caviar-web-magento2\generated\code\Magento\Framework\View\Layout\Interceptor.php(149): Magento\Framework\View\Layout->renderNonCachedElement('page.wrapper')
#42 C:\xampp\htdocs\caviar-web-magento2\vendor\magento\framework\View\Layout.php(510): Magento\Framework\View\Layout\Interceptor->renderNonCachedElement('page.wrapper')
#43 C:\xampp\htdocs\caviar-web-magento2\generated\code\Magento\Framework\View\Layout\Interceptor.php(140): Magento\Framework\View\Layout->renderElement('page.wrapper', false)
#44 C:\xampp\htdocs\caviar-web-magento2\vendor\magento\framework\View\Layout.php(606): Magento\Framework\View\Layout\Interceptor->renderElement('page.wrapper', false)
#45 C:\xampp\htdocs\caviar-web-magento2\vendor\magento\framework\View\Layout.php(557): Magento\Framework\View\Layout->_renderContainer('root', false)
#46 C:\xampp\htdocs\caviar-web-magento2\generated\code\Magento\Framework\View\Layout\Interceptor.php(149): Magento\Framework\View\Layout->renderNonCachedElement('root')
#47 C:\xampp\htdocs\caviar-web-magento2\vendor\magento\framework\View\Layout.php(510): Magento\Framework\View\Layout\Interceptor->renderNonCachedElement('root')
#48 C:\xampp\htdocs\caviar-web-magento2\generated\code\Magento\Framework\View\Layout\Interceptor.php(140): Magento\Framework\View\Layout->renderElement('root', true)
#49 C:\xampp\htdocs\caviar-web-magento2\vendor\magento\framework\View\Layout.php(975): Magento\Framework\View\Layout\Interceptor->renderElement('root')
#50 C:\xampp\htdocs\caviar-web-magento2\vendor\magento\framework\Interception\Interceptor.php(58): Magento\Framework\View\Layout->getOutput()
#51 C:\xampp\htdocs\caviar-web-magento2\vendor\magento\framework\Interception\Interceptor.php(138): Magento\Framework\View\Layout\Interceptor->___callParent('getOutput', Array)
#52 C:\xampp\htdocs\caviar-web-magento2\vendor\magento\framework\Interception\Interceptor.php(153): Magento\Framework\View\Layout\Interceptor->Magento\Framework\Interception\{closure}()
#53 C:\xampp\htdocs\caviar-web-magento2\generated\code\Magento\Framework\View\Layout\Interceptor.php(347): Magento\Framework\View\Layout\Interceptor->___callPlugins('getOutput', Array, Array)
#54 C:\xampp\htdocs\caviar-web-magento2\vendor\magento\framework\View\Result\Page.php(260): Magento\Framework\View\Layout\Interceptor->getOutput()
#55 C:\xampp\htdocs\caviar-web-magento2\vendor\magento\framework\View\Result\Layout.php(171): Magento\Framework\View\Result\Page->render(Object(Magento\Framework\App\Response\Http\Interceptor))
#56 C:\xampp\htdocs\caviar-web-magento2\vendor\magento\framework\Interception\Interceptor.php(58): Magento\Framework\View\Result\Layout->renderResult(Object(Magento\Framework\App\Response\Http\Interceptor))
#57 C:\xampp\htdocs\caviar-web-magento2\vendor\magento\framework\Interception\Interceptor.php(138): Magento\Framework\View\Result\Page\Interceptor->___callParent('renderResult', Array)
#58 C:\xampp\htdocs\caviar-web-magento2\vendor\magento\framework\Interception\Interceptor.php(153): Magento\Framework\View\Result\Page\Interceptor->Magento\Framework\Interception\{closure}(Object(Magento\Framework\App\Response\Http\Interceptor))
#59 C:\xampp\htdocs\caviar-web-magento2\generated\code\Magento\Framework\View\Result\Page\Interceptor.php(95): Magento\Framework\View\Result\Page\Interceptor->___callPlugins('renderResult', Array, Array)
#60 C:\xampp\htdocs\caviar-web-magento2\vendor\magento\framework\App\Http.php(120): Magento\Framework\View\Result\Page\Interceptor->renderResult(Object(Magento\Framework\App\Response\Http\Interceptor))
#61 C:\xampp\htdocs\caviar-web-magento2\generated\code\Magento\Framework\App\Http\Interceptor.php(23): Magento\Framework\App\Http->launch()
#62 C:\xampp\htdocs\caviar-web-magento2\vendor\magento\framework\App\Bootstrap.php(264): Magento\Framework\App\Http\Interceptor->launch()
#63 C:\xampp\htdocs\caviar-web-magento2\pub\index.php(30): Magento\Framework\App\Bootstrap->run(Object(Magento\Framework\App\Http\Interceptor))
#64 {main} {"exception":"[object] (Exception(code: 0): Warning: Undefined array key \"directiveName\" in C:\\xampp\\htdocs\\caviar-web-magento2\\vendor\\magento\\framework\\Filter\\DirectiveProcessor\\SimpleDirective.php on line 68 at C:\\xampp\\htdocs\\caviar-web-magento2\\vendor\\magento\\framework\\App\\ErrorHandler.php:62)"} []
[2025-10-03T06:19:19.899683+00:00] main.CRITICAL: Exception: Warning: Undefined array key "directiveName" in C:\xampp\htdocs\caviar-web-magento2\vendor\magento\framework\Filter\DirectiveProcessor\SimpleDirective.php on line 68 in C:\xampp\htdocs\caviar-web-magento2\vendor\magento\framework\App\ErrorHandler.php:62
Stack trace:
#0 C:\xampp\htdocs\caviar-web-magento2\vendor\magento\framework\Filter\DirectiveProcessor\SimpleDirective.php(68): Magento\Framework\App\ErrorHandler->handler(2, 'Undefined array...', 'C:\\xampp\\htdocs...', 68)
#1 C:\xampp\htdocs\caviar-web-magento2\vendor\magento\framework\Filter\DirectiveProcessor\LegacyDirective.php(47): Magento\Framework\Filter\DirectiveProcessor\SimpleDirective->process(Array, Object(Magento\Widget\Model\Template\Filter\Interceptor), Array)
#2 C:\xampp\htdocs\caviar-web-magento2\vendor\magento\framework\Filter\Template.php(272): Magento\Framework\Filter\DirectiveProcessor\LegacyDirective->process(Array, Object(Magento\Widget\Model\Template\Filter\Interceptor), Array)
#3 C:\xampp\htdocs\caviar-web-magento2\vendor\magento\framework\Filter\Template.php(206): Magento\Framework\Filter\Template->processDirectives('        <div da...')
#4 C:\xampp\htdocs\caviar-web-magento2\vendor\magento\module-email\Model\Template\Filter.php(1127): Magento\Framework\Filter\Template->filter('        <div da...')
#5 C:\xampp\htdocs\caviar-web-magento2\vendor\magento\framework\Interception\Interceptor.php(58): Magento\Email\Model\Template\Filter->filter('        <div da...')
#6 C:\xampp\htdocs\caviar-web-magento2\vendor\magento\framework\Interception\Interceptor.php(138): Magento\Widget\Model\Template\Filter\Interceptor->___callParent('filter', Array)
#7 C:\xampp\htdocs\caviar-web-magento2\vendor\magento\framework\Interception\Interceptor.php(153): Magento\Widget\Model\Template\Filter\Interceptor->Magento\Framework\Interception\{closure}('        <div da...')
#8 C:\xampp\htdocs\caviar-web-magento2\generated\code\Magento\Widget\Model\Template\Filter\Interceptor.php(284): Magento\Widget\Model\Template\Filter\Interceptor->___callPlugins('filter', Array, Array)
#9 C:\xampp\htdocs\caviar-web-magento2\vendor\goomento\module-page-builder\Block\Content.php(272): Magento\Widget\Model\Template\Filter\Interceptor->filter('        <div da...')
#10 C:\xampp\htdocs\caviar-web-magento2\vendor\magento\framework\View\Element\AbstractBlock.php(1128): Goomento\PageBuilder\Block\Content->_toHtml()
#11 C:\xampp\htdocs\caviar-web-magento2\vendor\magento\framework\View\Element\AbstractBlock.php(1132): Magento\Framework\View\Element\AbstractBlock->Magento\Framework\View\Element\{closure}()
#12 C:\xampp\htdocs\caviar-web-magento2\vendor\magento\framework\View\Element\AbstractBlock.php(676): Magento\Framework\View\Element\AbstractBlock->_loadCache()
#13 C:\xampp\htdocs\caviar-web-magento2\vendor\goomento\module-page-builder\Block\Content.php(295): Magento\Framework\View\Element\AbstractBlock->toHtml()
#14 C:\xampp\htdocs\caviar-web-magento2\vendor\magento\framework\View\Layout.php(578): Goomento\PageBuilder\Block\Content->toHtml()
#15 C:\xampp\htdocs\caviar-web-magento2\vendor\magento\framework\View\Layout.php(555): Magento\Framework\View\Layout->_renderBlock('pagebuilder.con...')
#16 C:\xampp\htdocs\caviar-web-magento2\generated\code\Magento\Framework\View\Layout\Interceptor.php(149): Magento\Framework\View\Layout->renderNonCachedElement('pagebuilder.con...')
#17 C:\xampp\htdocs\caviar-web-magento2\vendor\magento\framework\View\Layout.php(510): Magento\Framework\View\Layout\Interceptor->renderNonCachedElement('pagebuilder.con...')
#18 C:\xampp\htdocs\caviar-web-magento2\generated\code\Magento\Framework\View\Layout\Interceptor.php(140): Magento\Framework\View\Layout->renderElement('pagebuilder.con...', false)
#19 C:\xampp\htdocs\caviar-web-magento2\vendor\magento\framework\View\Layout.php(606): Magento\Framework\View\Layout\Interceptor->renderElement('pagebuilder.con...', false)
#20 C:\xampp\htdocs\caviar-web-magento2\vendor\magento\framework\View\Layout.php(557): Magento\Framework\View\Layout->_renderContainer('content', false)
#21 C:\xampp\htdocs\caviar-web-magento2\generated\code\Magento\Framework\View\Layout\Interceptor.php(149): Magento\Framework\View\Layout->renderNonCachedElement('content')
#22 C:\xampp\htdocs\caviar-web-magento2\vendor\magento\framework\View\Layout.php(510): Magento\Framework\View\Layout\Interceptor->renderNonCachedElement('content')
#23 C:\xampp\htdocs\caviar-web-magento2\generated\code\Magento\Framework\View\Layout\Interceptor.php(140): Magento\Framework\View\Layout->renderElement('content', false)
#24 C:\xampp\htdocs\caviar-web-magento2\vendor\magento\framework\View\Layout.php(606): Magento\Framework\View\Layout\Interceptor->renderElement('content', false)
#25 C:\xampp\htdocs\caviar-web-magento2\vendor\magento\framework\View\Layout.php(557): Magento\Framework\View\Layout->_renderContainer('main', false)
#26 C:\xampp\htdocs\caviar-web-magento2\generated\code\Magento\Framework\View\Layout\Interceptor.php(149): Magento\Framework\View\Layout->renderNonCachedElement('main')
#27 C:\xampp\htdocs\caviar-web-magento2\vendor\magento\framework\View\Layout.php(510): Magento\Framework\View\Layout\Interceptor->renderNonCachedElement('main')
#28 C:\xampp\htdocs\caviar-web-magento2\generated\code\Magento\Framework\View\Layout\Interceptor.php(140): Magento\Framework\View\Layout->renderElement('main', false)
#29 C:\xampp\htdocs\caviar-web-magento2\vendor\magento\framework\View\Layout.php(606): Magento\Framework\View\Layout\Interceptor->renderElement('main', false)
#30 C:\xampp\htdocs\caviar-web-magento2\vendor\magento\framework\View\Layout.php(557): Magento\Framework\View\Layout->_renderContainer('columns', false)
#31 C:\xampp\htdocs\caviar-web-magento2\generated\code\Magento\Framework\View\Layout\Interceptor.php(149): Magento\Framework\View\Layout->renderNonCachedElement('columns')
#32 C:\xampp\htdocs\caviar-web-magento2\vendor\magento\framework\View\Layout.php(510): Magento\Framework\View\Layout\Interceptor->renderNonCachedElement('columns')
#33 C:\xampp\htdocs\caviar-web-magento2\generated\code\Magento\Framework\View\Layout\Interceptor.php(140): Magento\Framework\View\Layout->renderElement('columns', false)
#34 C:\xampp\htdocs\caviar-web-magento2\vendor\magento\framework\View\Layout.php(606): Magento\Framework\View\Layout\Interceptor->renderElement('columns', false)
#35 C:\xampp\htdocs\caviar-web-magento2\vendor\magento\framework\View\Layout.php(557): Magento\Framework\View\Layout->_renderContainer('main.content', false)
#36 C:\xampp\htdocs\caviar-web-magento2\generated\code\Magento\Framework\View\Layout\Interceptor.php(149): Magento\Framework\View\Layout->renderNonCachedElement('main.content')
#37 C:\xampp\htdocs\caviar-web-magento2\vendor\magento\framework\View\Layout.php(510): Magento\Framework\View\Layout\Interceptor->renderNonCachedElement('main.content')
#38 C:\xampp\htdocs\caviar-web-magento2\generated\code\Magento\Framework\View\Layout\Interceptor.php(140): Magento\Framework\View\Layout->renderElement('main.content', false)
#39 C:\xampp\htdocs\caviar-web-magento2\vendor\magento\framework\View\Layout.php(606): Magento\Framework\View\Layout\Interceptor->renderElement('main.content', false)
#40 C:\xampp\htdocs\caviar-web-magento2\vendor\magento\framework\View\Layout.php(557): Magento\Framework\View\Layout->_renderContainer('page.wrapper', false)
#41 C:\xampp\htdocs\caviar-web-magento2\generated\code\Magento\Framework\View\Layout\Interceptor.php(149): Magento\Framework\View\Layout->renderNonCachedElement('page.wrapper')
#42 C:\xampp\htdocs\caviar-web-magento2\vendor\magento\framework\View\Layout.php(510): Magento\Framework\View\Layout\Interceptor->renderNonCachedElement('page.wrapper')
#43 C:\xampp\htdocs\caviar-web-magento2\generated\code\Magento\Framework\View\Layout\Interceptor.php(140): Magento\Framework\View\Layout->renderElement('page.wrapper', false)
#44 C:\xampp\htdocs\caviar-web-magento2\vendor\magento\framework\View\Layout.php(606): Magento\Framework\View\Layout\Interceptor->renderElement('page.wrapper', false)
#45 C:\xampp\htdocs\caviar-web-magento2\vendor\magento\framework\View\Layout.php(557): Magento\Framework\View\Layout->_renderContainer('root', false)
#46 C:\xampp\htdocs\caviar-web-magento2\generated\code\Magento\Framework\View\Layout\Interceptor.php(149): Magento\Framework\View\Layout->renderNonCachedElement('root')
#47 C:\xampp\htdocs\caviar-web-magento2\vendor\magento\framework\View\Layout.php(510): Magento\Framework\View\Layout\Interceptor->renderNonCachedElement('root')
#48 C:\xampp\htdocs\caviar-web-magento2\generated\code\Magento\Framework\View\Layout\Interceptor.php(140): Magento\Framework\View\Layout->renderElement('root', true)
#49 C:\xampp\htdocs\caviar-web-magento2\vendor\magento\framework\View\Layout.php(975): Magento\Framework\View\Layout\Interceptor->renderElement('root')
#50 C:\xampp\htdocs\caviar-web-magento2\vendor\magento\framework\Interception\Interceptor.php(58): Magento\Framework\View\Layout->getOutput()
#51 C:\xampp\htdocs\caviar-web-magento2\vendor\magento\framework\Interception\Interceptor.php(138): Magento\Framework\View\Layout\Interceptor->___callParent('getOutput', Array)
#52 C:\xampp\htdocs\caviar-web-magento2\vendor\magento\framework\Interception\Interceptor.php(153): Magento\Framework\View\Layout\Interceptor->Magento\Framework\Interception\{closure}()
#53 C:\xampp\htdocs\caviar-web-magento2\generated\code\Magento\Framework\View\Layout\Interceptor.php(347): Magento\Framework\View\Layout\Interceptor->___callPlugins('getOutput', Array, Array)
#54 C:\xampp\htdocs\caviar-web-magento2\vendor\magento\framework\View\Result\Page.php(260): Magento\Framework\View\Layout\Interceptor->getOutput()
#55 C:\xampp\htdocs\caviar-web-magento2\vendor\magento\framework\View\Result\Layout.php(171): Magento\Framework\View\Result\Page->render(Object(Magento\Framework\App\Response\Http\Interceptor))
#56 C:\xampp\htdocs\caviar-web-magento2\vendor\magento\framework\Interception\Interceptor.php(58): Magento\Framework\View\Result\Layout->renderResult(Object(Magento\Framework\App\Response\Http\Interceptor))
#57 C:\xampp\htdocs\caviar-web-magento2\vendor\magento\framework\Interception\Interceptor.php(138): Magento\Framework\View\Result\Page\Interceptor->___callParent('renderResult', Array)
#58 C:\xampp\htdocs\caviar-web-magento2\vendor\magento\framework\Interception\Interceptor.php(153): Magento\Framework\View\Result\Page\Interceptor->Magento\Framework\Interception\{closure}(Object(Magento\Framework\App\Response\Http\Interceptor))
#59 C:\xampp\htdocs\caviar-web-magento2\generated\code\Magento\Framework\View\Result\Page\Interceptor.php(95): Magento\Framework\View\Result\Page\Interceptor->___callPlugins('renderResult', Array, Array)
#60 C:\xampp\htdocs\caviar-web-magento2\vendor\magento\framework\App\Http.php(120): Magento\Framework\View\Result\Page\Interceptor->renderResult(Object(Magento\Framework\App\Response\Http\Interceptor))
#61 C:\xampp\htdocs\caviar-web-magento2\generated\code\Magento\Framework\App\Http\Interceptor.php(23): Magento\Framework\App\Http->launch()
#62 C:\xampp\htdocs\caviar-web-magento2\vendor\magento\framework\App\Bootstrap.php(264): Magento\Framework\App\Http\Interceptor->launch()
#63 C:\xampp\htdocs\caviar-web-magento2\pub\index.php(30): Magento\Framework\App\Bootstrap->run(Object(Magento\Framework\App\Http\Interceptor))
#64 {main} {"exception":"[object] (Exception(code: 0): Warning: Undefined array key \"directiveName\" in C:\\xampp\\htdocs\\caviar-web-magento2\\vendor\\magento\\framework\\Filter\\DirectiveProcessor\\SimpleDirective.php on line 68 at C:\\xampp\\htdocs\\caviar-web-magento2\\vendor\\magento\\framework\\App\\ErrorHandler.php:62)"} []
[2025-10-03T06:20:45.463416+00:00] main.CRITICAL: Exception: Warning: Undefined array key "directiveName" in C:\xampp\htdocs\caviar-web-magento2\vendor\magento\framework\Filter\DirectiveProcessor\SimpleDirective.php on line 68 in C:\xampp\htdocs\caviar-web-magento2\vendor\magento\framework\App\ErrorHandler.php:62
Stack trace:
#0 C:\xampp\htdocs\caviar-web-magento2\vendor\magento\framework\Filter\DirectiveProcessor\SimpleDirective.php(68): Magento\Framework\App\ErrorHandler->handler(2, 'Undefined array...', 'C:\\xampp\\htdocs...', 68)
#1 C:\xampp\htdocs\caviar-web-magento2\vendor\magento\framework\Filter\DirectiveProcessor\LegacyDirective.php(47): Magento\Framework\Filter\DirectiveProcessor\SimpleDirective->process(Array, Object(Magento\Widget\Model\Template\Filter\Interceptor), Array)
#2 C:\xampp\htdocs\caviar-web-magento2\vendor\magento\framework\Filter\Template.php(272): Magento\Framework\Filter\DirectiveProcessor\LegacyDirective->process(Array, Object(Magento\Widget\Model\Template\Filter\Interceptor), Array)
#3 C:\xampp\htdocs\caviar-web-magento2\vendor\magento\framework\Filter\Template.php(206): Magento\Framework\Filter\Template->processDirectives('        <div da...')
#4 C:\xampp\htdocs\caviar-web-magento2\vendor\magento\module-email\Model\Template\Filter.php(1127): Magento\Framework\Filter\Template->filter('        <div da...')
#5 C:\xampp\htdocs\caviar-web-magento2\vendor\magento\framework\Interception\Interceptor.php(58): Magento\Email\Model\Template\Filter->filter('        <div da...')
#6 C:\xampp\htdocs\caviar-web-magento2\vendor\magento\framework\Interception\Interceptor.php(138): Magento\Widget\Model\Template\Filter\Interceptor->___callParent('filter', Array)
#7 C:\xampp\htdocs\caviar-web-magento2\vendor\magento\framework\Interception\Interceptor.php(153): Magento\Widget\Model\Template\Filter\Interceptor->Magento\Framework\Interception\{closure}('        <div da...')
#8 C:\xampp\htdocs\caviar-web-magento2\generated\code\Magento\Widget\Model\Template\Filter\Interceptor.php(284): Magento\Widget\Model\Template\Filter\Interceptor->___callPlugins('filter', Array, Array)
#9 C:\xampp\htdocs\caviar-web-magento2\vendor\goomento\module-page-builder\Block\Content.php(272): Magento\Widget\Model\Template\Filter\Interceptor->filter('        <div da...')
#10 C:\xampp\htdocs\caviar-web-magento2\vendor\magento\framework\View\Element\AbstractBlock.php(1128): Goomento\PageBuilder\Block\Content->_toHtml()
#11 C:\xampp\htdocs\caviar-web-magento2\vendor\magento\framework\View\Element\AbstractBlock.php(1132): Magento\Framework\View\Element\AbstractBlock->Magento\Framework\View\Element\{closure}()
#12 C:\xampp\htdocs\caviar-web-magento2\vendor\magento\framework\View\Element\AbstractBlock.php(676): Magento\Framework\View\Element\AbstractBlock->_loadCache()
#13 C:\xampp\htdocs\caviar-web-magento2\vendor\goomento\module-page-builder\Block\Content.php(295): Magento\Framework\View\Element\AbstractBlock->toHtml()
#14 C:\xampp\htdocs\caviar-web-magento2\vendor\magento\module-widget\Model\Template\Filter.php(156): Goomento\PageBuilder\Block\Content->toHtml()
#15 C:\xampp\htdocs\caviar-web-magento2\generated\code\Magento\Widget\Model\Template\Filter\Interceptor.php(23): Magento\Widget\Model\Template\Filter->generateWidget(Array)
#16 C:\xampp\htdocs\caviar-web-magento2\vendor\magento\module-widget\Model\Template\Filter.php(167): Magento\Widget\Model\Template\Filter\Interceptor->generateWidget(Array)
#17 C:\xampp\htdocs\caviar-web-magento2\generated\code\Magento\Widget\Model\Template\Filter\Interceptor.php(32): Magento\Widget\Model\Template\Filter->widgetDirective(Array)
#18 [internal function]: Magento\Widget\Model\Template\Filter\Interceptor->widgetDirective(Array)
#19 C:\xampp\htdocs\caviar-web-magento2\vendor\magento\framework\Filter\DirectiveProcessor\LegacyDirective.php(42): ReflectionMethod->invokeArgs(Object(Magento\Widget\Model\Template\Filter\Interceptor), Array)
#20 C:\xampp\htdocs\caviar-web-magento2\vendor\magento\framework\Filter\Template.php(272): Magento\Framework\Filter\DirectiveProcessor\LegacyDirective->process(Array, Object(Magento\Widget\Model\Template\Filter\Interceptor), Array)
#21 C:\xampp\htdocs\caviar-web-magento2\vendor\magento\framework\Filter\Template.php(206): Magento\Framework\Filter\Template->processDirectives('{{widget type="...')
#22 C:\xampp\htdocs\caviar-web-magento2\vendor\magento\module-email\Model\Template\Filter.php(1127): Magento\Framework\Filter\Template->filter('{{widget type="...')
#23 C:\xampp\htdocs\caviar-web-magento2\vendor\magento\framework\Interception\Interceptor.php(58): Magento\Email\Model\Template\Filter->filter('{{widget type="...')
#24 C:\xampp\htdocs\caviar-web-magento2\vendor\magento\framework\Interception\Interceptor.php(138): Magento\Widget\Model\Template\Filter\Interceptor->___callParent('filter', Array)
#25 C:\xampp\htdocs\caviar-web-magento2\vendor\magento\framework\Interception\Interceptor.php(153): Magento\Widget\Model\Template\Filter\Interceptor->Magento\Framework\Interception\{closure}('{{widget type="...')
#26 C:\xampp\htdocs\caviar-web-magento2\generated\code\Magento\Widget\Model\Template\Filter\Interceptor.php(284): Magento\Widget\Model\Template\Filter\Interceptor->___callPlugins('filter', Array, Array)
#27 C:\xampp\htdocs\caviar-web-magento2\vendor\magento\module-cms\Block\Page.php(166): Magento\Widget\Model\Template\Filter\Interceptor->filter('{{widget type="...')
#28 C:\xampp\htdocs\caviar-web-magento2\vendor\magento\framework\View\Element\AbstractBlock.php(1128): Magento\Cms\Block\Page->_toHtml()
#29 C:\xampp\htdocs\caviar-web-magento2\vendor\magento\framework\View\Element\AbstractBlock.php(1132): Magento\Framework\View\Element\AbstractBlock->Magento\Framework\View\Element\{closure}()
#30 C:\xampp\htdocs\caviar-web-magento2\vendor\magento\framework\View\Element\AbstractBlock.php(676): Magento\Framework\View\Element\AbstractBlock->_loadCache()
#31 C:\xampp\htdocs\caviar-web-magento2\vendor\magento\framework\View\Layout.php(578): Magento\Framework\View\Element\AbstractBlock->toHtml()
#32 C:\xampp\htdocs\caviar-web-magento2\vendor\magento\framework\View\Layout.php(555): Magento\Framework\View\Layout->_renderBlock('cms_page')
#33 C:\xampp\htdocs\caviar-web-magento2\generated\code\Magento\Framework\View\Layout\Interceptor.php(149): Magento\Framework\View\Layout->renderNonCachedElement('cms_page')
#34 C:\xampp\htdocs\caviar-web-magento2\vendor\magento\framework\View\Layout.php(510): Magento\Framework\View\Layout\Interceptor->renderNonCachedElement('cms_page')
#35 C:\xampp\htdocs\caviar-web-magento2\generated\code\Magento\Framework\View\Layout\Interceptor.php(140): Magento\Framework\View\Layout->renderElement('cms_page', false)
#36 C:\xampp\htdocs\caviar-web-magento2\vendor\magento\framework\View\Layout.php(606): Magento\Framework\View\Layout\Interceptor->renderElement('cms_page', false)
#37 C:\xampp\htdocs\caviar-web-magento2\vendor\magento\framework\View\Layout.php(557): Magento\Framework\View\Layout->_renderContainer('content', false)
#38 C:\xampp\htdocs\caviar-web-magento2\generated\code\Magento\Framework\View\Layout\Interceptor.php(149): Magento\Framework\View\Layout->renderNonCachedElement('content')
#39 C:\xampp\htdocs\caviar-web-magento2\vendor\magento\framework\View\Layout.php(510): Magento\Framework\View\Layout\Interceptor->renderNonCachedElement('content')
#40 C:\xampp\htdocs\caviar-web-magento2\generated\code\Magento\Framework\View\Layout\Interceptor.php(140): Magento\Framework\View\Layout->renderElement('content', false)
#41 C:\xampp\htdocs\caviar-web-magento2\vendor\magento\framework\View\Layout.php(606): Magento\Framework\View\Layout\Interceptor->renderElement('content', false)
#42 C:\xampp\htdocs\caviar-web-magento2\vendor\magento\framework\View\Layout.php(557): Magento\Framework\View\Layout->_renderContainer('main', false)
#43 C:\xampp\htdocs\caviar-web-magento2\generated\code\Magento\Framework\View\Layout\Interceptor.php(149): Magento\Framework\View\Layout->renderNonCachedElement('main')
#44 C:\xampp\htdocs\caviar-web-magento2\vendor\magento\framework\View\Layout.php(510): Magento\Framework\View\Layout\Interceptor->renderNonCachedElement('main')
#45 C:\xampp\htdocs\caviar-web-magento2\generated\code\Magento\Framework\View\Layout\Interceptor.php(140): Magento\Framework\View\Layout->renderElement('main', false)
#46 C:\xampp\htdocs\caviar-web-magento2\vendor\magento\framework\View\Layout.php(606): Magento\Framework\View\Layout\Interceptor->renderElement('main', false)
#47 C:\xampp\htdocs\caviar-web-magento2\vendor\magento\framework\View\Layout.php(557): Magento\Framework\View\Layout->_renderContainer('columns', false)
#48 C:\xampp\htdocs\caviar-web-magento2\generated\code\Magento\Framework\View\Layout\Interceptor.php(149): Magento\Framework\View\Layout->renderNonCachedElement('columns')
#49 C:\xampp\htdocs\caviar-web-magento2\vendor\magento\framework\View\Layout.php(510): Magento\Framework\View\Layout\Interceptor->renderNonCachedElement('columns')
#50 C:\xampp\htdocs\caviar-web-magento2\generated\code\Magento\Framework\View\Layout\Interceptor.php(140): Magento\Framework\View\Layout->renderElement('columns', false)
#51 C:\xampp\htdocs\caviar-web-magento2\vendor\magento\framework\View\Layout.php(606): Magento\Framework\View\Layout\Interceptor->renderElement('columns', false)
#52 C:\xampp\htdocs\caviar-web-magento2\vendor\magento\framework\View\Layout.php(557): Magento\Framework\View\Layout->_renderContainer('main.content', false)
#53 C:\xampp\htdocs\caviar-web-magento2\generated\code\Magento\Framework\View\Layout\Interceptor.php(149): Magento\Framework\View\Layout->renderNonCachedElement('main.content')
#54 C:\xampp\htdocs\caviar-web-magento2\vendor\magento\framework\View\Layout.php(510): Magento\Framework\View\Layout\Interceptor->renderNonCachedElement('main.content')
#55 C:\xampp\htdocs\caviar-web-magento2\generated\code\Magento\Framework\View\Layout\Interceptor.php(140): Magento\Framework\View\Layout->renderElement('main.content', false)
#56 C:\xampp\htdocs\caviar-web-magento2\vendor\magento\framework\View\Layout.php(606): Magento\Framework\View\Layout\Interceptor->renderElement('main.content', false)
#57 C:\xampp\htdocs\caviar-web-magento2\vendor\magento\framework\View\Layout.php(557): Magento\Framework\View\Layout->_renderContainer('page.wrapper', false)
#58 C:\xampp\htdocs\caviar-web-magento2\generated\code\Magento\Framework\View\Layout\Interceptor.php(149): Magento\Framework\View\Layout->renderNonCachedElement('page.wrapper')
#59 C:\xampp\htdocs\caviar-web-magento2\vendor\magento\framework\View\Layout.php(510): Magento\Framework\View\Layout\Interceptor->renderNonCachedElement('page.wrapper')
#60 C:\xampp\htdocs\caviar-web-magento2\generated\code\Magento\Framework\View\Layout\Interceptor.php(140): Magento\Framework\View\Layout->renderElement('page.wrapper', false)
#61 C:\xampp\htdocs\caviar-web-magento2\vendor\magento\framework\View\Layout.php(606): Magento\Framework\View\Layout\Interceptor->renderElement('page.wrapper', false)
#62 C:\xampp\htdocs\caviar-web-magento2\vendor\magento\framework\View\Layout.php(557): Magento\Framework\View\Layout->_renderContainer('root', false)
#63 C:\xampp\htdocs\caviar-web-magento2\generated\code\Magento\Framework\View\Layout\Interceptor.php(149): Magento\Framework\View\Layout->renderNonCachedElement('root')
#64 C:\xampp\htdocs\caviar-web-magento2\vendor\magento\framework\View\Layout.php(510): Magento\Framework\View\Layout\Interceptor->renderNonCachedElement('root')
#65 C:\xampp\htdocs\caviar-web-magento2\generated\code\Magento\Framework\View\Layout\Interceptor.php(140): Magento\Framework\View\Layout->renderElement('root', true)
#66 C:\xampp\htdocs\caviar-web-magento2\vendor\magento\framework\View\Layout.php(975): Magento\Framework\View\Layout\Interceptor->renderElement('root')
#67 C:\xampp\htdocs\caviar-web-magento2\vendor\magento\framework\Interception\Interceptor.php(58): Magento\Framework\View\Layout->getOutput()
#68 C:\xampp\htdocs\caviar-web-magento2\vendor\magento\framework\Interception\Interceptor.php(138): Magento\Framework\View\Layout\Interceptor->___callParent('getOutput', Array)
#69 C:\xampp\htdocs\caviar-web-magento2\vendor\magento\framework\Interception\Interceptor.php(153): Magento\Framework\View\Layout\Interceptor->Magento\Framework\Interception\{closure}()
#70 C:\xampp\htdocs\caviar-web-magento2\generated\code\Magento\Framework\View\Layout\Interceptor.php(347): Magento\Framework\View\Layout\Interceptor->___callPlugins('getOutput', Array, Array)
#71 C:\xampp\htdocs\caviar-web-magento2\vendor\magento\framework\View\Result\Page.php(260): Magento\Framework\View\Layout\Interceptor->getOutput()
#72 C:\xampp\htdocs\caviar-web-magento2\vendor\magento\framework\View\Result\Layout.php(171): Magento\Framework\View\Result\Page->render(Object(Magento\Framework\App\Response\Http\Interceptor))
#73 C:\xampp\htdocs\caviar-web-magento2\vendor\magento\framework\Interception\Interceptor.php(58): Magento\Framework\View\Result\Layout->renderResult(Object(Magento\Framework\App\Response\Http\Interceptor))
#74 C:\xampp\htdocs\caviar-web-magento2\vendor\magento\framework\Interception\Interceptor.php(138): Magento\Framework\View\Result\Page\Interceptor->___callParent('renderResult', Array)
#75 C:\xampp\htdocs\caviar-web-magento2\vendor\magento\framework\Interception\Interceptor.php(153): Magento\Framework\View\Result\Page\Interceptor->Magento\Framework\Interception\{closure}(Object(Magento\Framework\App\Response\Http\Interceptor))
#76 C:\xampp\htdocs\caviar-web-magento2\generated\code\Magento\Framework\View\Result\Page\Interceptor.php(95): Magento\Framework\View\Result\Page\Interceptor->___callPlugins('renderResult', Array, Array)
#77 C:\xampp\htdocs\caviar-web-magento2\vendor\magento\framework\App\Http.php(120): Magento\Framework\View\Result\Page\Interceptor->renderResult(Object(Magento\Framework\App\Response\Http\Interceptor))
#78 C:\xampp\htdocs\caviar-web-magento2\generated\code\Magento\Framework\App\Http\Interceptor.php(23): Magento\Framework\App\Http->launch()
#79 C:\xampp\htdocs\caviar-web-magento2\vendor\magento\framework\App\Bootstrap.php(264): Magento\Framework\App\Http\Interceptor->launch()
#80 C:\xampp\htdocs\caviar-web-magento2\pub\index.php(30): Magento\Framework\App\Bootstrap->run(Object(Magento\Framework\App\Http\Interceptor))
#81 {main} {"exception":"[object] (Exception(code: 0): Warning: Undefined array key \"directiveName\" in C:\\xampp\\htdocs\\caviar-web-magento2\\vendor\\magento\\framework\\Filter\\DirectiveProcessor\\SimpleDirective.php on line 68 at C:\\xampp\\htdocs\\caviar-web-magento2\\vendor\\magento\\framework\\App\\ErrorHandler.php:62)"} []
[2025-10-03T06:29:24.547037+00:00] main.CRITICAL: Exception: Warning: Undefined array key "directiveName" in C:\xampp\htdocs\caviar-web-magento2\vendor\magento\framework\Filter\DirectiveProcessor\SimpleDirective.php on line 68 in C:\xampp\htdocs\caviar-web-magento2\vendor\magento\framework\App\ErrorHandler.php:62
Stack trace:
#0 C:\xampp\htdocs\caviar-web-magento2\vendor\magento\framework\Filter\DirectiveProcessor\SimpleDirective.php(68): Magento\Framework\App\ErrorHandler->handler(2, 'Undefined array...', 'C:\\xampp\\htdocs...', 68)
#1 C:\xampp\htdocs\caviar-web-magento2\vendor\magento\framework\Filter\DirectiveProcessor\LegacyDirective.php(47): Magento\Framework\Filter\DirectiveProcessor\SimpleDirective->process(Array, Object(Magento\Widget\Model\Template\Filter\Interceptor), Array)
#2 C:\xampp\htdocs\caviar-web-magento2\vendor\magento\framework\Filter\Template.php(272): Magento\Framework\Filter\DirectiveProcessor\LegacyDirective->process(Array, Object(Magento\Widget\Model\Template\Filter\Interceptor), Array)
#3 C:\xampp\htdocs\caviar-web-magento2\vendor\magento\framework\Filter\Template.php(206): Magento\Framework\Filter\Template->processDirectives('        <div da...')
#4 C:\xampp\htdocs\caviar-web-magento2\vendor\magento\module-email\Model\Template\Filter.php(1127): Magento\Framework\Filter\Template->filter('        <div da...')
#5 C:\xampp\htdocs\caviar-web-magento2\vendor\magento\framework\Interception\Interceptor.php(58): Magento\Email\Model\Template\Filter->filter('        <div da...')
#6 C:\xampp\htdocs\caviar-web-magento2\vendor\magento\framework\Interception\Interceptor.php(138): Magento\Widget\Model\Template\Filter\Interceptor->___callParent('filter', Array)
#7 C:\xampp\htdocs\caviar-web-magento2\vendor\magento\framework\Interception\Interceptor.php(153): Magento\Widget\Model\Template\Filter\Interceptor->Magento\Framework\Interception\{closure}('        <div da...')
#8 C:\xampp\htdocs\caviar-web-magento2\generated\code\Magento\Widget\Model\Template\Filter\Interceptor.php(284): Magento\Widget\Model\Template\Filter\Interceptor->___callPlugins('filter', Array, Array)
#9 C:\xampp\htdocs\caviar-web-magento2\vendor\goomento\module-page-builder\Block\Content.php(272): Magento\Widget\Model\Template\Filter\Interceptor->filter('        <div da...')
#10 C:\xampp\htdocs\caviar-web-magento2\vendor\magento\framework\View\Element\AbstractBlock.php(1128): Goomento\PageBuilder\Block\Content->_toHtml()
#11 C:\xampp\htdocs\caviar-web-magento2\vendor\magento\framework\View\Element\AbstractBlock.php(1132): Magento\Framework\View\Element\AbstractBlock->Magento\Framework\View\Element\{closure}()
#12 C:\xampp\htdocs\caviar-web-magento2\vendor\magento\framework\View\Element\AbstractBlock.php(676): Magento\Framework\View\Element\AbstractBlock->_loadCache()
#13 C:\xampp\htdocs\caviar-web-magento2\vendor\goomento\module-page-builder\Block\Content.php(295): Magento\Framework\View\Element\AbstractBlock->toHtml()
#14 C:\xampp\htdocs\caviar-web-magento2\vendor\magento\framework\View\Layout.php(578): Goomento\PageBuilder\Block\Content->toHtml()
#15 C:\xampp\htdocs\caviar-web-magento2\vendor\magento\framework\View\Layout.php(555): Magento\Framework\View\Layout->_renderBlock('pagebuilder.con...')
#16 C:\xampp\htdocs\caviar-web-magento2\generated\code\Magento\Framework\View\Layout\Interceptor.php(149): Magento\Framework\View\Layout->renderNonCachedElement('pagebuilder.con...')
#17 C:\xampp\htdocs\caviar-web-magento2\vendor\magento\framework\View\Layout.php(510): Magento\Framework\View\Layout\Interceptor->renderNonCachedElement('pagebuilder.con...')
#18 C:\xampp\htdocs\caviar-web-magento2\generated\code\Magento\Framework\View\Layout\Interceptor.php(140): Magento\Framework\View\Layout->renderElement('pagebuilder.con...', false)
#19 C:\xampp\htdocs\caviar-web-magento2\vendor\magento\framework\View\Layout.php(606): Magento\Framework\View\Layout\Interceptor->renderElement('pagebuilder.con...', false)
#20 C:\xampp\htdocs\caviar-web-magento2\vendor\magento\framework\View\Layout.php(557): Magento\Framework\View\Layout->_renderContainer('content', false)
#21 C:\xampp\htdocs\caviar-web-magento2\generated\code\Magento\Framework\View\Layout\Interceptor.php(149): Magento\Framework\View\Layout->renderNonCachedElement('content')
#22 C:\xampp\htdocs\caviar-web-magento2\vendor\magento\framework\View\Layout.php(510): Magento\Framework\View\Layout\Interceptor->renderNonCachedElement('content')
#23 C:\xampp\htdocs\caviar-web-magento2\generated\code\Magento\Framework\View\Layout\Interceptor.php(140): Magento\Framework\View\Layout->renderElement('content', false)
#24 C:\xampp\htdocs\caviar-web-magento2\vendor\magento\framework\View\Layout.php(606): Magento\Framework\View\Layout\Interceptor->renderElement('content', false)
#25 C:\xampp\htdocs\caviar-web-magento2\vendor\magento\framework\View\Layout.php(557): Magento\Framework\View\Layout->_renderContainer('main', false)
#26 C:\xampp\htdocs\caviar-web-magento2\generated\code\Magento\Framework\View\Layout\Interceptor.php(149): Magento\Framework\View\Layout->renderNonCachedElement('main')
#27 C:\xampp\htdocs\caviar-web-magento2\vendor\magento\framework\View\Layout.php(510): Magento\Framework\View\Layout\Interceptor->renderNonCachedElement('main')
#28 C:\xampp\htdocs\caviar-web-magento2\generated\code\Magento\Framework\View\Layout\Interceptor.php(140): Magento\Framework\View\Layout->renderElement('main', false)
#29 C:\xampp\htdocs\caviar-web-magento2\vendor\magento\framework\View\Layout.php(606): Magento\Framework\View\Layout\Interceptor->renderElement('main', false)
#30 C:\xampp\htdocs\caviar-web-magento2\vendor\magento\framework\View\Layout.php(557): Magento\Framework\View\Layout->_renderContainer('columns', false)
#31 C:\xampp\htdocs\caviar-web-magento2\generated\code\Magento\Framework\View\Layout\Interceptor.php(149): Magento\Framework\View\Layout->renderNonCachedElement('columns')
#32 C:\xampp\htdocs\caviar-web-magento2\vendor\magento\framework\View\Layout.php(510): Magento\Framework\View\Layout\Interceptor->renderNonCachedElement('columns')
#33 C:\xampp\htdocs\caviar-web-magento2\generated\code\Magento\Framework\View\Layout\Interceptor.php(140): Magento\Framework\View\Layout->renderElement('columns', false)
#34 C:\xampp\htdocs\caviar-web-magento2\vendor\magento\framework\View\Layout.php(606): Magento\Framework\View\Layout\Interceptor->renderElement('columns', false)
#35 C:\xampp\htdocs\caviar-web-magento2\vendor\magento\framework\View\Layout.php(557): Magento\Framework\View\Layout->_renderContainer('main.content', false)
#36 C:\xampp\htdocs\caviar-web-magento2\generated\code\Magento\Framework\View\Layout\Interceptor.php(149): Magento\Framework\View\Layout->renderNonCachedElement('main.content')
#37 C:\xampp\htdocs\caviar-web-magento2\vendor\magento\framework\View\Layout.php(510): Magento\Framework\View\Layout\Interceptor->renderNonCachedElement('main.content')
#38 C:\xampp\htdocs\caviar-web-magento2\generated\code\Magento\Framework\View\Layout\Interceptor.php(140): Magento\Framework\View\Layout->renderElement('main.content', false)
#39 C:\xampp\htdocs\caviar-web-magento2\vendor\magento\framework\View\Layout.php(606): Magento\Framework\View\Layout\Interceptor->renderElement('main.content', false)
#40 C:\xampp\htdocs\caviar-web-magento2\vendor\magento\framework\View\Layout.php(557): Magento\Framework\View\Layout->_renderContainer('page.wrapper', false)
#41 C:\xampp\htdocs\caviar-web-magento2\generated\code\Magento\Framework\View\Layout\Interceptor.php(149): Magento\Framework\View\Layout->renderNonCachedElement('page.wrapper')
#42 C:\xampp\htdocs\caviar-web-magento2\vendor\magento\framework\View\Layout.php(510): Magento\Framework\View\Layout\Interceptor->renderNonCachedElement('page.wrapper')
#43 C:\xampp\htdocs\caviar-web-magento2\generated\code\Magento\Framework\View\Layout\Interceptor.php(140): Magento\Framework\View\Layout->renderElement('page.wrapper', false)
#44 C:\xampp\htdocs\caviar-web-magento2\vendor\magento\framework\View\Layout.php(606): Magento\Framework\View\Layout\Interceptor->renderElement('page.wrapper', false)
#45 C:\xampp\htdocs\caviar-web-magento2\vendor\magento\framework\View\Layout.php(557): Magento\Framework\View\Layout->_renderContainer('root', false)
#46 C:\xampp\htdocs\caviar-web-magento2\generated\code\Magento\Framework\View\Layout\Interceptor.php(149): Magento\Framework\View\Layout->renderNonCachedElement('root')
#47 C:\xampp\htdocs\caviar-web-magento2\vendor\magento\framework\View\Layout.php(510): Magento\Framework\View\Layout\Interceptor->renderNonCachedElement('root')
#48 C:\xampp\htdocs\caviar-web-magento2\generated\code\Magento\Framework\View\Layout\Interceptor.php(140): Magento\Framework\View\Layout->renderElement('root', true)
#49 C:\xampp\htdocs\caviar-web-magento2\vendor\magento\framework\View\Layout.php(975): Magento\Framework\View\Layout\Interceptor->renderElement('root')
#50 C:\xampp\htdocs\caviar-web-magento2\vendor\magento\framework\Interception\Interceptor.php(58): Magento\Framework\View\Layout->getOutput()
#51 C:\xampp\htdocs\caviar-web-magento2\vendor\magento\framework\Interception\Interceptor.php(138): Magento\Framework\View\Layout\Interceptor->___callParent('getOutput', Array)
#52 C:\xampp\htdocs\caviar-web-magento2\vendor\magento\framework\Interception\Interceptor.php(153): Magento\Framework\View\Layout\Interceptor->Magento\Framework\Interception\{closure}()
#53 C:\xampp\htdocs\caviar-web-magento2\generated\code\Magento\Framework\View\Layout\Interceptor.php(347): Magento\Framework\View\Layout\Interceptor->___callPlugins('getOutput', Array, Array)
#54 C:\xampp\htdocs\caviar-web-magento2\vendor\magento\framework\View\Result\Page.php(260): Magento\Framework\View\Layout\Interceptor->getOutput()
#55 C:\xampp\htdocs\caviar-web-magento2\vendor\magento\framework\View\Result\Layout.php(171): Magento\Framework\View\Result\Page->render(Object(Magento\Framework\App\Response\Http\Interceptor))
#56 C:\xampp\htdocs\caviar-web-magento2\vendor\magento\framework\Interception\Interceptor.php(58): Magento\Framework\View\Result\Layout->renderResult(Object(Magento\Framework\App\Response\Http\Interceptor))
#57 C:\xampp\htdocs\caviar-web-magento2\vendor\magento\framework\Interception\Interceptor.php(138): Magento\Framework\View\Result\Page\Interceptor->___callParent('renderResult', Array)
#58 C:\xampp\htdocs\caviar-web-magento2\vendor\magento\framework\Interception\Interceptor.php(153): Magento\Framework\View\Result\Page\Interceptor->Magento\Framework\Interception\{closure}(Object(Magento\Framework\App\Response\Http\Interceptor))
#59 C:\xampp\htdocs\caviar-web-magento2\generated\code\Magento\Framework\View\Result\Page\Interceptor.php(95): Magento\Framework\View\Result\Page\Interceptor->___callPlugins('renderResult', Array, Array)
#60 C:\xampp\htdocs\caviar-web-magento2\vendor\magento\framework\App\Http.php(120): Magento\Framework\View\Result\Page\Interceptor->renderResult(Object(Magento\Framework\App\Response\Http\Interceptor))
#61 C:\xampp\htdocs\caviar-web-magento2\generated\code\Magento\Framework\App\Http\Interceptor.php(23): Magento\Framework\App\Http->launch()
#62 C:\xampp\htdocs\caviar-web-magento2\vendor\magento\framework\App\Bootstrap.php(264): Magento\Framework\App\Http\Interceptor->launch()
#63 C:\xampp\htdocs\caviar-web-magento2\pub\index.php(30): Magento\Framework\App\Bootstrap->run(Object(Magento\Framework\App\Http\Interceptor))
#64 {main} {"exception":"[object] (Exception(code: 0): Warning: Undefined array key \"directiveName\" in C:\\xampp\\htdocs\\caviar-web-magento2\\vendor\\magento\\framework\\Filter\\DirectiveProcessor\\SimpleDirective.php on line 68 at C:\\xampp\\htdocs\\caviar-web-magento2\\vendor\\magento\\framework\\App\\ErrorHandler.php:62)"} []
[2025-10-03T07:17:03.490093+00:00] main.CRITICAL: Exception: Warning: Undefined array key "directiveName" in C:\xampp\htdocs\caviar-web-magento2\vendor\magento\framework\Filter\DirectiveProcessor\SimpleDirective.php on line 68 in C:\xampp\htdocs\caviar-web-magento2\vendor\magento\framework\App\ErrorHandler.php:62
Stack trace:
#0 C:\xampp\htdocs\caviar-web-magento2\vendor\magento\framework\Filter\DirectiveProcessor\SimpleDirective.php(68): Magento\Framework\App\ErrorHandler->handler(2, 'Undefined array...', 'C:\\xampp\\htdocs...', 68)
#1 C:\xampp\htdocs\caviar-web-magento2\vendor\magento\framework\Filter\DirectiveProcessor\LegacyDirective.php(47): Magento\Framework\Filter\DirectiveProcessor\SimpleDirective->process(Array, Object(Magento\Widget\Model\Template\Filter\Interceptor), Array)
#2 C:\xampp\htdocs\caviar-web-magento2\vendor\magento\framework\Filter\Template.php(272): Magento\Framework\Filter\DirectiveProcessor\LegacyDirective->process(Array, Object(Magento\Widget\Model\Template\Filter\Interceptor), Array)
#3 C:\xampp\htdocs\caviar-web-magento2\vendor\magento\framework\Filter\Template.php(206): Magento\Framework\Filter\Template->processDirectives('        <div da...')
#4 C:\xampp\htdocs\caviar-web-magento2\vendor\magento\module-email\Model\Template\Filter.php(1127): Magento\Framework\Filter\Template->filter('        <div da...')
#5 C:\xampp\htdocs\caviar-web-magento2\vendor\magento\framework\Interception\Interceptor.php(58): Magento\Email\Model\Template\Filter->filter('        <div da...')
#6 C:\xampp\htdocs\caviar-web-magento2\vendor\magento\framework\Interception\Interceptor.php(138): Magento\Widget\Model\Template\Filter\Interceptor->___callParent('filter', Array)
#7 C:\xampp\htdocs\caviar-web-magento2\vendor\magento\framework\Interception\Interceptor.php(153): Magento\Widget\Model\Template\Filter\Interceptor->Magento\Framework\Interception\{closure}('        <div da...')
#8 C:\xampp\htdocs\caviar-web-magento2\generated\code\Magento\Widget\Model\Template\Filter\Interceptor.php(284): Magento\Widget\Model\Template\Filter\Interceptor->___callPlugins('filter', Array, Array)
#9 C:\xampp\htdocs\caviar-web-magento2\vendor\goomento\module-page-builder\Block\Content.php(272): Magento\Widget\Model\Template\Filter\Interceptor->filter('        <div da...')
#10 C:\xampp\htdocs\caviar-web-magento2\vendor\magento\framework\View\Element\AbstractBlock.php(1128): Goomento\PageBuilder\Block\Content->_toHtml()
#11 C:\xampp\htdocs\caviar-web-magento2\vendor\magento\framework\View\Element\AbstractBlock.php(1132): Magento\Framework\View\Element\AbstractBlock->Magento\Framework\View\Element\{closure}()
#12 C:\xampp\htdocs\caviar-web-magento2\vendor\magento\framework\View\Element\AbstractBlock.php(676): Magento\Framework\View\Element\AbstractBlock->_loadCache()
#13 C:\xampp\htdocs\caviar-web-magento2\vendor\goomento\module-page-builder\Block\Content.php(295): Magento\Framework\View\Element\AbstractBlock->toHtml()
#14 C:\xampp\htdocs\caviar-web-magento2\vendor\magento\framework\View\Layout.php(578): Goomento\PageBuilder\Block\Content->toHtml()
#15 C:\xampp\htdocs\caviar-web-magento2\vendor\magento\framework\View\Layout.php(555): Magento\Framework\View\Layout->_renderBlock('pagebuilder.con...')
#16 C:\xampp\htdocs\caviar-web-magento2\generated\code\Magento\Framework\View\Layout\Interceptor.php(149): Magento\Framework\View\Layout->renderNonCachedElement('pagebuilder.con...')
#17 C:\xampp\htdocs\caviar-web-magento2\vendor\magento\framework\View\Layout.php(510): Magento\Framework\View\Layout\Interceptor->renderNonCachedElement('pagebuilder.con...')
#18 C:\xampp\htdocs\caviar-web-magento2\generated\code\Magento\Framework\View\Layout\Interceptor.php(140): Magento\Framework\View\Layout->renderElement('pagebuilder.con...', false)
#19 C:\xampp\htdocs\caviar-web-magento2\vendor\magento\framework\View\Layout.php(606): Magento\Framework\View\Layout\Interceptor->renderElement('pagebuilder.con...', false)
#20 C:\xampp\htdocs\caviar-web-magento2\vendor\magento\framework\View\Layout.php(557): Magento\Framework\View\Layout->_renderContainer('content', false)
#21 C:\xampp\htdocs\caviar-web-magento2\generated\code\Magento\Framework\View\Layout\Interceptor.php(149): Magento\Framework\View\Layout->renderNonCachedElement('content')
#22 C:\xampp\htdocs\caviar-web-magento2\vendor\magento\framework\View\Layout.php(510): Magento\Framework\View\Layout\Interceptor->renderNonCachedElement('content')
#23 C:\xampp\htdocs\caviar-web-magento2\generated\code\Magento\Framework\View\Layout\Interceptor.php(140): Magento\Framework\View\Layout->renderElement('content', false)
#24 C:\xampp\htdocs\caviar-web-magento2\vendor\magento\framework\View\Layout.php(606): Magento\Framework\View\Layout\Interceptor->renderElement('content', false)
#25 C:\xampp\htdocs\caviar-web-magento2\vendor\magento\framework\View\Layout.php(557): Magento\Framework\View\Layout->_renderContainer('main', false)
#26 C:\xampp\htdocs\caviar-web-magento2\generated\code\Magento\Framework\View\Layout\Interceptor.php(149): Magento\Framework\View\Layout->renderNonCachedElement('main')
#27 C:\xampp\htdocs\caviar-web-magento2\vendor\magento\framework\View\Layout.php(510): Magento\Framework\View\Layout\Interceptor->renderNonCachedElement('main')
#28 C:\xampp\htdocs\caviar-web-magento2\generated\code\Magento\Framework\View\Layout\Interceptor.php(140): Magento\Framework\View\Layout->renderElement('main', false)
#29 C:\xampp\htdocs\caviar-web-magento2\vendor\magento\framework\View\Layout.php(606): Magento\Framework\View\Layout\Interceptor->renderElement('main', false)
#30 C:\xampp\htdocs\caviar-web-magento2\vendor\magento\framework\View\Layout.php(557): Magento\Framework\View\Layout->_renderContainer('columns', false)
#31 C:\xampp\htdocs\caviar-web-magento2\generated\code\Magento\Framework\View\Layout\Interceptor.php(149): Magento\Framework\View\Layout->renderNonCachedElement('columns')
#32 C:\xampp\htdocs\caviar-web-magento2\vendor\magento\framework\View\Layout.php(510): Magento\Framework\View\Layout\Interceptor->renderNonCachedElement('columns')
#33 C:\xampp\htdocs\caviar-web-magento2\generated\code\Magento\Framework\View\Layout\Interceptor.php(140): Magento\Framework\View\Layout->renderElement('columns', false)
#34 C:\xampp\htdocs\caviar-web-magento2\vendor\magento\framework\View\Layout.php(606): Magento\Framework\View\Layout\Interceptor->renderElement('columns', false)
#35 C:\xampp\htdocs\caviar-web-magento2\vendor\magento\framework\View\Layout.php(557): Magento\Framework\View\Layout->_renderContainer('main.content', false)
#36 C:\xampp\htdocs\caviar-web-magento2\generated\code\Magento\Framework\View\Layout\Interceptor.php(149): Magento\Framework\View\Layout->renderNonCachedElement('main.content')
#37 C:\xampp\htdocs\caviar-web-magento2\vendor\magento\framework\View\Layout.php(510): Magento\Framework\View\Layout\Interceptor->renderNonCachedElement('main.content')
#38 C:\xampp\htdocs\caviar-web-magento2\generated\code\Magento\Framework\View\Layout\Interceptor.php(140): Magento\Framework\View\Layout->renderElement('main.content', false)
#39 C:\xampp\htdocs\caviar-web-magento2\vendor\magento\framework\View\Layout.php(606): Magento\Framework\View\Layout\Interceptor->renderElement('main.content', false)
#40 C:\xampp\htdocs\caviar-web-magento2\vendor\magento\framework\View\Layout.php(557): Magento\Framework\View\Layout->_renderContainer('page.wrapper', false)
#41 C:\xampp\htdocs\caviar-web-magento2\generated\code\Magento\Framework\View\Layout\Interceptor.php(149): Magento\Framework\View\Layout->renderNonCachedElement('page.wrapper')
#42 C:\xampp\htdocs\caviar-web-magento2\vendor\magento\framework\View\Layout.php(510): Magento\Framework\View\Layout\Interceptor->renderNonCachedElement('page.wrapper')
#43 C:\xampp\htdocs\caviar-web-magento2\generated\code\Magento\Framework\View\Layout\Interceptor.php(140): Magento\Framework\View\Layout->renderElement('page.wrapper', false)
#44 C:\xampp\htdocs\caviar-web-magento2\vendor\magento\framework\View\Layout.php(606): Magento\Framework\View\Layout\Interceptor->renderElement('page.wrapper', false)
#45 C:\xampp\htdocs\caviar-web-magento2\vendor\magento\framework\View\Layout.php(557): Magento\Framework\View\Layout->_renderContainer('root', false)
#46 C:\xampp\htdocs\caviar-web-magento2\generated\code\Magento\Framework\View\Layout\Interceptor.php(149): Magento\Framework\View\Layout->renderNonCachedElement('root')
#47 C:\xampp\htdocs\caviar-web-magento2\vendor\magento\framework\View\Layout.php(510): Magento\Framework\View\Layout\Interceptor->renderNonCachedElement('root')
#48 C:\xampp\htdocs\caviar-web-magento2\generated\code\Magento\Framework\View\Layout\Interceptor.php(140): Magento\Framework\View\Layout->renderElement('root', true)
#49 C:\xampp\htdocs\caviar-web-magento2\vendor\magento\framework\View\Layout.php(975): Magento\Framework\View\Layout\Interceptor->renderElement('root')
#50 C:\xampp\htdocs\caviar-web-magento2\vendor\magento\framework\Interception\Interceptor.php(58): Magento\Framework\View\Layout->getOutput()
#51 C:\xampp\htdocs\caviar-web-magento2\vendor\magento\framework\Interception\Interceptor.php(138): Magento\Framework\View\Layout\Interceptor->___callParent('getOutput', Array)
#52 C:\xampp\htdocs\caviar-web-magento2\vendor\magento\framework\Interception\Interceptor.php(153): Magento\Framework\View\Layout\Interceptor->Magento\Framework\Interception\{closure}()
#53 C:\xampp\htdocs\caviar-web-magento2\generated\code\Magento\Framework\View\Layout\Interceptor.php(347): Magento\Framework\View\Layout\Interceptor->___callPlugins('getOutput', Array, Array)
#54 C:\xampp\htdocs\caviar-web-magento2\vendor\magento\framework\View\Result\Page.php(260): Magento\Framework\View\Layout\Interceptor->getOutput()
#55 C:\xampp\htdocs\caviar-web-magento2\vendor\magento\framework\View\Result\Layout.php(171): Magento\Framework\View\Result\Page->render(Object(Magento\Framework\App\Response\Http\Interceptor))
#56 C:\xampp\htdocs\caviar-web-magento2\vendor\magento\framework\Interception\Interceptor.php(58): Magento\Framework\View\Result\Layout->renderResult(Object(Magento\Framework\App\Response\Http\Interceptor))
#57 C:\xampp\htdocs\caviar-web-magento2\vendor\magento\framework\Interception\Interceptor.php(138): Magento\Framework\View\Result\Page\Interceptor->___callParent('renderResult', Array)
#58 C:\xampp\htdocs\caviar-web-magento2\vendor\magento\framework\Interception\Interceptor.php(153): Magento\Framework\View\Result\Page\Interceptor->Magento\Framework\Interception\{closure}(Object(Magento\Framework\App\Response\Http\Interceptor))
#59 C:\xampp\htdocs\caviar-web-magento2\generated\code\Magento\Framework\View\Result\Page\Interceptor.php(95): Magento\Framework\View\Result\Page\Interceptor->___callPlugins('renderResult', Array, Array)
#60 C:\xampp\htdocs\caviar-web-magento2\vendor\magento\framework\App\Http.php(120): Magento\Framework\View\Result\Page\Interceptor->renderResult(Object(Magento\Framework\App\Response\Http\Interceptor))
#61 C:\xampp\htdocs\caviar-web-magento2\generated\code\Magento\Framework\App\Http\Interceptor.php(23): Magento\Framework\App\Http->launch()
#62 C:\xampp\htdocs\caviar-web-magento2\vendor\magento\framework\App\Bootstrap.php(264): Magento\Framework\App\Http\Interceptor->launch()
#63 C:\xampp\htdocs\caviar-web-magento2\pub\index.php(30): Magento\Framework\App\Bootstrap->run(Object(Magento\Framework\App\Http\Interceptor))
#64 {main} {"exception":"[object] (Exception(code: 0): Warning: Undefined array key \"directiveName\" in C:\\xampp\\htdocs\\caviar-web-magento2\\vendor\\magento\\framework\\Filter\\DirectiveProcessor\\SimpleDirective.php on line 68 at C:\\xampp\\htdocs\\caviar-web-magento2\\vendor\\magento\\framework\\App\\ErrorHandler.php:62)"} []
[2025-10-03T11:41:23.712593+00:00] main.ERROR: Laminas\Mail\Transport\Exception\RuntimeException: Unable to send mail: mail(): Failed to connect to mailserver at &quot;localhost&quot; port 25, verify your &quot;SMTP&quot; and &quot;smtp_port&quot; setting in php.ini or use ini_set() in C:\xampp\htdocs\caviar-web-magento2\vendor\laminas\laminas-mail\src\Transport\Sendmail.php:313
Stack trace:
#0 C:\xampp\htdocs\caviar-web-magento2\vendor\laminas\laminas-mail\src\Transport\Sendmail.php(150): Laminas\Mail\Transport\Sendmail->mailHandler('hello@example.c...', '=?UTF-8?Q?Conta...', '<!DOCTYPE html ...', 'Date: Fri, 03 O...', '')
#1 C:\xampp\htdocs\caviar-web-magento2\vendor\magento\module-email\Model\Transport.php(183): Laminas\Mail\Transport\Sendmail->send(Object(Laminas\Mail\Message))
#2 C:\xampp\htdocs\caviar-web-magento2\vendor\magento\framework\Interception\Interceptor.php(58): Magento\Email\Model\Transport->sendMessage()
#3 C:\xampp\htdocs\caviar-web-magento2\vendor\magento\framework\Interception\Interceptor.php(138): Magento\Email\Model\Transport\Interceptor->___callParent('sendMessage', Array)
#4 C:\xampp\htdocs\caviar-web-magento2\vendor\magento\module-customer-sample-data\Magento\Framework\Mail\Transport\MailPlugin.php(32): Magento\Email\Model\Transport\Interceptor->Magento\Framework\Interception\{closure}()
#5 C:\xampp\htdocs\caviar-web-magento2\vendor\magento\framework\Interception\Interceptor.php(135): Magento\CustomerSampleData\Magento\Framework\Mail\Transport\MailPlugin->aroundSendMessage(Object(Magento\Email\Model\Transport\Interceptor), Object(Closure))
#6 C:\xampp\htdocs\caviar-web-magento2\vendor\magento\module-email\Model\Mail\TransportInterfacePlugin.php(48): Magento\Email\Model\Transport\Interceptor->Magento\Framework\Interception\{closure}()
#7 C:\xampp\htdocs\caviar-web-magento2\vendor\magento\framework\Interception\Interceptor.php(135): Magento\Email\Model\Mail\TransportInterfacePlugin->aroundSendMessage(Object(Magento\Email\Model\Transport\Interceptor), Object(Closure))
#8 C:\xampp\htdocs\caviar-web-magento2\vendor\magento\framework\Interception\Interceptor.php(153): Magento\Email\Model\Transport\Interceptor->Magento\Framework\Interception\{closure}()
#9 C:\xampp\htdocs\caviar-web-magento2\generated\code\Magento\Email\Model\Transport\Interceptor.php(32): Magento\Email\Model\Transport\Interceptor->___callPlugins('sendMessage', Array, NULL)
#10 C:\xampp\htdocs\caviar-web-magento2\vendor\magento\module-contact\Model\Mail.php(84): Magento\Email\Model\Transport\Interceptor->sendMessage()
#11 C:\xampp\htdocs\caviar-web-magento2\vendor\magento\module-contact\Controller\Index\Post.php(102): Magento\Contact\Model\Mail->send('gaurav.vaish@gm...', Array)
#12 C:\xampp\htdocs\caviar-web-magento2\vendor\magento\module-contact\Controller\Index\Post.php(75): Magento\Contact\Controller\Index\Post->sendEmail(Array)
#13 C:\xampp\htdocs\caviar-web-magento2\vendor\magento\framework\Interception\Interceptor.php(58): Magento\Contact\Controller\Index\Post->execute()
#14 C:\xampp\htdocs\caviar-web-magento2\vendor\magento\framework\Interception\Interceptor.php(138): Magento\Contact\Controller\Index\Post\Interceptor->___callParent('execute', Array)
#15 C:\xampp\htdocs\caviar-web-magento2\vendor\magento\framework\Interception\Interceptor.php(153): Magento\Contact\Controller\Index\Post\Interceptor->Magento\Framework\Interception\{closure}()
#16 C:\xampp\htdocs\caviar-web-magento2\generated\code\Magento\Contact\Controller\Index\Post\Interceptor.php(23): Magento\Contact\Controller\Index\Post\Interceptor->___callPlugins('execute', Array, Array)
#17 C:\xampp\htdocs\caviar-web-magento2\vendor\magento\framework\App\Action\Action.php(111): Magento\Contact\Controller\Index\Post\Interceptor->execute()
#18 C:\xampp\htdocs\caviar-web-magento2\vendor\magento\module-contact\Controller\Index.php(67): Magento\Framework\App\Action\Action->dispatch(Object(Magento\Framework\App\Request\Http))
#19 C:\xampp\htdocs\caviar-web-magento2\vendor\magento\framework\Interception\Interceptor.php(58): Magento\Contact\Controller\Index->dispatch(Object(Magento\Framework\App\Request\Http))
#20 C:\xampp\htdocs\caviar-web-magento2\vendor\magento\framework\Interception\Interceptor.php(138): Magento\Contact\Controller\Index\Post\Interceptor->___callParent('dispatch', Array)
#21 C:\xampp\htdocs\caviar-web-magento2\vendor\magento\framework\Interception\Interceptor.php(153): Magento\Contact\Controller\Index\Post\Interceptor->Magento\Framework\Interception\{closure}(Object(Magento\Framework\App\Request\Http))
#22 C:\xampp\htdocs\caviar-web-magento2\generated\code\Magento\Contact\Controller\Index\Post\Interceptor.php(32): Magento\Contact\Controller\Index\Post\Interceptor->___callPlugins('dispatch', Array, Array)
#23 C:\xampp\htdocs\caviar-web-magento2\vendor\magento\framework\App\FrontController.php(245): Magento\Contact\Controller\Index\Post\Interceptor->dispatch(Object(Magento\Framework\App\Request\Http))
#24 C:\xampp\htdocs\caviar-web-magento2\vendor\magento\framework\App\FrontController.php(212): Magento\Framework\App\FrontController->getActionResponse(Object(Magento\Contact\Controller\Index\Post\Interceptor), Object(Magento\Framework\App\Request\Http))
#25 C:\xampp\htdocs\caviar-web-magento2\vendor\magento\framework\App\FrontController.php(146): Magento\Framework\App\FrontController->processRequest(Object(Magento\Framework\App\Request\Http), Object(Magento\Contact\Controller\Index\Post\Interceptor))
#26 C:\xampp\htdocs\caviar-web-magento2\vendor\magento\framework\Interception\Interceptor.php(58): Magento\Framework\App\FrontController->dispatch(Object(Magento\Framework\App\Request\Http))
#27 C:\xampp\htdocs\caviar-web-magento2\vendor\magento\framework\Interception\Interceptor.php(138): Magento\Framework\App\FrontController\Interceptor->___callParent('dispatch', Array)
#28 C:\xampp\htdocs\caviar-web-magento2\vendor\magento\module-store\App\FrontController\Plugin\RequestPreprocessor.php(99): Magento\Framework\App\FrontController\Interceptor->Magento\Framework\Interception\{closure}(Object(Magento\Framework\App\Request\Http))
#29 C:\xampp\htdocs\caviar-web-magento2\vendor\magento\framework\Interception\Interceptor.php(135): Magento\Store\App\FrontController\Plugin\RequestPreprocessor->aroundDispatch(Object(Magento\Framework\App\FrontController\Interceptor), Object(Closure), Object(Magento\Framework\App\Request\Http))
#30 C:\xampp\htdocs\caviar-web-magento2\vendor\magento\module-page-cache\Model\App\FrontController\BuiltinPlugin.php(71): Magento\Framework\App\FrontController\Interceptor->Magento\Framework\Interception\{closure}(Object(Magento\Framework\App\Request\Http))
#31 C:\xampp\htdocs\caviar-web-magento2\vendor\magento\framework\Interception\Interceptor.php(135): Magento\PageCache\Model\App\FrontController\BuiltinPlugin->aroundDispatch(Object(Magento\Framework\App\FrontController\Interceptor), Object(Closure), Object(Magento\Framework\App\Request\Http))
#32 C:\xampp\htdocs\caviar-web-magento2\vendor\magento\framework\Interception\Interceptor.php(153): Magento\Framework\App\FrontController\Interceptor->Magento\Framework\Interception\{closure}(Object(Magento\Framework\App\Request\Http))
#33 C:\xampp\htdocs\caviar-web-magento2\generated\code\Magento\Framework\App\FrontController\Interceptor.php(23): Magento\Framework\App\FrontController\Interceptor->___callPlugins('dispatch', Array, NULL)
#34 C:\xampp\htdocs\caviar-web-magento2\vendor\magento\framework\App\Http.php(116): Magento\Framework\App\FrontController\Interceptor->dispatch(Object(Magento\Framework\App\Request\Http))
#35 C:\xampp\htdocs\caviar-web-magento2\generated\code\Magento\Framework\App\Http\Interceptor.php(23): Magento\Framework\App\Http->launch()
#36 C:\xampp\htdocs\caviar-web-magento2\vendor\magento\framework\App\Bootstrap.php(264): Magento\Framework\App\Http\Interceptor->launch()
#37 C:\xampp\htdocs\caviar-web-magento2\pub\index.php(30): Magento\Framework\App\Bootstrap->run(Object(Magento\Framework\App\Http\Interceptor))
#38 {main} {"exception":"[object] (Laminas\\Mail\\Transport\\Exception\\RuntimeException(code: 0): Unable to send mail: mail(): Failed to connect to mailserver at &quot;localhost&quot; port 25, verify your &quot;SMTP&quot; and &quot;smtp_port&quot; setting in php.ini or use ini_set() at C:\\xampp\\htdocs\\caviar-web-magento2\\vendor\\laminas\\laminas-mail\\src\\Transport\\Sendmail.php:313)"} []
[2025-10-03T12:24:59.957792+00:00] main.ERROR: Laminas\Mail\Transport\Exception\RuntimeException: Unable to send mail: mail(): Failed to connect to mailserver at &quot;localhost&quot; port 25, verify your &quot;SMTP&quot; and &quot;smtp_port&quot; setting in php.ini or use ini_set() in C:\xampp\htdocs\caviar-web-magento2\vendor\laminas\laminas-mail\src\Transport\Sendmail.php:313
Stack trace:
#0 C:\xampp\htdocs\caviar-web-magento2\vendor\laminas\laminas-mail\src\Transport\Sendmail.php(150): Laminas\Mail\Transport\Sendmail->mailHandler('hello@example.c...', '=?UTF-8?Q?Conta...', '<!DOCTYPE html ...', 'Date: Fri, 03 O...', '')
#1 C:\xampp\htdocs\caviar-web-magento2\vendor\magento\module-email\Model\Transport.php(183): Laminas\Mail\Transport\Sendmail->send(Object(Laminas\Mail\Message))
#2 C:\xampp\htdocs\caviar-web-magento2\vendor\magento\framework\Interception\Interceptor.php(58): Magento\Email\Model\Transport->sendMessage()
#3 C:\xampp\htdocs\caviar-web-magento2\vendor\magento\framework\Interception\Interceptor.php(138): Magento\Email\Model\Transport\Interceptor->___callParent('sendMessage', Array)
#4 C:\xampp\htdocs\caviar-web-magento2\vendor\magento\module-customer-sample-data\Magento\Framework\Mail\Transport\MailPlugin.php(32): Magento\Email\Model\Transport\Interceptor->Magento\Framework\Interception\{closure}()
#5 C:\xampp\htdocs\caviar-web-magento2\vendor\magento\framework\Interception\Interceptor.php(135): Magento\CustomerSampleData\Magento\Framework\Mail\Transport\MailPlugin->aroundSendMessage(Object(Magento\Email\Model\Transport\Interceptor), Object(Closure))
#6 C:\xampp\htdocs\caviar-web-magento2\vendor\magento\module-email\Model\Mail\TransportInterfacePlugin.php(48): Magento\Email\Model\Transport\Interceptor->Magento\Framework\Interception\{closure}()
#7 C:\xampp\htdocs\caviar-web-magento2\vendor\magento\framework\Interception\Interceptor.php(135): Magento\Email\Model\Mail\TransportInterfacePlugin->aroundSendMessage(Object(Magento\Email\Model\Transport\Interceptor), Object(Closure))
#8 C:\xampp\htdocs\caviar-web-magento2\vendor\magento\framework\Interception\Interceptor.php(153): Magento\Email\Model\Transport\Interceptor->Magento\Framework\Interception\{closure}()
#9 C:\xampp\htdocs\caviar-web-magento2\generated\code\Magento\Email\Model\Transport\Interceptor.php(32): Magento\Email\Model\Transport\Interceptor->___callPlugins('sendMessage', Array, NULL)
#10 C:\xampp\htdocs\caviar-web-magento2\vendor\magento\module-contact\Model\Mail.php(84): Magento\Email\Model\Transport\Interceptor->sendMessage()
#11 C:\xampp\htdocs\caviar-web-magento2\vendor\magento\module-contact\Controller\Index\Post.php(102): Magento\Contact\Model\Mail->send('gaurav.vaish@gm...', Array)
#12 C:\xampp\htdocs\caviar-web-magento2\vendor\magento\module-contact\Controller\Index\Post.php(75): Magento\Contact\Controller\Index\Post->sendEmail(Array)
#13 C:\xampp\htdocs\caviar-web-magento2\vendor\magento\framework\Interception\Interceptor.php(58): Magento\Contact\Controller\Index\Post->execute()
#14 C:\xampp\htdocs\caviar-web-magento2\vendor\magento\framework\Interception\Interceptor.php(138): Magento\Contact\Controller\Index\Post\Interceptor->___callParent('execute', Array)
#15 C:\xampp\htdocs\caviar-web-magento2\vendor\magento\framework\Interception\Interceptor.php(153): Magento\Contact\Controller\Index\Post\Interceptor->Magento\Framework\Interception\{closure}()
#16 C:\xampp\htdocs\caviar-web-magento2\generated\code\Magento\Contact\Controller\Index\Post\Interceptor.php(23): Magento\Contact\Controller\Index\Post\Interceptor->___callPlugins('execute', Array, Array)
#17 C:\xampp\htdocs\caviar-web-magento2\vendor\magento\framework\App\Action\Action.php(111): Magento\Contact\Controller\Index\Post\Interceptor->execute()
#18 C:\xampp\htdocs\caviar-web-magento2\vendor\magento\module-contact\Controller\Index.php(67): Magento\Framework\App\Action\Action->dispatch(Object(Magento\Framework\App\Request\Http))
#19 C:\xampp\htdocs\caviar-web-magento2\vendor\magento\framework\Interception\Interceptor.php(58): Magento\Contact\Controller\Index->dispatch(Object(Magento\Framework\App\Request\Http))
#20 C:\xampp\htdocs\caviar-web-magento2\vendor\magento\framework\Interception\Interceptor.php(138): Magento\Contact\Controller\Index\Post\Interceptor->___callParent('dispatch', Array)
#21 C:\xampp\htdocs\caviar-web-magento2\vendor\magento\framework\Interception\Interceptor.php(153): Magento\Contact\Controller\Index\Post\Interceptor->Magento\Framework\Interception\{closure}(Object(Magento\Framework\App\Request\Http))
#22 C:\xampp\htdocs\caviar-web-magento2\generated\code\Magento\Contact\Controller\Index\Post\Interceptor.php(32): Magento\Contact\Controller\Index\Post\Interceptor->___callPlugins('dispatch', Array, Array)
#23 C:\xampp\htdocs\caviar-web-magento2\vendor\magento\framework\App\FrontController.php(245): Magento\Contact\Controller\Index\Post\Interceptor->dispatch(Object(Magento\Framework\App\Request\Http))
#24 C:\xampp\htdocs\caviar-web-magento2\vendor\magento\framework\App\FrontController.php(212): Magento\Framework\App\FrontController->getActionResponse(Object(Magento\Contact\Controller\Index\Post\Interceptor), Object(Magento\Framework\App\Request\Http))
#25 C:\xampp\htdocs\caviar-web-magento2\vendor\magento\framework\App\FrontController.php(146): Magento\Framework\App\FrontController->processRequest(Object(Magento\Framework\App\Request\Http), Object(Magento\Contact\Controller\Index\Post\Interceptor))
#26 C:\xampp\htdocs\caviar-web-magento2\vendor\magento\framework\Interception\Interceptor.php(58): Magento\Framework\App\FrontController->dispatch(Object(Magento\Framework\App\Request\Http))
#27 C:\xampp\htdocs\caviar-web-magento2\vendor\magento\framework\Interception\Interceptor.php(138): Magento\Framework\App\FrontController\Interceptor->___callParent('dispatch', Array)
#28 C:\xampp\htdocs\caviar-web-magento2\vendor\magento\module-store\App\FrontController\Plugin\RequestPreprocessor.php(99): Magento\Framework\App\FrontController\Interceptor->Magento\Framework\Interception\{closure}(Object(Magento\Framework\App\Request\Http))
#29 C:\xampp\htdocs\caviar-web-magento2\vendor\magento\framework\Interception\Interceptor.php(135): Magento\Store\App\FrontController\Plugin\RequestPreprocessor->aroundDispatch(Object(Magento\Framework\App\FrontController\Interceptor), Object(Closure), Object(Magento\Framework\App\Request\Http))
#30 C:\xampp\htdocs\caviar-web-magento2\vendor\magento\module-page-cache\Model\App\FrontController\BuiltinPlugin.php(71): Magento\Framework\App\FrontController\Interceptor->Magento\Framework\Interception\{closure}(Object(Magento\Framework\App\Request\Http))
#31 C:\xampp\htdocs\caviar-web-magento2\vendor\magento\framework\Interception\Interceptor.php(135): Magento\PageCache\Model\App\FrontController\BuiltinPlugin->aroundDispatch(Object(Magento\Framework\App\FrontController\Interceptor), Object(Closure), Object(Magento\Framework\App\Request\Http))
#32 C:\xampp\htdocs\caviar-web-magento2\vendor\magento\framework\Interception\Interceptor.php(153): Magento\Framework\App\FrontController\Interceptor->Magento\Framework\Interception\{closure}(Object(Magento\Framework\App\Request\Http))
#33 C:\xampp\htdocs\caviar-web-magento2\generated\code\Magento\Framework\App\FrontController\Interceptor.php(23): Magento\Framework\App\FrontController\Interceptor->___callPlugins('dispatch', Array, NULL)
#34 C:\xampp\htdocs\caviar-web-magento2\vendor\magento\framework\App\Http.php(116): Magento\Framework\App\FrontController\Interceptor->dispatch(Object(Magento\Framework\App\Request\Http))
#35 C:\xampp\htdocs\caviar-web-magento2\generated\code\Magento\Framework\App\Http\Interceptor.php(23): Magento\Framework\App\Http->launch()
#36 C:\xampp\htdocs\caviar-web-magento2\vendor\magento\framework\App\Bootstrap.php(264): Magento\Framework\App\Http\Interceptor->launch()
#37 C:\xampp\htdocs\caviar-web-magento2\pub\index.php(30): Magento\Framework\App\Bootstrap->run(Object(Magento\Framework\App\Http\Interceptor))
#38 {main} {"exception":"[object] (Laminas\\Mail\\Transport\\Exception\\RuntimeException(code: 0): Unable to send mail: mail(): Failed to connect to mailserver at &quot;localhost&quot; port 25, verify your &quot;SMTP&quot; and &quot;smtp_port&quot; setting in php.ini or use ini_set() at C:\\xampp\\htdocs\\caviar-web-magento2\\vendor\\laminas\\laminas-mail\\src\\Transport\\Sendmail.php:313)"} []
[2025-10-03T12:31:48.292436+00:00] main.ERROR: Laminas\Mail\Transport\Exception\RuntimeException: Unable to send mail: mail(): Failed to connect to mailserver at &quot;localhost&quot; port 25, verify your &quot;SMTP&quot; and &quot;smtp_port&quot; setting in php.ini or use ini_set() in C:\xampp\htdocs\caviar-web-magento2\vendor\laminas\laminas-mail\src\Transport\Sendmail.php:313
Stack trace:
#0 C:\xampp\htdocs\caviar-web-magento2\vendor\laminas\laminas-mail\src\Transport\Sendmail.php(150): Laminas\Mail\Transport\Sendmail->mailHandler('hello@example.c...', '=?UTF-8?Q?Conta...', '<!DOCTYPE html ...', 'Date: Fri, 03 O...', '')
#1 C:\xampp\htdocs\caviar-web-magento2\vendor\magento\module-email\Model\Transport.php(183): Laminas\Mail\Transport\Sendmail->send(Object(Laminas\Mail\Message))
#2 C:\xampp\htdocs\caviar-web-magento2\vendor\magento\framework\Interception\Interceptor.php(58): Magento\Email\Model\Transport->sendMessage()
#3 C:\xampp\htdocs\caviar-web-magento2\vendor\magento\framework\Interception\Interceptor.php(138): Magento\Email\Model\Transport\Interceptor->___callParent('sendMessage', Array)
#4 C:\xampp\htdocs\caviar-web-magento2\vendor\magento\module-customer-sample-data\Magento\Framework\Mail\Transport\MailPlugin.php(32): Magento\Email\Model\Transport\Interceptor->Magento\Framework\Interception\{closure}()
#5 C:\xampp\htdocs\caviar-web-magento2\vendor\magento\framework\Interception\Interceptor.php(135): Magento\CustomerSampleData\Magento\Framework\Mail\Transport\MailPlugin->aroundSendMessage(Object(Magento\Email\Model\Transport\Interceptor), Object(Closure))
#6 C:\xampp\htdocs\caviar-web-magento2\vendor\magento\module-email\Model\Mail\TransportInterfacePlugin.php(48): Magento\Email\Model\Transport\Interceptor->Magento\Framework\Interception\{closure}()
#7 C:\xampp\htdocs\caviar-web-magento2\vendor\magento\framework\Interception\Interceptor.php(135): Magento\Email\Model\Mail\TransportInterfacePlugin->aroundSendMessage(Object(Magento\Email\Model\Transport\Interceptor), Object(Closure))
#8 C:\xampp\htdocs\caviar-web-magento2\vendor\magento\framework\Interception\Interceptor.php(153): Magento\Email\Model\Transport\Interceptor->Magento\Framework\Interception\{closure}()
#9 C:\xampp\htdocs\caviar-web-magento2\generated\code\Magento\Email\Model\Transport\Interceptor.php(32): Magento\Email\Model\Transport\Interceptor->___callPlugins('sendMessage', Array, NULL)
#10 C:\xampp\htdocs\caviar-web-magento2\vendor\magento\module-contact\Model\Mail.php(84): Magento\Email\Model\Transport\Interceptor->sendMessage()
#11 C:\xampp\htdocs\caviar-web-magento2\vendor\magento\module-contact\Controller\Index\Post.php(102): Magento\Contact\Model\Mail->send('gaurav.vaish@gm...', Array)
#12 C:\xampp\htdocs\caviar-web-magento2\vendor\magento\module-contact\Controller\Index\Post.php(75): Magento\Contact\Controller\Index\Post->sendEmail(Array)
#13 C:\xampp\htdocs\caviar-web-magento2\vendor\magento\framework\Interception\Interceptor.php(58): Magento\Contact\Controller\Index\Post->execute()
#14 C:\xampp\htdocs\caviar-web-magento2\vendor\magento\framework\Interception\Interceptor.php(138): Magento\Contact\Controller\Index\Post\Interceptor->___callParent('execute', Array)
#15 C:\xampp\htdocs\caviar-web-magento2\vendor\magento\framework\Interception\Interceptor.php(153): Magento\Contact\Controller\Index\Post\Interceptor->Magento\Framework\Interception\{closure}()
#16 C:\xampp\htdocs\caviar-web-magento2\generated\code\Magento\Contact\Controller\Index\Post\Interceptor.php(23): Magento\Contact\Controller\Index\Post\Interceptor->___callPlugins('execute', Array, Array)
#17 C:\xampp\htdocs\caviar-web-magento2\vendor\magento\framework\App\Action\Action.php(111): Magento\Contact\Controller\Index\Post\Interceptor->execute()
#18 C:\xampp\htdocs\caviar-web-magento2\vendor\magento\module-contact\Controller\Index.php(67): Magento\Framework\App\Action\Action->dispatch(Object(Magento\Framework\App\Request\Http))
#19 C:\xampp\htdocs\caviar-web-magento2\vendor\magento\framework\Interception\Interceptor.php(58): Magento\Contact\Controller\Index->dispatch(Object(Magento\Framework\App\Request\Http))
#20 C:\xampp\htdocs\caviar-web-magento2\vendor\magento\framework\Interception\Interceptor.php(138): Magento\Contact\Controller\Index\Post\Interceptor->___callParent('dispatch', Array)
#21 C:\xampp\htdocs\caviar-web-magento2\vendor\magento\framework\Interception\Interceptor.php(153): Magento\Contact\Controller\Index\Post\Interceptor->Magento\Framework\Interception\{closure}(Object(Magento\Framework\App\Request\Http))
#22 C:\xampp\htdocs\caviar-web-magento2\generated\code\Magento\Contact\Controller\Index\Post\Interceptor.php(32): Magento\Contact\Controller\Index\Post\Interceptor->___callPlugins('dispatch', Array, Array)
#23 C:\xampp\htdocs\caviar-web-magento2\vendor\magento\framework\App\FrontController.php(245): Magento\Contact\Controller\Index\Post\Interceptor->dispatch(Object(Magento\Framework\App\Request\Http))
#24 C:\xampp\htdocs\caviar-web-magento2\vendor\magento\framework\App\FrontController.php(212): Magento\Framework\App\FrontController->getActionResponse(Object(Magento\Contact\Controller\Index\Post\Interceptor), Object(Magento\Framework\App\Request\Http))
#25 C:\xampp\htdocs\caviar-web-magento2\vendor\magento\framework\App\FrontController.php(146): Magento\Framework\App\FrontController->processRequest(Object(Magento\Framework\App\Request\Http), Object(Magento\Contact\Controller\Index\Post\Interceptor))
#26 C:\xampp\htdocs\caviar-web-magento2\vendor\magento\framework\Interception\Interceptor.php(58): Magento\Framework\App\FrontController->dispatch(Object(Magento\Framework\App\Request\Http))
#27 C:\xampp\htdocs\caviar-web-magento2\vendor\magento\framework\Interception\Interceptor.php(138): Magento\Framework\App\FrontController\Interceptor->___callParent('dispatch', Array)
#28 C:\xampp\htdocs\caviar-web-magento2\vendor\magento\module-store\App\FrontController\Plugin\RequestPreprocessor.php(99): Magento\Framework\App\FrontController\Interceptor->Magento\Framework\Interception\{closure}(Object(Magento\Framework\App\Request\Http))
#29 C:\xampp\htdocs\caviar-web-magento2\vendor\magento\framework\Interception\Interceptor.php(135): Magento\Store\App\FrontController\Plugin\RequestPreprocessor->aroundDispatch(Object(Magento\Framework\App\FrontController\Interceptor), Object(Closure), Object(Magento\Framework\App\Request\Http))
#30 C:\xampp\htdocs\caviar-web-magento2\vendor\magento\module-page-cache\Model\App\FrontController\BuiltinPlugin.php(71): Magento\Framework\App\FrontController\Interceptor->Magento\Framework\Interception\{closure}(Object(Magento\Framework\App\Request\Http))
#31 C:\xampp\htdocs\caviar-web-magento2\vendor\magento\framework\Interception\Interceptor.php(135): Magento\PageCache\Model\App\FrontController\BuiltinPlugin->aroundDispatch(Object(Magento\Framework\App\FrontController\Interceptor), Object(Closure), Object(Magento\Framework\App\Request\Http))
#32 C:\xampp\htdocs\caviar-web-magento2\vendor\magento\framework\Interception\Interceptor.php(153): Magento\Framework\App\FrontController\Interceptor->Magento\Framework\Interception\{closure}(Object(Magento\Framework\App\Request\Http))
#33 C:\xampp\htdocs\caviar-web-magento2\generated\code\Magento\Framework\App\FrontController\Interceptor.php(23): Magento\Framework\App\FrontController\Interceptor->___callPlugins('dispatch', Array, NULL)
#34 C:\xampp\htdocs\caviar-web-magento2\vendor\magento\framework\App\Http.php(116): Magento\Framework\App\FrontController\Interceptor->dispatch(Object(Magento\Framework\App\Request\Http))
#35 C:\xampp\htdocs\caviar-web-magento2\generated\code\Magento\Framework\App\Http\Interceptor.php(23): Magento\Framework\App\Http->launch()
#36 C:\xampp\htdocs\caviar-web-magento2\vendor\magento\framework\App\Bootstrap.php(264): Magento\Framework\App\Http\Interceptor->launch()
#37 C:\xampp\htdocs\caviar-web-magento2\pub\index.php(30): Magento\Framework\App\Bootstrap->run(Object(Magento\Framework\App\Http\Interceptor))
#38 {main} {"exception":"[object] (Laminas\\Mail\\Transport\\Exception\\RuntimeException(code: 0): Unable to send mail: mail(): Failed to connect to mailserver at &quot;localhost&quot; port 25, verify your &quot;SMTP&quot; and &quot;smtp_port&quot; setting in php.ini or use ini_set() at C:\\xampp\\htdocs\\caviar-web-magento2\\vendor\\laminas\\laminas-mail\\src\\Transport\\Sendmail.php:313)"} []
[2025-10-03T12:33:10.687587+00:00] main.ERROR: Laminas\Mail\Transport\Exception\RuntimeException: Unable to send mail: mail(): Failed to connect to mailserver at &quot;localhost&quot; port 25, verify your &quot;SMTP&quot; and &quot;smtp_port&quot; setting in php.ini or use ini_set() in C:\xampp\htdocs\caviar-web-magento2\vendor\laminas\laminas-mail\src\Transport\Sendmail.php:313
Stack trace:
#0 C:\xampp\htdocs\caviar-web-magento2\vendor\laminas\laminas-mail\src\Transport\Sendmail.php(150): Laminas\Mail\Transport\Sendmail->mailHandler('hello@example.c...', '=?UTF-8?Q?Conta...', '<!DOCTYPE html ...', 'Date: Fri, 03 O...', '')
#1 C:\xampp\htdocs\caviar-web-magento2\vendor\magento\module-email\Model\Transport.php(183): Laminas\Mail\Transport\Sendmail->send(Object(Laminas\Mail\Message))
#2 C:\xampp\htdocs\caviar-web-magento2\vendor\magento\framework\Interception\Interceptor.php(58): Magento\Email\Model\Transport->sendMessage()
#3 C:\xampp\htdocs\caviar-web-magento2\vendor\magento\framework\Interception\Interceptor.php(138): Magento\Email\Model\Transport\Interceptor->___callParent('sendMessage', Array)
#4 C:\xampp\htdocs\caviar-web-magento2\vendor\magento\module-customer-sample-data\Magento\Framework\Mail\Transport\MailPlugin.php(32): Magento\Email\Model\Transport\Interceptor->Magento\Framework\Interception\{closure}()
#5 C:\xampp\htdocs\caviar-web-magento2\vendor\magento\framework\Interception\Interceptor.php(135): Magento\CustomerSampleData\Magento\Framework\Mail\Transport\MailPlugin->aroundSendMessage(Object(Magento\Email\Model\Transport\Interceptor), Object(Closure))
#6 C:\xampp\htdocs\caviar-web-magento2\vendor\magento\module-email\Model\Mail\TransportInterfacePlugin.php(48): Magento\Email\Model\Transport\Interceptor->Magento\Framework\Interception\{closure}()
#7 C:\xampp\htdocs\caviar-web-magento2\vendor\magento\framework\Interception\Interceptor.php(135): Magento\Email\Model\Mail\TransportInterfacePlugin->aroundSendMessage(Object(Magento\Email\Model\Transport\Interceptor), Object(Closure))
#8 C:\xampp\htdocs\caviar-web-magento2\vendor\magento\framework\Interception\Interceptor.php(153): Magento\Email\Model\Transport\Interceptor->Magento\Framework\Interception\{closure}()
#9 C:\xampp\htdocs\caviar-web-magento2\generated\code\Magento\Email\Model\Transport\Interceptor.php(32): Magento\Email\Model\Transport\Interceptor->___callPlugins('sendMessage', Array, NULL)
#10 C:\xampp\htdocs\caviar-web-magento2\vendor\magento\module-contact\Model\Mail.php(84): Magento\Email\Model\Transport\Interceptor->sendMessage()
#11 C:\xampp\htdocs\caviar-web-magento2\vendor\magento\module-contact\Controller\Index\Post.php(102): Magento\Contact\Model\Mail->send('gaurav.vaish@gm...', Array)
#12 C:\xampp\htdocs\caviar-web-magento2\vendor\magento\module-contact\Controller\Index\Post.php(75): Magento\Contact\Controller\Index\Post->sendEmail(Array)
#13 C:\xampp\htdocs\caviar-web-magento2\vendor\magento\framework\Interception\Interceptor.php(58): Magento\Contact\Controller\Index\Post->execute()
#14 C:\xampp\htdocs\caviar-web-magento2\vendor\magento\framework\Interception\Interceptor.php(138): Magento\Contact\Controller\Index\Post\Interceptor->___callParent('execute', Array)
#15 C:\xampp\htdocs\caviar-web-magento2\vendor\magento\framework\Interception\Interceptor.php(153): Magento\Contact\Controller\Index\Post\Interceptor->Magento\Framework\Interception\{closure}()
#16 C:\xampp\htdocs\caviar-web-magento2\generated\code\Magento\Contact\Controller\Index\Post\Interceptor.php(23): Magento\Contact\Controller\Index\Post\Interceptor->___callPlugins('execute', Array, Array)
#17 C:\xampp\htdocs\caviar-web-magento2\vendor\magento\framework\App\Action\Action.php(111): Magento\Contact\Controller\Index\Post\Interceptor->execute()
#18 C:\xampp\htdocs\caviar-web-magento2\vendor\magento\module-contact\Controller\Index.php(67): Magento\Framework\App\Action\Action->dispatch(Object(Magento\Framework\App\Request\Http))
#19 C:\xampp\htdocs\caviar-web-magento2\vendor\magento\framework\Interception\Interceptor.php(58): Magento\Contact\Controller\Index->dispatch(Object(Magento\Framework\App\Request\Http))
#20 C:\xampp\htdocs\caviar-web-magento2\vendor\magento\framework\Interception\Interceptor.php(138): Magento\Contact\Controller\Index\Post\Interceptor->___callParent('dispatch', Array)
#21 C:\xampp\htdocs\caviar-web-magento2\vendor\magento\framework\Interception\Interceptor.php(153): Magento\Contact\Controller\Index\Post\Interceptor->Magento\Framework\Interception\{closure}(Object(Magento\Framework\App\Request\Http))
#22 C:\xampp\htdocs\caviar-web-magento2\generated\code\Magento\Contact\Controller\Index\Post\Interceptor.php(32): Magento\Contact\Controller\Index\Post\Interceptor->___callPlugins('dispatch', Array, Array)
#23 C:\xampp\htdocs\caviar-web-magento2\vendor\magento\framework\App\FrontController.php(245): Magento\Contact\Controller\Index\Post\Interceptor->dispatch(Object(Magento\Framework\App\Request\Http))
#24 C:\xampp\htdocs\caviar-web-magento2\vendor\magento\framework\App\FrontController.php(212): Magento\Framework\App\FrontController->getActionResponse(Object(Magento\Contact\Controller\Index\Post\Interceptor), Object(Magento\Framework\App\Request\Http))
#25 C:\xampp\htdocs\caviar-web-magento2\vendor\magento\framework\App\FrontController.php(146): Magento\Framework\App\FrontController->processRequest(Object(Magento\Framework\App\Request\Http), Object(Magento\Contact\Controller\Index\Post\Interceptor))
#26 C:\xampp\htdocs\caviar-web-magento2\vendor\magento\framework\Interception\Interceptor.php(58): Magento\Framework\App\FrontController->dispatch(Object(Magento\Framework\App\Request\Http))
#27 C:\xampp\htdocs\caviar-web-magento2\vendor\magento\framework\Interception\Interceptor.php(138): Magento\Framework\App\FrontController\Interceptor->___callParent('dispatch', Array)
#28 C:\xampp\htdocs\caviar-web-magento2\vendor\magento\module-store\App\FrontController\Plugin\RequestPreprocessor.php(99): Magento\Framework\App\FrontController\Interceptor->Magento\Framework\Interception\{closure}(Object(Magento\Framework\App\Request\Http))
#29 C:\xampp\htdocs\caviar-web-magento2\vendor\magento\framework\Interception\Interceptor.php(135): Magento\Store\App\FrontController\Plugin\RequestPreprocessor->aroundDispatch(Object(Magento\Framework\App\FrontController\Interceptor), Object(Closure), Object(Magento\Framework\App\Request\Http))
#30 C:\xampp\htdocs\caviar-web-magento2\vendor\magento\module-page-cache\Model\App\FrontController\BuiltinPlugin.php(71): Magento\Framework\App\FrontController\Interceptor->Magento\Framework\Interception\{closure}(Object(Magento\Framework\App\Request\Http))
#31 C:\xampp\htdocs\caviar-web-magento2\vendor\magento\framework\Interception\Interceptor.php(135): Magento\PageCache\Model\App\FrontController\BuiltinPlugin->aroundDispatch(Object(Magento\Framework\App\FrontController\Interceptor), Object(Closure), Object(Magento\Framework\App\Request\Http))
#32 C:\xampp\htdocs\caviar-web-magento2\vendor\magento\framework\Interception\Interceptor.php(153): Magento\Framework\App\FrontController\Interceptor->Magento\Framework\Interception\{closure}(Object(Magento\Framework\App\Request\Http))
#33 C:\xampp\htdocs\caviar-web-magento2\generated\code\Magento\Framework\App\FrontController\Interceptor.php(23): Magento\Framework\App\FrontController\Interceptor->___callPlugins('dispatch', Array, NULL)
#34 C:\xampp\htdocs\caviar-web-magento2\vendor\magento\framework\App\Http.php(116): Magento\Framework\App\FrontController\Interceptor->dispatch(Object(Magento\Framework\App\Request\Http))
#35 C:\xampp\htdocs\caviar-web-magento2\generated\code\Magento\Framework\App\Http\Interceptor.php(23): Magento\Framework\App\Http->launch()
#36 C:\xampp\htdocs\caviar-web-magento2\vendor\magento\framework\App\Bootstrap.php(264): Magento\Framework\App\Http\Interceptor->launch()
#37 C:\xampp\htdocs\caviar-web-magento2\pub\index.php(30): Magento\Framework\App\Bootstrap->run(Object(Magento\Framework\App\Http\Interceptor))
#38 {main} {"exception":"[object] (Laminas\\Mail\\Transport\\Exception\\RuntimeException(code: 0): Unable to send mail: mail(): Failed to connect to mailserver at &quot;localhost&quot; port 25, verify your &quot;SMTP&quot; and &quot;smtp_port&quot; setting in php.ini or use ini_set() at C:\\xampp\\htdocs\\caviar-web-magento2\\vendor\\laminas\\laminas-mail\\src\\Transport\\Sendmail.php:313)"} []
[2025-10-06T05:48:40.576901+00:00] main.CRITICAL: Exception: Warning: Undefined array key "directiveName" in C:\xampp\htdocs\caviar-web-magento2\vendor\magento\framework\Filter\DirectiveProcessor\SimpleDirective.php on line 68 in C:\xampp\htdocs\caviar-web-magento2\vendor\magento\framework\App\ErrorHandler.php:62
Stack trace:
#0 C:\xampp\htdocs\caviar-web-magento2\vendor\magento\framework\Filter\DirectiveProcessor\SimpleDirective.php(68): Magento\Framework\App\ErrorHandler->handler(2, 'Undefined array...', 'C:\\xampp\\htdocs...', 68)
#1 C:\xampp\htdocs\caviar-web-magento2\vendor\magento\framework\Filter\DirectiveProcessor\LegacyDirective.php(47): Magento\Framework\Filter\DirectiveProcessor\SimpleDirective->process(Array, Object(Magento\Widget\Model\Template\Filter\Interceptor), Array)
#2 C:\xampp\htdocs\caviar-web-magento2\vendor\magento\framework\Filter\Template.php(272): Magento\Framework\Filter\DirectiveProcessor\LegacyDirective->process(Array, Object(Magento\Widget\Model\Template\Filter\Interceptor), Array)
#3 C:\xampp\htdocs\caviar-web-magento2\vendor\magento\framework\Filter\Template.php(206): Magento\Framework\Filter\Template->processDirectives('        <div cl...')
#4 C:\xampp\htdocs\caviar-web-magento2\vendor\magento\module-email\Model\Template\Filter.php(1127): Magento\Framework\Filter\Template->filter('        <div cl...')
#5 C:\xampp\htdocs\caviar-web-magento2\vendor\magento\framework\Interception\Interceptor.php(58): Magento\Email\Model\Template\Filter->filter('        <div cl...')
#6 C:\xampp\htdocs\caviar-web-magento2\vendor\magento\framework\Interception\Interceptor.php(138): Magento\Widget\Model\Template\Filter\Interceptor->___callParent('filter', Array)
#7 C:\xampp\htdocs\caviar-web-magento2\vendor\magento\framework\Interception\Interceptor.php(153): Magento\Widget\Model\Template\Filter\Interceptor->Magento\Framework\Interception\{closure}('        <div cl...')
#8 C:\xampp\htdocs\caviar-web-magento2\generated\code\Magento\Widget\Model\Template\Filter\Interceptor.php(284): Magento\Widget\Model\Template\Filter\Interceptor->___callPlugins('filter', Array, Array)
#9 C:\xampp\htdocs\caviar-web-magento2\vendor\goomento\module-page-builder\Controller\Actions\RenderWidget.php(95): Magento\Widget\Model\Template\Filter\Interceptor->filter('        <div cl...')
#10 [internal function]: Goomento\PageBuilder\Controller\Actions\RenderWidget->Goomento\PageBuilder\Controller\Actions\{closure}()
#11 C:\xampp\htdocs\caviar-web-magento2\vendor\goomento\module-page-builder\Model\BetterCaching.php(86): call_user_func(Object(Closure))
#12 C:\xampp\htdocs\caviar-web-magento2\vendor\magento\framework\Cache\LockGuardedCacheLoader.php(136): Goomento\PageBuilder\Model\BetterCaching->Goomento\PageBuilder\Model\{closure}()
#13 C:\xampp\htdocs\caviar-web-magento2\vendor\goomento\module-page-builder\Model\BetterCaching.php(111): Magento\Framework\Cache\LockGuardedCacheLoader->lockedLoadData('7c84b6', Object(Closure), Object(Closure), Object(Closure))
#14 C:\xampp\htdocs\caviar-web-magento2\vendor\goomento\module-page-builder\Controller\Actions\RenderWidget.php(102): Goomento\PageBuilder\Model\BetterCaching->resolve('7c84b6', Object(Closure))
#15 C:\xampp\htdocs\caviar-web-magento2\vendor\goomento\module-page-builder\Controller\Actions\Actions.php(110): Goomento\PageBuilder\Controller\Actions\RenderWidget->doAction(Array, Array)
#16 C:\xampp\htdocs\caviar-web-magento2\vendor\magento\framework\Interception\Interceptor.php(58): Goomento\PageBuilder\Controller\Actions\Actions->execute()
#17 C:\xampp\htdocs\caviar-web-magento2\vendor\magento\framework\Interception\Interceptor.php(138): Goomento\PageBuilder\Controller\Actions\Actions\Interceptor->___callParent('execute', Array)
#18 C:\xampp\htdocs\caviar-web-magento2\vendor\magento\framework\Interception\Interceptor.php(153): Goomento\PageBuilder\Controller\Actions\Actions\Interceptor->Magento\Framework\Interception\{closure}()
#19 C:\xampp\htdocs\caviar-web-magento2\generated\code\Goomento\PageBuilder\Controller\Actions\Actions\Interceptor.php(23): Goomento\PageBuilder\Controller\Actions\Actions\Interceptor->___callPlugins('execute', Array, Array)
#20 C:\xampp\htdocs\caviar-web-magento2\vendor\magento\framework\App\Action\Action.php(111): Goomento\PageBuilder\Controller\Actions\Actions\Interceptor->execute()
#21 C:\xampp\htdocs\caviar-web-magento2\vendor\magento\framework\Interception\Interceptor.php(58): Magento\Framework\App\Action\Action->dispatch(Object(Magento\Framework\App\Request\Http))
#22 C:\xampp\htdocs\caviar-web-magento2\vendor\magento\framework\Interception\Interceptor.php(138): Goomento\PageBuilder\Controller\Actions\Actions\Interceptor->___callParent('dispatch', Array)
#23 C:\xampp\htdocs\caviar-web-magento2\vendor\magento\framework\Interception\Interceptor.php(153): Goomento\PageBuilder\Controller\Actions\Actions\Interceptor->Magento\Framework\Interception\{closure}(Object(Magento\Framework\App\Request\Http))
#24 C:\xampp\htdocs\caviar-web-magento2\generated\code\Goomento\PageBuilder\Controller\Actions\Actions\Interceptor.php(32): Goomento\PageBuilder\Controller\Actions\Actions\Interceptor->___callPlugins('dispatch', Array, Array)
#25 C:\xampp\htdocs\caviar-web-magento2\vendor\magento\framework\App\FrontController.php(245): Goomento\PageBuilder\Controller\Actions\Actions\Interceptor->dispatch(Object(Magento\Framework\App\Request\Http))
#26 C:\xampp\htdocs\caviar-web-magento2\vendor\magento\framework\App\FrontController.php(212): Magento\Framework\App\FrontController->getActionResponse(Object(Goomento\PageBuilder\Controller\Actions\Actions\Interceptor), Object(Magento\Framework\App\Request\Http))
#27 C:\xampp\htdocs\caviar-web-magento2\vendor\magento\framework\App\FrontController.php(146): Magento\Framework\App\FrontController->processRequest(Object(Magento\Framework\App\Request\Http), Object(Goomento\PageBuilder\Controller\Actions\Actions\Interceptor))
#28 C:\xampp\htdocs\caviar-web-magento2\vendor\magento\framework\Interception\Interceptor.php(58): Magento\Framework\App\FrontController->dispatch(Object(Magento\Framework\App\Request\Http))
#29 C:\xampp\htdocs\caviar-web-magento2\vendor\magento\framework\Interception\Interceptor.php(138): Magento\Framework\App\FrontController\Interceptor->___callParent('dispatch', Array)
#30 C:\xampp\htdocs\caviar-web-magento2\vendor\magento\module-store\App\FrontController\Plugin\RequestPreprocessor.php(99): Magento\Framework\App\FrontController\Interceptor->Magento\Framework\Interception\{closure}(Object(Magento\Framework\App\Request\Http))
#31 C:\xampp\htdocs\caviar-web-magento2\vendor\magento\framework\Interception\Interceptor.php(135): Magento\Store\App\FrontController\Plugin\RequestPreprocessor->aroundDispatch(Object(Magento\Framework\App\FrontController\Interceptor), Object(Closure), Object(Magento\Framework\App\Request\Http))
#32 C:\xampp\htdocs\caviar-web-magento2\vendor\magento\module-page-cache\Model\App\FrontController\BuiltinPlugin.php(71): Magento\Framework\App\FrontController\Interceptor->Magento\Framework\Interception\{closure}(Object(Magento\Framework\App\Request\Http))
#33 C:\xampp\htdocs\caviar-web-magento2\vendor\magento\framework\Interception\Interceptor.php(135): Magento\PageCache\Model\App\FrontController\BuiltinPlugin->aroundDispatch(Object(Magento\Framework\App\FrontController\Interceptor), Object(Closure), Object(Magento\Framework\App\Request\Http))
#34 C:\xampp\htdocs\caviar-web-magento2\vendor\magento\framework\Interception\Interceptor.php(153): Magento\Framework\App\FrontController\Interceptor->Magento\Framework\Interception\{closure}(Object(Magento\Framework\App\Request\Http))
#35 C:\xampp\htdocs\caviar-web-magento2\generated\code\Magento\Framework\App\FrontController\Interceptor.php(23): Magento\Framework\App\FrontController\Interceptor->___callPlugins('dispatch', Array, NULL)
#36 C:\xampp\htdocs\caviar-web-magento2\vendor\magento\framework\App\Http.php(116): Magento\Framework\App\FrontController\Interceptor->dispatch(Object(Magento\Framework\App\Request\Http))
#37 C:\xampp\htdocs\caviar-web-magento2\generated\code\Magento\Framework\App\Http\Interceptor.php(23): Magento\Framework\App\Http->launch()
#38 C:\xampp\htdocs\caviar-web-magento2\vendor\magento\framework\App\Bootstrap.php(264): Magento\Framework\App\Http\Interceptor->launch()
#39 C:\xampp\htdocs\caviar-web-magento2\pub\index.php(30): Magento\Framework\App\Bootstrap->run(Object(Magento\Framework\App\Http\Interceptor))
#40 {main} {"exception":"[object] (Exception(code: 0): Warning: Undefined array key \"directiveName\" in C:\\xampp\\htdocs\\caviar-web-magento2\\vendor\\magento\\framework\\Filter\\DirectiveProcessor\\SimpleDirective.php on line 68 at C:\\xampp\\htdocs\\caviar-web-magento2\\vendor\\magento\\framework\\App\\ErrorHandler.php:62)"} []
[2025-10-06T05:53:40.792613+00:00] main.CRITICAL: Exception: Warning: Undefined array key "directiveName" in C:\xampp\htdocs\caviar-web-magento2\vendor\magento\framework\Filter\DirectiveProcessor\SimpleDirective.php on line 68 in C:\xampp\htdocs\caviar-web-magento2\vendor\magento\framework\App\ErrorHandler.php:62
Stack trace:
#0 C:\xampp\htdocs\caviar-web-magento2\vendor\magento\framework\Filter\DirectiveProcessor\SimpleDirective.php(68): Magento\Framework\App\ErrorHandler->handler(2, 'Undefined array...', 'C:\\xampp\\htdocs...', 68)
#1 C:\xampp\htdocs\caviar-web-magento2\vendor\magento\framework\Filter\DirectiveProcessor\LegacyDirective.php(47): Magento\Framework\Filter\DirectiveProcessor\SimpleDirective->process(Array, Object(Magento\Widget\Model\Template\Filter\Interceptor), Array)
#2 C:\xampp\htdocs\caviar-web-magento2\vendor\magento\framework\Filter\Template.php(272): Magento\Framework\Filter\DirectiveProcessor\LegacyDirective->process(Array, Object(Magento\Widget\Model\Template\Filter\Interceptor), Array)
#3 C:\xampp\htdocs\caviar-web-magento2\vendor\magento\framework\Filter\Template.php(206): Magento\Framework\Filter\Template->processDirectives('        <div da...')
#4 C:\xampp\htdocs\caviar-web-magento2\vendor\magento\module-email\Model\Template\Filter.php(1127): Magento\Framework\Filter\Template->filter('        <div da...')
#5 C:\xampp\htdocs\caviar-web-magento2\vendor\magento\framework\Interception\Interceptor.php(58): Magento\Email\Model\Template\Filter->filter('        <div da...')
#6 C:\xampp\htdocs\caviar-web-magento2\vendor\magento\framework\Interception\Interceptor.php(138): Magento\Widget\Model\Template\Filter\Interceptor->___callParent('filter', Array)
#7 C:\xampp\htdocs\caviar-web-magento2\vendor\magento\framework\Interception\Interceptor.php(153): Magento\Widget\Model\Template\Filter\Interceptor->Magento\Framework\Interception\{closure}('        <div da...')
#8 C:\xampp\htdocs\caviar-web-magento2\generated\code\Magento\Widget\Model\Template\Filter\Interceptor.php(284): Magento\Widget\Model\Template\Filter\Interceptor->___callPlugins('filter', Array, Array)
#9 C:\xampp\htdocs\caviar-web-magento2\vendor\goomento\module-page-builder\Block\Content.php(272): Magento\Widget\Model\Template\Filter\Interceptor->filter('        <div da...')
#10 C:\xampp\htdocs\caviar-web-magento2\vendor\magento\framework\View\Element\AbstractBlock.php(1128): Goomento\PageBuilder\Block\Content->_toHtml()
#11 C:\xampp\htdocs\caviar-web-magento2\vendor\magento\framework\View\Element\AbstractBlock.php(1132): Magento\Framework\View\Element\AbstractBlock->Magento\Framework\View\Element\{closure}()
#12 C:\xampp\htdocs\caviar-web-magento2\vendor\magento\framework\View\Element\AbstractBlock.php(676): Magento\Framework\View\Element\AbstractBlock->_loadCache()
#13 C:\xampp\htdocs\caviar-web-magento2\vendor\goomento\module-page-builder\Block\Content.php(295): Magento\Framework\View\Element\AbstractBlock->toHtml()
#14 C:\xampp\htdocs\caviar-web-magento2\vendor\magento\framework\View\Layout.php(578): Goomento\PageBuilder\Block\Content->toHtml()
#15 C:\xampp\htdocs\caviar-web-magento2\vendor\magento\framework\View\Layout.php(555): Magento\Framework\View\Layout->_renderBlock('pagebuilder.con...')
#16 C:\xampp\htdocs\caviar-web-magento2\generated\code\Magento\Framework\View\Layout\Interceptor.php(149): Magento\Framework\View\Layout->renderNonCachedElement('pagebuilder.con...')
#17 C:\xampp\htdocs\caviar-web-magento2\vendor\magento\framework\View\Layout.php(510): Magento\Framework\View\Layout\Interceptor->renderNonCachedElement('pagebuilder.con...')
#18 C:\xampp\htdocs\caviar-web-magento2\generated\code\Magento\Framework\View\Layout\Interceptor.php(140): Magento\Framework\View\Layout->renderElement('pagebuilder.con...', false)
#19 C:\xampp\htdocs\caviar-web-magento2\vendor\magento\framework\View\Layout.php(606): Magento\Framework\View\Layout\Interceptor->renderElement('pagebuilder.con...', false)
#20 C:\xampp\htdocs\caviar-web-magento2\vendor\magento\framework\View\Layout.php(557): Magento\Framework\View\Layout->_renderContainer('content', false)
#21 C:\xampp\htdocs\caviar-web-magento2\generated\code\Magento\Framework\View\Layout\Interceptor.php(149): Magento\Framework\View\Layout->renderNonCachedElement('content')
#22 C:\xampp\htdocs\caviar-web-magento2\vendor\magento\framework\View\Layout.php(510): Magento\Framework\View\Layout\Interceptor->renderNonCachedElement('content')
#23 C:\xampp\htdocs\caviar-web-magento2\generated\code\Magento\Framework\View\Layout\Interceptor.php(140): Magento\Framework\View\Layout->renderElement('content', false)
#24 C:\xampp\htdocs\caviar-web-magento2\vendor\magento\framework\View\Layout.php(606): Magento\Framework\View\Layout\Interceptor->renderElement('content', false)
#25 C:\xampp\htdocs\caviar-web-magento2\vendor\magento\framework\View\Layout.php(557): Magento\Framework\View\Layout->_renderContainer('main', false)
#26 C:\xampp\htdocs\caviar-web-magento2\generated\code\Magento\Framework\View\Layout\Interceptor.php(149): Magento\Framework\View\Layout->renderNonCachedElement('main')
#27 C:\xampp\htdocs\caviar-web-magento2\vendor\magento\framework\View\Layout.php(510): Magento\Framework\View\Layout\Interceptor->renderNonCachedElement('main')
#28 C:\xampp\htdocs\caviar-web-magento2\generated\code\Magento\Framework\View\Layout\Interceptor.php(140): Magento\Framework\View\Layout->renderElement('main', false)
#29 C:\xampp\htdocs\caviar-web-magento2\vendor\magento\framework\View\Layout.php(606): Magento\Framework\View\Layout\Interceptor->renderElement('main', false)
#30 C:\xampp\htdocs\caviar-web-magento2\vendor\magento\framework\View\Layout.php(557): Magento\Framework\View\Layout->_renderContainer('columns', false)
#31 C:\xampp\htdocs\caviar-web-magento2\generated\code\Magento\Framework\View\Layout\Interceptor.php(149): Magento\Framework\View\Layout->renderNonCachedElement('columns')
#32 C:\xampp\htdocs\caviar-web-magento2\vendor\magento\framework\View\Layout.php(510): Magento\Framework\View\Layout\Interceptor->renderNonCachedElement('columns')
#33 C:\xampp\htdocs\caviar-web-magento2\generated\code\Magento\Framework\View\Layout\Interceptor.php(140): Magento\Framework\View\Layout->renderElement('columns', false)
#34 C:\xampp\htdocs\caviar-web-magento2\vendor\magento\framework\View\Layout.php(606): Magento\Framework\View\Layout\Interceptor->renderElement('columns', false)
#35 C:\xampp\htdocs\caviar-web-magento2\vendor\magento\framework\View\Layout.php(557): Magento\Framework\View\Layout->_renderContainer('main.content', false)
#36 C:\xampp\htdocs\caviar-web-magento2\generated\code\Magento\Framework\View\Layout\Interceptor.php(149): Magento\Framework\View\Layout->renderNonCachedElement('main.content')
#37 C:\xampp\htdocs\caviar-web-magento2\vendor\magento\framework\View\Layout.php(510): Magento\Framework\View\Layout\Interceptor->renderNonCachedElement('main.content')
#38 C:\xampp\htdocs\caviar-web-magento2\generated\code\Magento\Framework\View\Layout\Interceptor.php(140): Magento\Framework\View\Layout->renderElement('main.content', false)
#39 C:\xampp\htdocs\caviar-web-magento2\vendor\magento\framework\View\Layout.php(606): Magento\Framework\View\Layout\Interceptor->renderElement('main.content', false)
#40 C:\xampp\htdocs\caviar-web-magento2\vendor\magento\framework\View\Layout.php(557): Magento\Framework\View\Layout->_renderContainer('page.wrapper', false)
#41 C:\xampp\htdocs\caviar-web-magento2\generated\code\Magento\Framework\View\Layout\Interceptor.php(149): Magento\Framework\View\Layout->renderNonCachedElement('page.wrapper')
#42 C:\xampp\htdocs\caviar-web-magento2\vendor\magento\framework\View\Layout.php(510): Magento\Framework\View\Layout\Interceptor->renderNonCachedElement('page.wrapper')
#43 C:\xampp\htdocs\caviar-web-magento2\generated\code\Magento\Framework\View\Layout\Interceptor.php(140): Magento\Framework\View\Layout->renderElement('page.wrapper', false)
#44 C:\xampp\htdocs\caviar-web-magento2\vendor\magento\framework\View\Layout.php(606): Magento\Framework\View\Layout\Interceptor->renderElement('page.wrapper', false)
#45 C:\xampp\htdocs\caviar-web-magento2\vendor\magento\framework\View\Layout.php(557): Magento\Framework\View\Layout->_renderContainer('root', false)
#46 C:\xampp\htdocs\caviar-web-magento2\generated\code\Magento\Framework\View\Layout\Interceptor.php(149): Magento\Framework\View\Layout->renderNonCachedElement('root')
#47 C:\xampp\htdocs\caviar-web-magento2\vendor\magento\framework\View\Layout.php(510): Magento\Framework\View\Layout\Interceptor->renderNonCachedElement('root')
#48 C:\xampp\htdocs\caviar-web-magento2\generated\code\Magento\Framework\View\Layout\Interceptor.php(140): Magento\Framework\View\Layout->renderElement('root', true)
#49 C:\xampp\htdocs\caviar-web-magento2\vendor\magento\framework\View\Layout.php(975): Magento\Framework\View\Layout\Interceptor->renderElement('root')
#50 C:\xampp\htdocs\caviar-web-magento2\vendor\magento\framework\Interception\Interceptor.php(58): Magento\Framework\View\Layout->getOutput()
#51 C:\xampp\htdocs\caviar-web-magento2\vendor\magento\framework\Interception\Interceptor.php(138): Magento\Framework\View\Layout\Interceptor->___callParent('getOutput', Array)
#52 C:\xampp\htdocs\caviar-web-magento2\vendor\magento\framework\Interception\Interceptor.php(153): Magento\Framework\View\Layout\Interceptor->Magento\Framework\Interception\{closure}()
#53 C:\xampp\htdocs\caviar-web-magento2\generated\code\Magento\Framework\View\Layout\Interceptor.php(347): Magento\Framework\View\Layout\Interceptor->___callPlugins('getOutput', Array, Array)
#54 C:\xampp\htdocs\caviar-web-magento2\vendor\magento\framework\View\Result\Page.php(260): Magento\Framework\View\Layout\Interceptor->getOutput()
#55 C:\xampp\htdocs\caviar-web-magento2\vendor\magento\framework\View\Result\Layout.php(171): Magento\Framework\View\Result\Page->render(Object(Magento\Framework\App\Response\Http\Interceptor))
#56 C:\xampp\htdocs\caviar-web-magento2\vendor\magento\framework\Interception\Interceptor.php(58): Magento\Framework\View\Result\Layout->renderResult(Object(Magento\Framework\App\Response\Http\Interceptor))
#57 C:\xampp\htdocs\caviar-web-magento2\vendor\magento\framework\Interception\Interceptor.php(138): Magento\Framework\View\Result\Page\Interceptor->___callParent('renderResult', Array)
#58 C:\xampp\htdocs\caviar-web-magento2\vendor\magento\framework\Interception\Interceptor.php(153): Magento\Framework\View\Result\Page\Interceptor->Magento\Framework\Interception\{closure}(Object(Magento\Framework\App\Response\Http\Interceptor))
#59 C:\xampp\htdocs\caviar-web-magento2\generated\code\Magento\Framework\View\Result\Page\Interceptor.php(95): Magento\Framework\View\Result\Page\Interceptor->___callPlugins('renderResult', Array, Array)
#60 C:\xampp\htdocs\caviar-web-magento2\vendor\magento\framework\App\Http.php(120): Magento\Framework\View\Result\Page\Interceptor->renderResult(Object(Magento\Framework\App\Response\Http\Interceptor))
#61 C:\xampp\htdocs\caviar-web-magento2\generated\code\Magento\Framework\App\Http\Interceptor.php(23): Magento\Framework\App\Http->launch()
#62 C:\xampp\htdocs\caviar-web-magento2\vendor\magento\framework\App\Bootstrap.php(264): Magento\Framework\App\Http\Interceptor->launch()
#63 C:\xampp\htdocs\caviar-web-magento2\pub\index.php(30): Magento\Framework\App\Bootstrap->run(Object(Magento\Framework\App\Http\Interceptor))
#64 {main} {"exception":"[object] (Exception(code: 0): Warning: Undefined array key \"directiveName\" in C:\\xampp\\htdocs\\caviar-web-magento2\\vendor\\magento\\framework\\Filter\\DirectiveProcessor\\SimpleDirective.php on line 68 at C:\\xampp\\htdocs\\caviar-web-magento2\\vendor\\magento\\framework\\App\\ErrorHandler.php:62)"} []
[2025-10-06T06:52:13.443487+00:00] main.CRITICAL: Exception: Warning: Undefined array key "directiveName" in C:\xampp\htdocs\caviar-web-magento2\vendor\magento\framework\Filter\DirectiveProcessor\SimpleDirective.php on line 68 in C:\xampp\htdocs\caviar-web-magento2\vendor\magento\framework\App\ErrorHandler.php:62
Stack trace:
#0 C:\xampp\htdocs\caviar-web-magento2\vendor\magento\framework\Filter\DirectiveProcessor\SimpleDirective.php(68): Magento\Framework\App\ErrorHandler->handler(2, 'Undefined array...', 'C:\\xampp\\htdocs...', 68)
#1 C:\xampp\htdocs\caviar-web-magento2\vendor\magento\framework\Filter\DirectiveProcessor\LegacyDirective.php(47): Magento\Framework\Filter\DirectiveProcessor\SimpleDirective->process(Array, Object(Magento\Widget\Model\Template\Filter\Interceptor), Array)
#2 C:\xampp\htdocs\caviar-web-magento2\vendor\magento\framework\Filter\Template.php(272): Magento\Framework\Filter\DirectiveProcessor\LegacyDirective->process(Array, Object(Magento\Widget\Model\Template\Filter\Interceptor), Array)
#3 C:\xampp\htdocs\caviar-web-magento2\vendor\magento\framework\Filter\Template.php(206): Magento\Framework\Filter\Template->processDirectives('        <div cl...')
#4 C:\xampp\htdocs\caviar-web-magento2\vendor\magento\module-email\Model\Template\Filter.php(1127): Magento\Framework\Filter\Template->filter('        <div cl...')
#5 C:\xampp\htdocs\caviar-web-magento2\vendor\magento\framework\Interception\Interceptor.php(58): Magento\Email\Model\Template\Filter->filter('        <div cl...')
#6 C:\xampp\htdocs\caviar-web-magento2\vendor\magento\framework\Interception\Interceptor.php(138): Magento\Widget\Model\Template\Filter\Interceptor->___callParent('filter', Array)
#7 C:\xampp\htdocs\caviar-web-magento2\vendor\magento\framework\Interception\Interceptor.php(153): Magento\Widget\Model\Template\Filter\Interceptor->Magento\Framework\Interception\{closure}('        <div cl...')
#8 C:\xampp\htdocs\caviar-web-magento2\generated\code\Magento\Widget\Model\Template\Filter\Interceptor.php(284): Magento\Widget\Model\Template\Filter\Interceptor->___callPlugins('filter', Array, Array)
#9 C:\xampp\htdocs\caviar-web-magento2\vendor\goomento\module-page-builder\Controller\Actions\RenderWidget.php(95): Magento\Widget\Model\Template\Filter\Interceptor->filter('        <div cl...')
#10 [internal function]: Goomento\PageBuilder\Controller\Actions\RenderWidget->Goomento\PageBuilder\Controller\Actions\{closure}()
#11 C:\xampp\htdocs\caviar-web-magento2\vendor\goomento\module-page-builder\Model\BetterCaching.php(86): call_user_func(Object(Closure))
#12 C:\xampp\htdocs\caviar-web-magento2\vendor\magento\framework\Cache\LockGuardedCacheLoader.php(136): Goomento\PageBuilder\Model\BetterCaching->Goomento\PageBuilder\Model\{closure}()
#13 C:\xampp\htdocs\caviar-web-magento2\vendor\goomento\module-page-builder\Model\BetterCaching.php(111): Magento\Framework\Cache\LockGuardedCacheLoader->lockedLoadData('4f97a9', Object(Closure), Object(Closure), Object(Closure))
#14 C:\xampp\htdocs\caviar-web-magento2\vendor\goomento\module-page-builder\Controller\Actions\RenderWidget.php(102): Goomento\PageBuilder\Model\BetterCaching->resolve('4f97a9', Object(Closure))
#15 C:\xampp\htdocs\caviar-web-magento2\vendor\goomento\module-page-builder\Controller\Actions\Actions.php(110): Goomento\PageBuilder\Controller\Actions\RenderWidget->doAction(Array, Array)
#16 C:\xampp\htdocs\caviar-web-magento2\vendor\magento\framework\Interception\Interceptor.php(58): Goomento\PageBuilder\Controller\Actions\Actions->execute()
#17 C:\xampp\htdocs\caviar-web-magento2\vendor\magento\framework\Interception\Interceptor.php(138): Goomento\PageBuilder\Controller\Actions\Actions\Interceptor->___callParent('execute', Array)
#18 C:\xampp\htdocs\caviar-web-magento2\vendor\magento\framework\Interception\Interceptor.php(153): Goomento\PageBuilder\Controller\Actions\Actions\Interceptor->Magento\Framework\Interception\{closure}()
#19 C:\xampp\htdocs\caviar-web-magento2\generated\code\Goomento\PageBuilder\Controller\Actions\Actions\Interceptor.php(23): Goomento\PageBuilder\Controller\Actions\Actions\Interceptor->___callPlugins('execute', Array, Array)
#20 C:\xampp\htdocs\caviar-web-magento2\vendor\magento\framework\App\Action\Action.php(111): Goomento\PageBuilder\Controller\Actions\Actions\Interceptor->execute()
#21 C:\xampp\htdocs\caviar-web-magento2\vendor\magento\framework\Interception\Interceptor.php(58): Magento\Framework\App\Action\Action->dispatch(Object(Magento\Framework\App\Request\Http))
#22 C:\xampp\htdocs\caviar-web-magento2\vendor\magento\framework\Interception\Interceptor.php(138): Goomento\PageBuilder\Controller\Actions\Actions\Interceptor->___callParent('dispatch', Array)
#23 C:\xampp\htdocs\caviar-web-magento2\vendor\magento\framework\Interception\Interceptor.php(153): Goomento\PageBuilder\Controller\Actions\Actions\Interceptor->Magento\Framework\Interception\{closure}(Object(Magento\Framework\App\Request\Http))
#24 C:\xampp\htdocs\caviar-web-magento2\generated\code\Goomento\PageBuilder\Controller\Actions\Actions\Interceptor.php(32): Goomento\PageBuilder\Controller\Actions\Actions\Interceptor->___callPlugins('dispatch', Array, Array)
#25 C:\xampp\htdocs\caviar-web-magento2\vendor\magento\framework\App\FrontController.php(245): Goomento\PageBuilder\Controller\Actions\Actions\Interceptor->dispatch(Object(Magento\Framework\App\Request\Http))
#26 C:\xampp\htdocs\caviar-web-magento2\vendor\magento\framework\App\FrontController.php(212): Magento\Framework\App\FrontController->getActionResponse(Object(Goomento\PageBuilder\Controller\Actions\Actions\Interceptor), Object(Magento\Framework\App\Request\Http))
#27 C:\xampp\htdocs\caviar-web-magento2\vendor\magento\framework\App\FrontController.php(146): Magento\Framework\App\FrontController->processRequest(Object(Magento\Framework\App\Request\Http), Object(Goomento\PageBuilder\Controller\Actions\Actions\Interceptor))
#28 C:\xampp\htdocs\caviar-web-magento2\vendor\magento\framework\Interception\Interceptor.php(58): Magento\Framework\App\FrontController->dispatch(Object(Magento\Framework\App\Request\Http))
#29 C:\xampp\htdocs\caviar-web-magento2\vendor\magento\framework\Interception\Interceptor.php(138): Magento\Framework\App\FrontController\Interceptor->___callParent('dispatch', Array)
#30 C:\xampp\htdocs\caviar-web-magento2\vendor\magento\module-store\App\FrontController\Plugin\RequestPreprocessor.php(99): Magento\Framework\App\FrontController\Interceptor->Magento\Framework\Interception\{closure}(Object(Magento\Framework\App\Request\Http))
#31 C:\xampp\htdocs\caviar-web-magento2\vendor\magento\framework\Interception\Interceptor.php(135): Magento\Store\App\FrontController\Plugin\RequestPreprocessor->aroundDispatch(Object(Magento\Framework\App\FrontController\Interceptor), Object(Closure), Object(Magento\Framework\App\Request\Http))
#32 C:\xampp\htdocs\caviar-web-magento2\vendor\magento\module-page-cache\Model\App\FrontController\BuiltinPlugin.php(71): Magento\Framework\App\FrontController\Interceptor->Magento\Framework\Interception\{closure}(Object(Magento\Framework\App\Request\Http))
#33 C:\xampp\htdocs\caviar-web-magento2\vendor\magento\framework\Interception\Interceptor.php(135): Magento\PageCache\Model\App\FrontController\BuiltinPlugin->aroundDispatch(Object(Magento\Framework\App\FrontController\Interceptor), Object(Closure), Object(Magento\Framework\App\Request\Http))
#34 C:\xampp\htdocs\caviar-web-magento2\vendor\magento\framework\Interception\Interceptor.php(153): Magento\Framework\App\FrontController\Interceptor->Magento\Framework\Interception\{closure}(Object(Magento\Framework\App\Request\Http))
#35 C:\xampp\htdocs\caviar-web-magento2\generated\code\Magento\Framework\App\FrontController\Interceptor.php(23): Magento\Framework\App\FrontController\Interceptor->___callPlugins('dispatch', Array, NULL)
#36 C:\xampp\htdocs\caviar-web-magento2\vendor\magento\framework\App\Http.php(116): Magento\Framework\App\FrontController\Interceptor->dispatch(Object(Magento\Framework\App\Request\Http))
#37 C:\xampp\htdocs\caviar-web-magento2\generated\code\Magento\Framework\App\Http\Interceptor.php(23): Magento\Framework\App\Http->launch()
#38 C:\xampp\htdocs\caviar-web-magento2\vendor\magento\framework\App\Bootstrap.php(264): Magento\Framework\App\Http\Interceptor->launch()
#39 C:\xampp\htdocs\caviar-web-magento2\pub\index.php(30): Magento\Framework\App\Bootstrap->run(Object(Magento\Framework\App\Http\Interceptor))
#40 {main} {"exception":"[object] (Exception(code: 0): Warning: Undefined array key \"directiveName\" in C:\\xampp\\htdocs\\caviar-web-magento2\\vendor\\magento\\framework\\Filter\\DirectiveProcessor\\SimpleDirective.php on line 68 at C:\\xampp\\htdocs\\caviar-web-magento2\\vendor\\magento\\framework\\App\\ErrorHandler.php:62)"} []
[2025-10-06T06:52:31.799737+00:00] main.CRITICAL: Exception: Warning: Undefined array key "directiveName" in C:\xampp\htdocs\caviar-web-magento2\vendor\magento\framework\Filter\DirectiveProcessor\SimpleDirective.php on line 68 in C:\xampp\htdocs\caviar-web-magento2\vendor\magento\framework\App\ErrorHandler.php:62
Stack trace:
#0 C:\xampp\htdocs\caviar-web-magento2\vendor\magento\framework\Filter\DirectiveProcessor\SimpleDirective.php(68): Magento\Framework\App\ErrorHandler->handler(2, 'Undefined array...', 'C:\\xampp\\htdocs...', 68)
#1 C:\xampp\htdocs\caviar-web-magento2\vendor\magento\framework\Filter\DirectiveProcessor\LegacyDirective.php(47): Magento\Framework\Filter\DirectiveProcessor\SimpleDirective->process(Array, Object(Magento\Widget\Model\Template\Filter\Interceptor), Array)
#2 C:\xampp\htdocs\caviar-web-magento2\vendor\magento\framework\Filter\Template.php(272): Magento\Framework\Filter\DirectiveProcessor\LegacyDirective->process(Array, Object(Magento\Widget\Model\Template\Filter\Interceptor), Array)
#3 C:\xampp\htdocs\caviar-web-magento2\vendor\magento\framework\Filter\Template.php(206): Magento\Framework\Filter\Template->processDirectives('        <div da...')
#4 C:\xampp\htdocs\caviar-web-magento2\vendor\magento\module-email\Model\Template\Filter.php(1127): Magento\Framework\Filter\Template->filter('        <div da...')
#5 C:\xampp\htdocs\caviar-web-magento2\vendor\magento\framework\Interception\Interceptor.php(58): Magento\Email\Model\Template\Filter->filter('        <div da...')
#6 C:\xampp\htdocs\caviar-web-magento2\vendor\magento\framework\Interception\Interceptor.php(138): Magento\Widget\Model\Template\Filter\Interceptor->___callParent('filter', Array)
#7 C:\xampp\htdocs\caviar-web-magento2\vendor\magento\framework\Interception\Interceptor.php(153): Magento\Widget\Model\Template\Filter\Interceptor->Magento\Framework\Interception\{closure}('        <div da...')
#8 C:\xampp\htdocs\caviar-web-magento2\generated\code\Magento\Widget\Model\Template\Filter\Interceptor.php(284): Magento\Widget\Model\Template\Filter\Interceptor->___callPlugins('filter', Array, Array)
#9 C:\xampp\htdocs\caviar-web-magento2\vendor\goomento\module-page-builder\Block\Content.php(272): Magento\Widget\Model\Template\Filter\Interceptor->filter('        <div da...')
#10 C:\xampp\htdocs\caviar-web-magento2\vendor\magento\framework\View\Element\AbstractBlock.php(1128): Goomento\PageBuilder\Block\Content->_toHtml()
#11 C:\xampp\htdocs\caviar-web-magento2\vendor\magento\framework\View\Element\AbstractBlock.php(1132): Magento\Framework\View\Element\AbstractBlock->Magento\Framework\View\Element\{closure}()
#12 C:\xampp\htdocs\caviar-web-magento2\vendor\magento\framework\View\Element\AbstractBlock.php(676): Magento\Framework\View\Element\AbstractBlock->_loadCache()
#13 C:\xampp\htdocs\caviar-web-magento2\vendor\goomento\module-page-builder\Block\Content.php(295): Magento\Framework\View\Element\AbstractBlock->toHtml()
#14 C:\xampp\htdocs\caviar-web-magento2\vendor\magento\framework\View\Layout.php(578): Goomento\PageBuilder\Block\Content->toHtml()
#15 C:\xampp\htdocs\caviar-web-magento2\vendor\magento\framework\View\Layout.php(555): Magento\Framework\View\Layout->_renderBlock('pagebuilder.con...')
#16 C:\xampp\htdocs\caviar-web-magento2\generated\code\Magento\Framework\View\Layout\Interceptor.php(149): Magento\Framework\View\Layout->renderNonCachedElement('pagebuilder.con...')
#17 C:\xampp\htdocs\caviar-web-magento2\vendor\magento\framework\View\Layout.php(510): Magento\Framework\View\Layout\Interceptor->renderNonCachedElement('pagebuilder.con...')
#18 C:\xampp\htdocs\caviar-web-magento2\generated\code\Magento\Framework\View\Layout\Interceptor.php(140): Magento\Framework\View\Layout->renderElement('pagebuilder.con...', false)
#19 C:\xampp\htdocs\caviar-web-magento2\vendor\magento\framework\View\Layout.php(606): Magento\Framework\View\Layout\Interceptor->renderElement('pagebuilder.con...', false)
#20 C:\xampp\htdocs\caviar-web-magento2\vendor\magento\framework\View\Layout.php(557): Magento\Framework\View\Layout->_renderContainer('content', false)
#21 C:\xampp\htdocs\caviar-web-magento2\generated\code\Magento\Framework\View\Layout\Interceptor.php(149): Magento\Framework\View\Layout->renderNonCachedElement('content')
#22 C:\xampp\htdocs\caviar-web-magento2\vendor\magento\framework\View\Layout.php(510): Magento\Framework\View\Layout\Interceptor->renderNonCachedElement('content')
#23 C:\xampp\htdocs\caviar-web-magento2\generated\code\Magento\Framework\View\Layout\Interceptor.php(140): Magento\Framework\View\Layout->renderElement('content', false)
#24 C:\xampp\htdocs\caviar-web-magento2\vendor\magento\framework\View\Layout.php(606): Magento\Framework\View\Layout\Interceptor->renderElement('content', false)
#25 C:\xampp\htdocs\caviar-web-magento2\vendor\magento\framework\View\Layout.php(557): Magento\Framework\View\Layout->_renderContainer('main', false)
#26 C:\xampp\htdocs\caviar-web-magento2\generated\code\Magento\Framework\View\Layout\Interceptor.php(149): Magento\Framework\View\Layout->renderNonCachedElement('main')
#27 C:\xampp\htdocs\caviar-web-magento2\vendor\magento\framework\View\Layout.php(510): Magento\Framework\View\Layout\Interceptor->renderNonCachedElement('main')
#28 C:\xampp\htdocs\caviar-web-magento2\generated\code\Magento\Framework\View\Layout\Interceptor.php(140): Magento\Framework\View\Layout->renderElement('main', false)
#29 C:\xampp\htdocs\caviar-web-magento2\vendor\magento\framework\View\Layout.php(606): Magento\Framework\View\Layout\Interceptor->renderElement('main', false)
#30 C:\xampp\htdocs\caviar-web-magento2\vendor\magento\framework\View\Layout.php(557): Magento\Framework\View\Layout->_renderContainer('columns', false)
#31 C:\xampp\htdocs\caviar-web-magento2\generated\code\Magento\Framework\View\Layout\Interceptor.php(149): Magento\Framework\View\Layout->renderNonCachedElement('columns')
#32 C:\xampp\htdocs\caviar-web-magento2\vendor\magento\framework\View\Layout.php(510): Magento\Framework\View\Layout\Interceptor->renderNonCachedElement('columns')
#33 C:\xampp\htdocs\caviar-web-magento2\generated\code\Magento\Framework\View\Layout\Interceptor.php(140): Magento\Framework\View\Layout->renderElement('columns', false)
#34 C:\xampp\htdocs\caviar-web-magento2\vendor\magento\framework\View\Layout.php(606): Magento\Framework\View\Layout\Interceptor->renderElement('columns', false)
#35 C:\xampp\htdocs\caviar-web-magento2\vendor\magento\framework\View\Layout.php(557): Magento\Framework\View\Layout->_renderContainer('main.content', false)
#36 C:\xampp\htdocs\caviar-web-magento2\generated\code\Magento\Framework\View\Layout\Interceptor.php(149): Magento\Framework\View\Layout->renderNonCachedElement('main.content')
#37 C:\xampp\htdocs\caviar-web-magento2\vendor\magento\framework\View\Layout.php(510): Magento\Framework\View\Layout\Interceptor->renderNonCachedElement('main.content')
#38 C:\xampp\htdocs\caviar-web-magento2\generated\code\Magento\Framework\View\Layout\Interceptor.php(140): Magento\Framework\View\Layout->renderElement('main.content', false)
#39 C:\xampp\htdocs\caviar-web-magento2\vendor\magento\framework\View\Layout.php(606): Magento\Framework\View\Layout\Interceptor->renderElement('main.content', false)
#40 C:\xampp\htdocs\caviar-web-magento2\vendor\magento\framework\View\Layout.php(557): Magento\Framework\View\Layout->_renderContainer('page.wrapper', false)
#41 C:\xampp\htdocs\caviar-web-magento2\generated\code\Magento\Framework\View\Layout\Interceptor.php(149): Magento\Framework\View\Layout->renderNonCachedElement('page.wrapper')
#42 C:\xampp\htdocs\caviar-web-magento2\vendor\magento\framework\View\Layout.php(510): Magento\Framework\View\Layout\Interceptor->renderNonCachedElement('page.wrapper')
#43 C:\xampp\htdocs\caviar-web-magento2\generated\code\Magento\Framework\View\Layout\Interceptor.php(140): Magento\Framework\View\Layout->renderElement('page.wrapper', false)
#44 C:\xampp\htdocs\caviar-web-magento2\vendor\magento\framework\View\Layout.php(606): Magento\Framework\View\Layout\Interceptor->renderElement('page.wrapper', false)
#45 C:\xampp\htdocs\caviar-web-magento2\vendor\magento\framework\View\Layout.php(557): Magento\Framework\View\Layout->_renderContainer('root', false)
#46 C:\xampp\htdocs\caviar-web-magento2\generated\code\Magento\Framework\View\Layout\Interceptor.php(149): Magento\Framework\View\Layout->renderNonCachedElement('root')
#47 C:\xampp\htdocs\caviar-web-magento2\vendor\magento\framework\View\Layout.php(510): Magento\Framework\View\Layout\Interceptor->renderNonCachedElement('root')
#48 C:\xampp\htdocs\caviar-web-magento2\generated\code\Magento\Framework\View\Layout\Interceptor.php(140): Magento\Framework\View\Layout->renderElement('root', true)
#49 C:\xampp\htdocs\caviar-web-magento2\vendor\magento\framework\View\Layout.php(975): Magento\Framework\View\Layout\Interceptor->renderElement('root')
#50 C:\xampp\htdocs\caviar-web-magento2\vendor\magento\framework\Interception\Interceptor.php(58): Magento\Framework\View\Layout->getOutput()
#51 C:\xampp\htdocs\caviar-web-magento2\vendor\magento\framework\Interception\Interceptor.php(138): Magento\Framework\View\Layout\Interceptor->___callParent('getOutput', Array)
#52 C:\xampp\htdocs\caviar-web-magento2\vendor\magento\framework\Interception\Interceptor.php(153): Magento\Framework\View\Layout\Interceptor->Magento\Framework\Interception\{closure}()
#53 C:\xampp\htdocs\caviar-web-magento2\generated\code\Magento\Framework\View\Layout\Interceptor.php(347): Magento\Framework\View\Layout\Interceptor->___callPlugins('getOutput', Array, Array)
#54 C:\xampp\htdocs\caviar-web-magento2\vendor\magento\framework\View\Result\Page.php(260): Magento\Framework\View\Layout\Interceptor->getOutput()
#55 C:\xampp\htdocs\caviar-web-magento2\vendor\magento\framework\View\Result\Layout.php(171): Magento\Framework\View\Result\Page->render(Object(Magento\Framework\App\Response\Http\Interceptor))
#56 C:\xampp\htdocs\caviar-web-magento2\vendor\magento\framework\Interception\Interceptor.php(58): Magento\Framework\View\Result\Layout->renderResult(Object(Magento\Framework\App\Response\Http\Interceptor))
#57 C:\xampp\htdocs\caviar-web-magento2\vendor\magento\framework\Interception\Interceptor.php(138): Magento\Framework\View\Result\Page\Interceptor->___callParent('renderResult', Array)
#58 C:\xampp\htdocs\caviar-web-magento2\vendor\magento\framework\Interception\Interceptor.php(153): Magento\Framework\View\Result\Page\Interceptor->Magento\Framework\Interception\{closure}(Object(Magento\Framework\App\Response\Http\Interceptor))
#59 C:\xampp\htdocs\caviar-web-magento2\generated\code\Magento\Framework\View\Result\Page\Interceptor.php(95): Magento\Framework\View\Result\Page\Interceptor->___callPlugins('renderResult', Array, Array)
#60 C:\xampp\htdocs\caviar-web-magento2\vendor\magento\framework\App\Http.php(120): Magento\Framework\View\Result\Page\Interceptor->renderResult(Object(Magento\Framework\App\Response\Http\Interceptor))
#61 C:\xampp\htdocs\caviar-web-magento2\generated\code\Magento\Framework\App\Http\Interceptor.php(23): Magento\Framework\App\Http->launch()
#62 C:\xampp\htdocs\caviar-web-magento2\vendor\magento\framework\App\Bootstrap.php(264): Magento\Framework\App\Http\Interceptor->launch()
#63 C:\xampp\htdocs\caviar-web-magento2\pub\index.php(30): Magento\Framework\App\Bootstrap->run(Object(Magento\Framework\App\Http\Interceptor))
#64 {main} {"exception":"[object] (Exception(code: 0): Warning: Undefined array key \"directiveName\" in C:\\xampp\\htdocs\\caviar-web-magento2\\vendor\\magento\\framework\\Filter\\DirectiveProcessor\\SimpleDirective.php on line 68 at C:\\xampp\\htdocs\\caviar-web-magento2\\vendor\\magento\\framework\\App\\ErrorHandler.php:62)"} []
[2025-10-06T06:54:01.149728+00:00] main.CRITICAL: Exception: Warning: Undefined array key "directiveName" in C:\xampp\htdocs\caviar-web-magento2\vendor\magento\framework\Filter\DirectiveProcessor\SimpleDirective.php on line 68 in C:\xampp\htdocs\caviar-web-magento2\vendor\magento\framework\App\ErrorHandler.php:62
Stack trace:
#0 C:\xampp\htdocs\caviar-web-magento2\vendor\magento\framework\Filter\DirectiveProcessor\SimpleDirective.php(68): Magento\Framework\App\ErrorHandler->handler(2, 'Undefined array...', 'C:\\xampp\\htdocs...', 68)
#1 C:\xampp\htdocs\caviar-web-magento2\vendor\magento\framework\Filter\DirectiveProcessor\LegacyDirective.php(47): Magento\Framework\Filter\DirectiveProcessor\SimpleDirective->process(Array, Object(Magento\Widget\Model\Template\Filter\Interceptor), Array)
#2 C:\xampp\htdocs\caviar-web-magento2\vendor\magento\framework\Filter\Template.php(272): Magento\Framework\Filter\DirectiveProcessor\LegacyDirective->process(Array, Object(Magento\Widget\Model\Template\Filter\Interceptor), Array)
#3 C:\xampp\htdocs\caviar-web-magento2\vendor\magento\framework\Filter\Template.php(206): Magento\Framework\Filter\Template->processDirectives('        <div cl...')
#4 C:\xampp\htdocs\caviar-web-magento2\vendor\magento\module-email\Model\Template\Filter.php(1127): Magento\Framework\Filter\Template->filter('        <div cl...')
#5 C:\xampp\htdocs\caviar-web-magento2\vendor\magento\framework\Interception\Interceptor.php(58): Magento\Email\Model\Template\Filter->filter('        <div cl...')
#6 C:\xampp\htdocs\caviar-web-magento2\vendor\magento\framework\Interception\Interceptor.php(138): Magento\Widget\Model\Template\Filter\Interceptor->___callParent('filter', Array)
#7 C:\xampp\htdocs\caviar-web-magento2\vendor\magento\framework\Interception\Interceptor.php(153): Magento\Widget\Model\Template\Filter\Interceptor->Magento\Framework\Interception\{closure}('        <div cl...')
#8 C:\xampp\htdocs\caviar-web-magento2\generated\code\Magento\Widget\Model\Template\Filter\Interceptor.php(284): Magento\Widget\Model\Template\Filter\Interceptor->___callPlugins('filter', Array, Array)
#9 C:\xampp\htdocs\caviar-web-magento2\vendor\goomento\module-page-builder\Controller\Actions\RenderWidget.php(95): Magento\Widget\Model\Template\Filter\Interceptor->filter('        <div cl...')
#10 [internal function]: Goomento\PageBuilder\Controller\Actions\RenderWidget->Goomento\PageBuilder\Controller\Actions\{closure}()
#11 C:\xampp\htdocs\caviar-web-magento2\vendor\goomento\module-page-builder\Model\BetterCaching.php(86): call_user_func(Object(Closure))
#12 C:\xampp\htdocs\caviar-web-magento2\vendor\magento\framework\Cache\LockGuardedCacheLoader.php(136): Goomento\PageBuilder\Model\BetterCaching->Goomento\PageBuilder\Model\{closure}()
#13 C:\xampp\htdocs\caviar-web-magento2\vendor\goomento\module-page-builder\Model\BetterCaching.php(111): Magento\Framework\Cache\LockGuardedCacheLoader->lockedLoadData('68b3b9', Object(Closure), Object(Closure), Object(Closure))
#14 C:\xampp\htdocs\caviar-web-magento2\vendor\goomento\module-page-builder\Controller\Actions\RenderWidget.php(102): Goomento\PageBuilder\Model\BetterCaching->resolve('68b3b9', Object(Closure))
#15 C:\xampp\htdocs\caviar-web-magento2\vendor\goomento\module-page-builder\Controller\Actions\Actions.php(110): Goomento\PageBuilder\Controller\Actions\RenderWidget->doAction(Array, Array)
#16 C:\xampp\htdocs\caviar-web-magento2\vendor\magento\framework\Interception\Interceptor.php(58): Goomento\PageBuilder\Controller\Actions\Actions->execute()
#17 C:\xampp\htdocs\caviar-web-magento2\vendor\magento\framework\Interception\Interceptor.php(138): Goomento\PageBuilder\Controller\Actions\Actions\Interceptor->___callParent('execute', Array)
#18 C:\xampp\htdocs\caviar-web-magento2\vendor\magento\framework\Interception\Interceptor.php(153): Goomento\PageBuilder\Controller\Actions\Actions\Interceptor->Magento\Framework\Interception\{closure}()
#19 C:\xampp\htdocs\caviar-web-magento2\generated\code\Goomento\PageBuilder\Controller\Actions\Actions\Interceptor.php(23): Goomento\PageBuilder\Controller\Actions\Actions\Interceptor->___callPlugins('execute', Array, Array)
#20 C:\xampp\htdocs\caviar-web-magento2\vendor\magento\framework\App\Action\Action.php(111): Goomento\PageBuilder\Controller\Actions\Actions\Interceptor->execute()
#21 C:\xampp\htdocs\caviar-web-magento2\vendor\magento\framework\Interception\Interceptor.php(58): Magento\Framework\App\Action\Action->dispatch(Object(Magento\Framework\App\Request\Http))
#22 C:\xampp\htdocs\caviar-web-magento2\vendor\magento\framework\Interception\Interceptor.php(138): Goomento\PageBuilder\Controller\Actions\Actions\Interceptor->___callParent('dispatch', Array)
#23 C:\xampp\htdocs\caviar-web-magento2\vendor\magento\framework\Interception\Interceptor.php(153): Goomento\PageBuilder\Controller\Actions\Actions\Interceptor->Magento\Framework\Interception\{closure}(Object(Magento\Framework\App\Request\Http))
#24 C:\xampp\htdocs\caviar-web-magento2\generated\code\Goomento\PageBuilder\Controller\Actions\Actions\Interceptor.php(32): Goomento\PageBuilder\Controller\Actions\Actions\Interceptor->___callPlugins('dispatch', Array, Array)
#25 C:\xampp\htdocs\caviar-web-magento2\vendor\magento\framework\App\FrontController.php(245): Goomento\PageBuilder\Controller\Actions\Actions\Interceptor->dispatch(Object(Magento\Framework\App\Request\Http))
#26 C:\xampp\htdocs\caviar-web-magento2\vendor\magento\framework\App\FrontController.php(212): Magento\Framework\App\FrontController->getActionResponse(Object(Goomento\PageBuilder\Controller\Actions\Actions\Interceptor), Object(Magento\Framework\App\Request\Http))
#27 C:\xampp\htdocs\caviar-web-magento2\vendor\magento\framework\App\FrontController.php(146): Magento\Framework\App\FrontController->processRequest(Object(Magento\Framework\App\Request\Http), Object(Goomento\PageBuilder\Controller\Actions\Actions\Interceptor))
#28 C:\xampp\htdocs\caviar-web-magento2\vendor\magento\framework\Interception\Interceptor.php(58): Magento\Framework\App\FrontController->dispatch(Object(Magento\Framework\App\Request\Http))
#29 C:\xampp\htdocs\caviar-web-magento2\vendor\magento\framework\Interception\Interceptor.php(138): Magento\Framework\App\FrontController\Interceptor->___callParent('dispatch', Array)
#30 C:\xampp\htdocs\caviar-web-magento2\vendor\magento\module-store\App\FrontController\Plugin\RequestPreprocessor.php(99): Magento\Framework\App\FrontController\Interceptor->Magento\Framework\Interception\{closure}(Object(Magento\Framework\App\Request\Http))
#31 C:\xampp\htdocs\caviar-web-magento2\vendor\magento\framework\Interception\Interceptor.php(135): Magento\Store\App\FrontController\Plugin\RequestPreprocessor->aroundDispatch(Object(Magento\Framework\App\FrontController\Interceptor), Object(Closure), Object(Magento\Framework\App\Request\Http))
#32 C:\xampp\htdocs\caviar-web-magento2\vendor\magento\module-page-cache\Model\App\FrontController\BuiltinPlugin.php(71): Magento\Framework\App\FrontController\Interceptor->Magento\Framework\Interception\{closure}(Object(Magento\Framework\App\Request\Http))
#33 C:\xampp\htdocs\caviar-web-magento2\vendor\magento\framework\Interception\Interceptor.php(135): Magento\PageCache\Model\App\FrontController\BuiltinPlugin->aroundDispatch(Object(Magento\Framework\App\FrontController\Interceptor), Object(Closure), Object(Magento\Framework\App\Request\Http))
#34 C:\xampp\htdocs\caviar-web-magento2\vendor\magento\framework\Interception\Interceptor.php(153): Magento\Framework\App\FrontController\Interceptor->Magento\Framework\Interception\{closure}(Object(Magento\Framework\App\Request\Http))
#35 C:\xampp\htdocs\caviar-web-magento2\generated\code\Magento\Framework\App\FrontController\Interceptor.php(23): Magento\Framework\App\FrontController\Interceptor->___callPlugins('dispatch', Array, NULL)
#36 C:\xampp\htdocs\caviar-web-magento2\vendor\magento\framework\App\Http.php(116): Magento\Framework\App\FrontController\Interceptor->dispatch(Object(Magento\Framework\App\Request\Http))
#37 C:\xampp\htdocs\caviar-web-magento2\generated\code\Magento\Framework\App\Http\Interceptor.php(23): Magento\Framework\App\Http->launch()
#38 C:\xampp\htdocs\caviar-web-magento2\vendor\magento\framework\App\Bootstrap.php(264): Magento\Framework\App\Http\Interceptor->launch()
#39 C:\xampp\htdocs\caviar-web-magento2\pub\index.php(30): Magento\Framework\App\Bootstrap->run(Object(Magento\Framework\App\Http\Interceptor))
#40 {main} {"exception":"[object] (Exception(code: 0): Warning: Undefined array key \"directiveName\" in C:\\xampp\\htdocs\\caviar-web-magento2\\vendor\\magento\\framework\\Filter\\DirectiveProcessor\\SimpleDirective.php on line 68 at C:\\xampp\\htdocs\\caviar-web-magento2\\vendor\\magento\\framework\\App\\ErrorHandler.php:62)"} []
[2025-10-06T06:56:36.599161+00:00] main.CRITICAL: Exception: Warning: Undefined array key "directiveName" in C:\xampp\htdocs\caviar-web-magento2\vendor\magento\framework\Filter\DirectiveProcessor\SimpleDirective.php on line 68 in C:\xampp\htdocs\caviar-web-magento2\vendor\magento\framework\App\ErrorHandler.php:62
Stack trace:
#0 C:\xampp\htdocs\caviar-web-magento2\vendor\magento\framework\Filter\DirectiveProcessor\SimpleDirective.php(68): Magento\Framework\App\ErrorHandler->handler(2, 'Undefined array...', 'C:\\xampp\\htdocs...', 68)
#1 C:\xampp\htdocs\caviar-web-magento2\vendor\magento\framework\Filter\DirectiveProcessor\LegacyDirective.php(47): Magento\Framework\Filter\DirectiveProcessor\SimpleDirective->process(Array, Object(Magento\Widget\Model\Template\Filter\Interceptor), Array)
#2 C:\xampp\htdocs\caviar-web-magento2\vendor\magento\framework\Filter\Template.php(272): Magento\Framework\Filter\DirectiveProcessor\LegacyDirective->process(Array, Object(Magento\Widget\Model\Template\Filter\Interceptor), Array)
#3 C:\xampp\htdocs\caviar-web-magento2\vendor\magento\framework\Filter\Template.php(206): Magento\Framework\Filter\Template->processDirectives('        <div da...')
#4 C:\xampp\htdocs\caviar-web-magento2\vendor\magento\module-email\Model\Template\Filter.php(1127): Magento\Framework\Filter\Template->filter('        <div da...')
#5 C:\xampp\htdocs\caviar-web-magento2\vendor\magento\framework\Interception\Interceptor.php(58): Magento\Email\Model\Template\Filter->filter('        <div da...')
#6 C:\xampp\htdocs\caviar-web-magento2\vendor\magento\framework\Interception\Interceptor.php(138): Magento\Widget\Model\Template\Filter\Interceptor->___callParent('filter', Array)
#7 C:\xampp\htdocs\caviar-web-magento2\vendor\magento\framework\Interception\Interceptor.php(153): Magento\Widget\Model\Template\Filter\Interceptor->Magento\Framework\Interception\{closure}('        <div da...')
#8 C:\xampp\htdocs\caviar-web-magento2\generated\code\Magento\Widget\Model\Template\Filter\Interceptor.php(284): Magento\Widget\Model\Template\Filter\Interceptor->___callPlugins('filter', Array, Array)
#9 C:\xampp\htdocs\caviar-web-magento2\vendor\goomento\module-page-builder\Block\Content.php(272): Magento\Widget\Model\Template\Filter\Interceptor->filter('        <div da...')
#10 C:\xampp\htdocs\caviar-web-magento2\vendor\magento\framework\View\Element\AbstractBlock.php(1128): Goomento\PageBuilder\Block\Content->_toHtml()
#11 C:\xampp\htdocs\caviar-web-magento2\vendor\magento\framework\View\Element\AbstractBlock.php(1132): Magento\Framework\View\Element\AbstractBlock->Magento\Framework\View\Element\{closure}()
#12 C:\xampp\htdocs\caviar-web-magento2\vendor\magento\framework\View\Element\AbstractBlock.php(676): Magento\Framework\View\Element\AbstractBlock->_loadCache()
#13 C:\xampp\htdocs\caviar-web-magento2\vendor\goomento\module-page-builder\Block\Content.php(295): Magento\Framework\View\Element\AbstractBlock->toHtml()
#14 C:\xampp\htdocs\caviar-web-magento2\vendor\magento\framework\View\Layout.php(578): Goomento\PageBuilder\Block\Content->toHtml()
#15 C:\xampp\htdocs\caviar-web-magento2\vendor\magento\framework\View\Layout.php(555): Magento\Framework\View\Layout->_renderBlock('pagebuilder.con...')
#16 C:\xampp\htdocs\caviar-web-magento2\generated\code\Magento\Framework\View\Layout\Interceptor.php(149): Magento\Framework\View\Layout->renderNonCachedElement('pagebuilder.con...')
#17 C:\xampp\htdocs\caviar-web-magento2\vendor\magento\framework\View\Layout.php(510): Magento\Framework\View\Layout\Interceptor->renderNonCachedElement('pagebuilder.con...')
#18 C:\xampp\htdocs\caviar-web-magento2\generated\code\Magento\Framework\View\Layout\Interceptor.php(140): Magento\Framework\View\Layout->renderElement('pagebuilder.con...', false)
#19 C:\xampp\htdocs\caviar-web-magento2\vendor\magento\framework\View\Layout.php(606): Magento\Framework\View\Layout\Interceptor->renderElement('pagebuilder.con...', false)
#20 C:\xampp\htdocs\caviar-web-magento2\vendor\magento\framework\View\Layout.php(557): Magento\Framework\View\Layout->_renderContainer('content', false)
#21 C:\xampp\htdocs\caviar-web-magento2\generated\code\Magento\Framework\View\Layout\Interceptor.php(149): Magento\Framework\View\Layout->renderNonCachedElement('content')
#22 C:\xampp\htdocs\caviar-web-magento2\vendor\magento\framework\View\Layout.php(510): Magento\Framework\View\Layout\Interceptor->renderNonCachedElement('content')
#23 C:\xampp\htdocs\caviar-web-magento2\generated\code\Magento\Framework\View\Layout\Interceptor.php(140): Magento\Framework\View\Layout->renderElement('content', false)
#24 C:\xampp\htdocs\caviar-web-magento2\vendor\magento\framework\View\Layout.php(606): Magento\Framework\View\Layout\Interceptor->renderElement('content', false)
#25 C:\xampp\htdocs\caviar-web-magento2\vendor\magento\framework\View\Layout.php(557): Magento\Framework\View\Layout->_renderContainer('main', false)
#26 C:\xampp\htdocs\caviar-web-magento2\generated\code\Magento\Framework\View\Layout\Interceptor.php(149): Magento\Framework\View\Layout->renderNonCachedElement('main')
#27 C:\xampp\htdocs\caviar-web-magento2\vendor\magento\framework\View\Layout.php(510): Magento\Framework\View\Layout\Interceptor->renderNonCachedElement('main')
#28 C:\xampp\htdocs\caviar-web-magento2\generated\code\Magento\Framework\View\Layout\Interceptor.php(140): Magento\Framework\View\Layout->renderElement('main', false)
#29 C:\xampp\htdocs\caviar-web-magento2\vendor\magento\framework\View\Layout.php(606): Magento\Framework\View\Layout\Interceptor->renderElement('main', false)
#30 C:\xampp\htdocs\caviar-web-magento2\vendor\magento\framework\View\Layout.php(557): Magento\Framework\View\Layout->_renderContainer('columns', false)
#31 C:\xampp\htdocs\caviar-web-magento2\generated\code\Magento\Framework\View\Layout\Interceptor.php(149): Magento\Framework\View\Layout->renderNonCachedElement('columns')
#32 C:\xampp\htdocs\caviar-web-magento2\vendor\magento\framework\View\Layout.php(510): Magento\Framework\View\Layout\Interceptor->renderNonCachedElement('columns')
#33 C:\xampp\htdocs\caviar-web-magento2\generated\code\Magento\Framework\View\Layout\Interceptor.php(140): Magento\Framework\View\Layout->renderElement('columns', false)
#34 C:\xampp\htdocs\caviar-web-magento2\vendor\magento\framework\View\Layout.php(606): Magento\Framework\View\Layout\Interceptor->renderElement('columns', false)
#35 C:\xampp\htdocs\caviar-web-magento2\vendor\magento\framework\View\Layout.php(557): Magento\Framework\View\Layout->_renderContainer('main.content', false)
#36 C:\xampp\htdocs\caviar-web-magento2\generated\code\Magento\Framework\View\Layout\Interceptor.php(149): Magento\Framework\View\Layout->renderNonCachedElement('main.content')
#37 C:\xampp\htdocs\caviar-web-magento2\vendor\magento\framework\View\Layout.php(510): Magento\Framework\View\Layout\Interceptor->renderNonCachedElement('main.content')
#38 C:\xampp\htdocs\caviar-web-magento2\generated\code\Magento\Framework\View\Layout\Interceptor.php(140): Magento\Framework\View\Layout->renderElement('main.content', false)
#39 C:\xampp\htdocs\caviar-web-magento2\vendor\magento\framework\View\Layout.php(606): Magento\Framework\View\Layout\Interceptor->renderElement('main.content', false)
#40 C:\xampp\htdocs\caviar-web-magento2\vendor\magento\framework\View\Layout.php(557): Magento\Framework\View\Layout->_renderContainer('page.wrapper', false)
#41 C:\xampp\htdocs\caviar-web-magento2\generated\code\Magento\Framework\View\Layout\Interceptor.php(149): Magento\Framework\View\Layout->renderNonCachedElement('page.wrapper')
#42 C:\xampp\htdocs\caviar-web-magento2\vendor\magento\framework\View\Layout.php(510): Magento\Framework\View\Layout\Interceptor->renderNonCachedElement('page.wrapper')
#43 C:\xampp\htdocs\caviar-web-magento2\generated\code\Magento\Framework\View\Layout\Interceptor.php(140): Magento\Framework\View\Layout->renderElement('page.wrapper', false)
#44 C:\xampp\htdocs\caviar-web-magento2\vendor\magento\framework\View\Layout.php(606): Magento\Framework\View\Layout\Interceptor->renderElement('page.wrapper', false)
#45 C:\xampp\htdocs\caviar-web-magento2\vendor\magento\framework\View\Layout.php(557): Magento\Framework\View\Layout->_renderContainer('root', false)
#46 C:\xampp\htdocs\caviar-web-magento2\generated\code\Magento\Framework\View\Layout\Interceptor.php(149): Magento\Framework\View\Layout->renderNonCachedElement('root')
#47 C:\xampp\htdocs\caviar-web-magento2\vendor\magento\framework\View\Layout.php(510): Magento\Framework\View\Layout\Interceptor->renderNonCachedElement('root')
#48 C:\xampp\htdocs\caviar-web-magento2\generated\code\Magento\Framework\View\Layout\Interceptor.php(140): Magento\Framework\View\Layout->renderElement('root', true)
#49 C:\xampp\htdocs\caviar-web-magento2\vendor\magento\framework\View\Layout.php(975): Magento\Framework\View\Layout\Interceptor->renderElement('root')
#50 C:\xampp\htdocs\caviar-web-magento2\vendor\magento\framework\Interception\Interceptor.php(58): Magento\Framework\View\Layout->getOutput()
#51 C:\xampp\htdocs\caviar-web-magento2\vendor\magento\framework\Interception\Interceptor.php(138): Magento\Framework\View\Layout\Interceptor->___callParent('getOutput', Array)
#52 C:\xampp\htdocs\caviar-web-magento2\vendor\magento\framework\Interception\Interceptor.php(153): Magento\Framework\View\Layout\Interceptor->Magento\Framework\Interception\{closure}()
#53 C:\xampp\htdocs\caviar-web-magento2\generated\code\Magento\Framework\View\Layout\Interceptor.php(347): Magento\Framework\View\Layout\Interceptor->___callPlugins('getOutput', Array, Array)
#54 C:\xampp\htdocs\caviar-web-magento2\vendor\magento\framework\View\Result\Page.php(260): Magento\Framework\View\Layout\Interceptor->getOutput()
#55 C:\xampp\htdocs\caviar-web-magento2\vendor\magento\framework\View\Result\Layout.php(171): Magento\Framework\View\Result\Page->render(Object(Magento\Framework\App\Response\Http\Interceptor))
#56 C:\xampp\htdocs\caviar-web-magento2\vendor\magento\framework\Interception\Interceptor.php(58): Magento\Framework\View\Result\Layout->renderResult(Object(Magento\Framework\App\Response\Http\Interceptor))
#57 C:\xampp\htdocs\caviar-web-magento2\vendor\magento\framework\Interception\Interceptor.php(138): Magento\Framework\View\Result\Page\Interceptor->___callParent('renderResult', Array)
#58 C:\xampp\htdocs\caviar-web-magento2\vendor\magento\framework\Interception\Interceptor.php(153): Magento\Framework\View\Result\Page\Interceptor->Magento\Framework\Interception\{closure}(Object(Magento\Framework\App\Response\Http\Interceptor))
#59 C:\xampp\htdocs\caviar-web-magento2\generated\code\Magento\Framework\View\Result\Page\Interceptor.php(95): Magento\Framework\View\Result\Page\Interceptor->___callPlugins('renderResult', Array, Array)
#60 C:\xampp\htdocs\caviar-web-magento2\vendor\magento\framework\App\Http.php(120): Magento\Framework\View\Result\Page\Interceptor->renderResult(Object(Magento\Framework\App\Response\Http\Interceptor))
#61 C:\xampp\htdocs\caviar-web-magento2\generated\code\Magento\Framework\App\Http\Interceptor.php(23): Magento\Framework\App\Http->launch()
#62 C:\xampp\htdocs\caviar-web-magento2\vendor\magento\framework\App\Bootstrap.php(264): Magento\Framework\App\Http\Interceptor->launch()
#63 C:\xampp\htdocs\caviar-web-magento2\pub\index.php(30): Magento\Framework\App\Bootstrap->run(Object(Magento\Framework\App\Http\Interceptor))
#64 {main} {"exception":"[object] (Exception(code: 0): Warning: Undefined array key \"directiveName\" in C:\\xampp\\htdocs\\caviar-web-magento2\\vendor\\magento\\framework\\Filter\\DirectiveProcessor\\SimpleDirective.php on line 68 at C:\\xampp\\htdocs\\caviar-web-magento2\\vendor\\magento\\framework\\App\\ErrorHandler.php:62)"} []
[2025-10-06T06:57:07.349419+00:00] main.CRITICAL: Exception: Warning: Undefined array key "directiveName" in C:\xampp\htdocs\caviar-web-magento2\vendor\magento\framework\Filter\DirectiveProcessor\SimpleDirective.php on line 68 in C:\xampp\htdocs\caviar-web-magento2\vendor\magento\framework\App\ErrorHandler.php:62
Stack trace:
#0 C:\xampp\htdocs\caviar-web-magento2\vendor\magento\framework\Filter\DirectiveProcessor\SimpleDirective.php(68): Magento\Framework\App\ErrorHandler->handler(2, 'Undefined array...', 'C:\\xampp\\htdocs...', 68)
#1 C:\xampp\htdocs\caviar-web-magento2\vendor\magento\framework\Filter\DirectiveProcessor\LegacyDirective.php(47): Magento\Framework\Filter\DirectiveProcessor\SimpleDirective->process(Array, Object(Magento\Widget\Model\Template\Filter\Interceptor), Array)
#2 C:\xampp\htdocs\caviar-web-magento2\vendor\magento\framework\Filter\Template.php(272): Magento\Framework\Filter\DirectiveProcessor\LegacyDirective->process(Array, Object(Magento\Widget\Model\Template\Filter\Interceptor), Array)
#3 C:\xampp\htdocs\caviar-web-magento2\vendor\magento\framework\Filter\Template.php(206): Magento\Framework\Filter\Template->processDirectives('        <div da...')
#4 C:\xampp\htdocs\caviar-web-magento2\vendor\magento\module-email\Model\Template\Filter.php(1127): Magento\Framework\Filter\Template->filter('        <div da...')
#5 C:\xampp\htdocs\caviar-web-magento2\vendor\magento\framework\Interception\Interceptor.php(58): Magento\Email\Model\Template\Filter->filter('        <div da...')
#6 C:\xampp\htdocs\caviar-web-magento2\vendor\magento\framework\Interception\Interceptor.php(138): Magento\Widget\Model\Template\Filter\Interceptor->___callParent('filter', Array)
#7 C:\xampp\htdocs\caviar-web-magento2\vendor\magento\framework\Interception\Interceptor.php(153): Magento\Widget\Model\Template\Filter\Interceptor->Magento\Framework\Interception\{closure}('        <div da...')
#8 C:\xampp\htdocs\caviar-web-magento2\generated\code\Magento\Widget\Model\Template\Filter\Interceptor.php(284): Magento\Widget\Model\Template\Filter\Interceptor->___callPlugins('filter', Array, Array)
#9 C:\xampp\htdocs\caviar-web-magento2\vendor\goomento\module-page-builder\Block\Content.php(272): Magento\Widget\Model\Template\Filter\Interceptor->filter('        <div da...')
#10 C:\xampp\htdocs\caviar-web-magento2\vendor\magento\framework\View\Element\AbstractBlock.php(1128): Goomento\PageBuilder\Block\Content->_toHtml()
#11 C:\xampp\htdocs\caviar-web-magento2\vendor\magento\framework\View\Element\AbstractBlock.php(1132): Magento\Framework\View\Element\AbstractBlock->Magento\Framework\View\Element\{closure}()
#12 C:\xampp\htdocs\caviar-web-magento2\vendor\magento\framework\View\Element\AbstractBlock.php(676): Magento\Framework\View\Element\AbstractBlock->_loadCache()
#13 C:\xampp\htdocs\caviar-web-magento2\vendor\goomento\module-page-builder\Block\Content.php(295): Magento\Framework\View\Element\AbstractBlock->toHtml()
#14 C:\xampp\htdocs\caviar-web-magento2\vendor\magento\framework\View\Layout.php(578): Goomento\PageBuilder\Block\Content->toHtml()
#15 C:\xampp\htdocs\caviar-web-magento2\vendor\magento\framework\View\Layout.php(555): Magento\Framework\View\Layout->_renderBlock('pagebuilder.con...')
#16 C:\xampp\htdocs\caviar-web-magento2\generated\code\Magento\Framework\View\Layout\Interceptor.php(149): Magento\Framework\View\Layout->renderNonCachedElement('pagebuilder.con...')
#17 C:\xampp\htdocs\caviar-web-magento2\vendor\magento\framework\View\Layout.php(510): Magento\Framework\View\Layout\Interceptor->renderNonCachedElement('pagebuilder.con...')
#18 C:\xampp\htdocs\caviar-web-magento2\generated\code\Magento\Framework\View\Layout\Interceptor.php(140): Magento\Framework\View\Layout->renderElement('pagebuilder.con...', false)
#19 C:\xampp\htdocs\caviar-web-magento2\vendor\magento\framework\View\Layout.php(606): Magento\Framework\View\Layout\Interceptor->renderElement('pagebuilder.con...', false)
#20 C:\xampp\htdocs\caviar-web-magento2\vendor\magento\framework\View\Layout.php(557): Magento\Framework\View\Layout->_renderContainer('content', false)
#21 C:\xampp\htdocs\caviar-web-magento2\generated\code\Magento\Framework\View\Layout\Interceptor.php(149): Magento\Framework\View\Layout->renderNonCachedElement('content')
#22 C:\xampp\htdocs\caviar-web-magento2\vendor\magento\framework\View\Layout.php(510): Magento\Framework\View\Layout\Interceptor->renderNonCachedElement('content')
#23 C:\xampp\htdocs\caviar-web-magento2\generated\code\Magento\Framework\View\Layout\Interceptor.php(140): Magento\Framework\View\Layout->renderElement('content', false)
#24 C:\xampp\htdocs\caviar-web-magento2\vendor\magento\framework\View\Layout.php(606): Magento\Framework\View\Layout\Interceptor->renderElement('content', false)
#25 C:\xampp\htdocs\caviar-web-magento2\vendor\magento\framework\View\Layout.php(557): Magento\Framework\View\Layout->_renderContainer('main', false)
#26 C:\xampp\htdocs\caviar-web-magento2\generated\code\Magento\Framework\View\Layout\Interceptor.php(149): Magento\Framework\View\Layout->renderNonCachedElement('main')
#27 C:\xampp\htdocs\caviar-web-magento2\vendor\magento\framework\View\Layout.php(510): Magento\Framework\View\Layout\Interceptor->renderNonCachedElement('main')
#28 C:\xampp\htdocs\caviar-web-magento2\generated\code\Magento\Framework\View\Layout\Interceptor.php(140): Magento\Framework\View\Layout->renderElement('main', false)
#29 C:\xampp\htdocs\caviar-web-magento2\vendor\magento\framework\View\Layout.php(606): Magento\Framework\View\Layout\Interceptor->renderElement('main', false)
#30 C:\xampp\htdocs\caviar-web-magento2\vendor\magento\framework\View\Layout.php(557): Magento\Framework\View\Layout->_renderContainer('columns', false)
#31 C:\xampp\htdocs\caviar-web-magento2\generated\code\Magento\Framework\View\Layout\Interceptor.php(149): Magento\Framework\View\Layout->renderNonCachedElement('columns')
#32 C:\xampp\htdocs\caviar-web-magento2\vendor\magento\framework\View\Layout.php(510): Magento\Framework\View\Layout\Interceptor->renderNonCachedElement('columns')
#33 C:\xampp\htdocs\caviar-web-magento2\generated\code\Magento\Framework\View\Layout\Interceptor.php(140): Magento\Framework\View\Layout->renderElement('columns', false)
#34 C:\xampp\htdocs\caviar-web-magento2\vendor\magento\framework\View\Layout.php(606): Magento\Framework\View\Layout\Interceptor->renderElement('columns', false)
#35 C:\xampp\htdocs\caviar-web-magento2\vendor\magento\framework\View\Layout.php(557): Magento\Framework\View\Layout->_renderContainer('main.content', false)
#36 C:\xampp\htdocs\caviar-web-magento2\generated\code\Magento\Framework\View\Layout\Interceptor.php(149): Magento\Framework\View\Layout->renderNonCachedElement('main.content')
#37 C:\xampp\htdocs\caviar-web-magento2\vendor\magento\framework\View\Layout.php(510): Magento\Framework\View\Layout\Interceptor->renderNonCachedElement('main.content')
#38 C:\xampp\htdocs\caviar-web-magento2\generated\code\Magento\Framework\View\Layout\Interceptor.php(140): Magento\Framework\View\Layout->renderElement('main.content', false)
#39 C:\xampp\htdocs\caviar-web-magento2\vendor\magento\framework\View\Layout.php(606): Magento\Framework\View\Layout\Interceptor->renderElement('main.content', false)
#40 C:\xampp\htdocs\caviar-web-magento2\vendor\magento\framework\View\Layout.php(557): Magento\Framework\View\Layout->_renderContainer('page.wrapper', false)
#41 C:\xampp\htdocs\caviar-web-magento2\generated\code\Magento\Framework\View\Layout\Interceptor.php(149): Magento\Framework\View\Layout->renderNonCachedElement('page.wrapper')
#42 C:\xampp\htdocs\caviar-web-magento2\vendor\magento\framework\View\Layout.php(510): Magento\Framework\View\Layout\Interceptor->renderNonCachedElement('page.wrapper')
#43 C:\xampp\htdocs\caviar-web-magento2\generated\code\Magento\Framework\View\Layout\Interceptor.php(140): Magento\Framework\View\Layout->renderElement('page.wrapper', false)
#44 C:\xampp\htdocs\caviar-web-magento2\vendor\magento\framework\View\Layout.php(606): Magento\Framework\View\Layout\Interceptor->renderElement('page.wrapper', false)
#45 C:\xampp\htdocs\caviar-web-magento2\vendor\magento\framework\View\Layout.php(557): Magento\Framework\View\Layout->_renderContainer('root', false)
#46 C:\xampp\htdocs\caviar-web-magento2\generated\code\Magento\Framework\View\Layout\Interceptor.php(149): Magento\Framework\View\Layout->renderNonCachedElement('root')
#47 C:\xampp\htdocs\caviar-web-magento2\vendor\magento\framework\View\Layout.php(510): Magento\Framework\View\Layout\Interceptor->renderNonCachedElement('root')
#48 C:\xampp\htdocs\caviar-web-magento2\generated\code\Magento\Framework\View\Layout\Interceptor.php(140): Magento\Framework\View\Layout->renderElement('root', true)
#49 C:\xampp\htdocs\caviar-web-magento2\vendor\magento\framework\View\Layout.php(975): Magento\Framework\View\Layout\Interceptor->renderElement('root')
#50 C:\xampp\htdocs\caviar-web-magento2\vendor\magento\framework\Interception\Interceptor.php(58): Magento\Framework\View\Layout->getOutput()
#51 C:\xampp\htdocs\caviar-web-magento2\vendor\magento\framework\Interception\Interceptor.php(138): Magento\Framework\View\Layout\Interceptor->___callParent('getOutput', Array)
#52 C:\xampp\htdocs\caviar-web-magento2\vendor\magento\framework\Interception\Interceptor.php(153): Magento\Framework\View\Layout\Interceptor->Magento\Framework\Interception\{closure}()
#53 C:\xampp\htdocs\caviar-web-magento2\generated\code\Magento\Framework\View\Layout\Interceptor.php(347): Magento\Framework\View\Layout\Interceptor->___callPlugins('getOutput', Array, Array)
#54 C:\xampp\htdocs\caviar-web-magento2\vendor\magento\framework\View\Result\Page.php(260): Magento\Framework\View\Layout\Interceptor->getOutput()
#55 C:\xampp\htdocs\caviar-web-magento2\vendor\magento\framework\View\Result\Layout.php(171): Magento\Framework\View\Result\Page->render(Object(Magento\Framework\App\Response\Http\Interceptor))
#56 C:\xampp\htdocs\caviar-web-magento2\vendor\magento\framework\Interception\Interceptor.php(58): Magento\Framework\View\Result\Layout->renderResult(Object(Magento\Framework\App\Response\Http\Interceptor))
#57 C:\xampp\htdocs\caviar-web-magento2\vendor\magento\framework\Interception\Interceptor.php(138): Magento\Framework\View\Result\Page\Interceptor->___callParent('renderResult', Array)
#58 C:\xampp\htdocs\caviar-web-magento2\vendor\magento\framework\Interception\Interceptor.php(153): Magento\Framework\View\Result\Page\Interceptor->Magento\Framework\Interception\{closure}(Object(Magento\Framework\App\Response\Http\Interceptor))
#59 C:\xampp\htdocs\caviar-web-magento2\generated\code\Magento\Framework\View\Result\Page\Interceptor.php(95): Magento\Framework\View\Result\Page\Interceptor->___callPlugins('renderResult', Array, Array)
#60 C:\xampp\htdocs\caviar-web-magento2\vendor\magento\framework\App\Http.php(120): Magento\Framework\View\Result\Page\Interceptor->renderResult(Object(Magento\Framework\App\Response\Http\Interceptor))
#61 C:\xampp\htdocs\caviar-web-magento2\generated\code\Magento\Framework\App\Http\Interceptor.php(23): Magento\Framework\App\Http->launch()
#62 C:\xampp\htdocs\caviar-web-magento2\vendor\magento\framework\App\Bootstrap.php(264): Magento\Framework\App\Http\Interceptor->launch()
#63 C:\xampp\htdocs\caviar-web-magento2\pub\index.php(30): Magento\Framework\App\Bootstrap->run(Object(Magento\Framework\App\Http\Interceptor))
#64 {main} {"exception":"[object] (Exception(code: 0): Warning: Undefined array key \"directiveName\" in C:\\xampp\\htdocs\\caviar-web-magento2\\vendor\\magento\\framework\\Filter\\DirectiveProcessor\\SimpleDirective.php on line 68 at C:\\xampp\\htdocs\\caviar-web-magento2\\vendor\\magento\\framework\\App\\ErrorHandler.php:62)"} []
[2025-10-06T06:57:21.668944+00:00] main.CRITICAL: Exception: Warning: Undefined array key "directiveName" in C:\xampp\htdocs\caviar-web-magento2\vendor\magento\framework\Filter\DirectiveProcessor\SimpleDirective.php on line 68 in C:\xampp\htdocs\caviar-web-magento2\vendor\magento\framework\App\ErrorHandler.php:62
Stack trace:
#0 C:\xampp\htdocs\caviar-web-magento2\vendor\magento\framework\Filter\DirectiveProcessor\SimpleDirective.php(68): Magento\Framework\App\ErrorHandler->handler(2, 'Undefined array...', 'C:\\xampp\\htdocs...', 68)
#1 C:\xampp\htdocs\caviar-web-magento2\vendor\magento\framework\Filter\DirectiveProcessor\LegacyDirective.php(47): Magento\Framework\Filter\DirectiveProcessor\SimpleDirective->process(Array, Object(Magento\Widget\Model\Template\Filter\Interceptor), Array)
#2 C:\xampp\htdocs\caviar-web-magento2\vendor\magento\framework\Filter\Template.php(272): Magento\Framework\Filter\DirectiveProcessor\LegacyDirective->process(Array, Object(Magento\Widget\Model\Template\Filter\Interceptor), Array)
#3 C:\xampp\htdocs\caviar-web-magento2\vendor\magento\framework\Filter\Template.php(206): Magento\Framework\Filter\Template->processDirectives('        <div da...')
#4 C:\xampp\htdocs\caviar-web-magento2\vendor\magento\module-email\Model\Template\Filter.php(1127): Magento\Framework\Filter\Template->filter('        <div da...')
#5 C:\xampp\htdocs\caviar-web-magento2\vendor\magento\framework\Interception\Interceptor.php(58): Magento\Email\Model\Template\Filter->filter('        <div da...')
#6 C:\xampp\htdocs\caviar-web-magento2\vendor\magento\framework\Interception\Interceptor.php(138): Magento\Widget\Model\Template\Filter\Interceptor->___callParent('filter', Array)
#7 C:\xampp\htdocs\caviar-web-magento2\vendor\magento\framework\Interception\Interceptor.php(153): Magento\Widget\Model\Template\Filter\Interceptor->Magento\Framework\Interception\{closure}('        <div da...')
#8 C:\xampp\htdocs\caviar-web-magento2\generated\code\Magento\Widget\Model\Template\Filter\Interceptor.php(284): Magento\Widget\Model\Template\Filter\Interceptor->___callPlugins('filter', Array, Array)
#9 C:\xampp\htdocs\caviar-web-magento2\vendor\goomento\module-page-builder\Block\Content.php(272): Magento\Widget\Model\Template\Filter\Interceptor->filter('        <div da...')
#10 C:\xampp\htdocs\caviar-web-magento2\vendor\magento\framework\View\Element\AbstractBlock.php(1128): Goomento\PageBuilder\Block\Content->_toHtml()
#11 C:\xampp\htdocs\caviar-web-magento2\vendor\magento\framework\View\Element\AbstractBlock.php(1132): Magento\Framework\View\Element\AbstractBlock->Magento\Framework\View\Element\{closure}()
#12 C:\xampp\htdocs\caviar-web-magento2\vendor\magento\framework\View\Element\AbstractBlock.php(676): Magento\Framework\View\Element\AbstractBlock->_loadCache()
#13 C:\xampp\htdocs\caviar-web-magento2\vendor\goomento\module-page-builder\Block\Content.php(295): Magento\Framework\View\Element\AbstractBlock->toHtml()
#14 C:\xampp\htdocs\caviar-web-magento2\vendor\magento\framework\View\Layout.php(578): Goomento\PageBuilder\Block\Content->toHtml()
#15 C:\xampp\htdocs\caviar-web-magento2\vendor\magento\framework\View\Layout.php(555): Magento\Framework\View\Layout->_renderBlock('pagebuilder.con...')
#16 C:\xampp\htdocs\caviar-web-magento2\generated\code\Magento\Framework\View\Layout\Interceptor.php(149): Magento\Framework\View\Layout->renderNonCachedElement('pagebuilder.con...')
#17 C:\xampp\htdocs\caviar-web-magento2\vendor\magento\framework\View\Layout.php(510): Magento\Framework\View\Layout\Interceptor->renderNonCachedElement('pagebuilder.con...')
#18 C:\xampp\htdocs\caviar-web-magento2\generated\code\Magento\Framework\View\Layout\Interceptor.php(140): Magento\Framework\View\Layout->renderElement('pagebuilder.con...', false)
#19 C:\xampp\htdocs\caviar-web-magento2\vendor\magento\framework\View\Layout.php(606): Magento\Framework\View\Layout\Interceptor->renderElement('pagebuilder.con...', false)
#20 C:\xampp\htdocs\caviar-web-magento2\vendor\magento\framework\View\Layout.php(557): Magento\Framework\View\Layout->_renderContainer('content', false)
#21 C:\xampp\htdocs\caviar-web-magento2\generated\code\Magento\Framework\View\Layout\Interceptor.php(149): Magento\Framework\View\Layout->renderNonCachedElement('content')
#22 C:\xampp\htdocs\caviar-web-magento2\vendor\magento\framework\View\Layout.php(510): Magento\Framework\View\Layout\Interceptor->renderNonCachedElement('content')
#23 C:\xampp\htdocs\caviar-web-magento2\generated\code\Magento\Framework\View\Layout\Interceptor.php(140): Magento\Framework\View\Layout->renderElement('content', false)
#24 C:\xampp\htdocs\caviar-web-magento2\vendor\magento\framework\View\Layout.php(606): Magento\Framework\View\Layout\Interceptor->renderElement('content', false)
#25 C:\xampp\htdocs\caviar-web-magento2\vendor\magento\framework\View\Layout.php(557): Magento\Framework\View\Layout->_renderContainer('main', false)
#26 C:\xampp\htdocs\caviar-web-magento2\generated\code\Magento\Framework\View\Layout\Interceptor.php(149): Magento\Framework\View\Layout->renderNonCachedElement('main')
#27 C:\xampp\htdocs\caviar-web-magento2\vendor\magento\framework\View\Layout.php(510): Magento\Framework\View\Layout\Interceptor->renderNonCachedElement('main')
#28 C:\xampp\htdocs\caviar-web-magento2\generated\code\Magento\Framework\View\Layout\Interceptor.php(140): Magento\Framework\View\Layout->renderElement('main', false)
#29 C:\xampp\htdocs\caviar-web-magento2\vendor\magento\framework\View\Layout.php(606): Magento\Framework\View\Layout\Interceptor->renderElement('main', false)
#30 C:\xampp\htdocs\caviar-web-magento2\vendor\magento\framework\View\Layout.php(557): Magento\Framework\View\Layout->_renderContainer('columns', false)
#31 C:\xampp\htdocs\caviar-web-magento2\generated\code\Magento\Framework\View\Layout\Interceptor.php(149): Magento\Framework\View\Layout->renderNonCachedElement('columns')
#32 C:\xampp\htdocs\caviar-web-magento2\vendor\magento\framework\View\Layout.php(510): Magento\Framework\View\Layout\Interceptor->renderNonCachedElement('columns')
#33 C:\xampp\htdocs\caviar-web-magento2\generated\code\Magento\Framework\View\Layout\Interceptor.php(140): Magento\Framework\View\Layout->renderElement('columns', false)
#34 C:\xampp\htdocs\caviar-web-magento2\vendor\magento\framework\View\Layout.php(606): Magento\Framework\View\Layout\Interceptor->renderElement('columns', false)
#35 C:\xampp\htdocs\caviar-web-magento2\vendor\magento\framework\View\Layout.php(557): Magento\Framework\View\Layout->_renderContainer('main.content', false)
#36 C:\xampp\htdocs\caviar-web-magento2\generated\code\Magento\Framework\View\Layout\Interceptor.php(149): Magento\Framework\View\Layout->renderNonCachedElement('main.content')
#37 C:\xampp\htdocs\caviar-web-magento2\vendor\magento\framework\View\Layout.php(510): Magento\Framework\View\Layout\Interceptor->renderNonCachedElement('main.content')
#38 C:\xampp\htdocs\caviar-web-magento2\generated\code\Magento\Framework\View\Layout\Interceptor.php(140): Magento\Framework\View\Layout->renderElement('main.content', false)
#39 C:\xampp\htdocs\caviar-web-magento2\vendor\magento\framework\View\Layout.php(606): Magento\Framework\View\Layout\Interceptor->renderElement('main.content', false)
#40 C:\xampp\htdocs\caviar-web-magento2\vendor\magento\framework\View\Layout.php(557): Magento\Framework\View\Layout->_renderContainer('page.wrapper', false)
#41 C:\xampp\htdocs\caviar-web-magento2\generated\code\Magento\Framework\View\Layout\Interceptor.php(149): Magento\Framework\View\Layout->renderNonCachedElement('page.wrapper')
#42 C:\xampp\htdocs\caviar-web-magento2\vendor\magento\framework\View\Layout.php(510): Magento\Framework\View\Layout\Interceptor->renderNonCachedElement('page.wrapper')
#43 C:\xampp\htdocs\caviar-web-magento2\generated\code\Magento\Framework\View\Layout\Interceptor.php(140): Magento\Framework\View\Layout->renderElement('page.wrapper', false)
#44 C:\xampp\htdocs\caviar-web-magento2\vendor\magento\framework\View\Layout.php(606): Magento\Framework\View\Layout\Interceptor->renderElement('page.wrapper', false)
#45 C:\xampp\htdocs\caviar-web-magento2\vendor\magento\framework\View\Layout.php(557): Magento\Framework\View\Layout->_renderContainer('root', false)
#46 C:\xampp\htdocs\caviar-web-magento2\generated\code\Magento\Framework\View\Layout\Interceptor.php(149): Magento\Framework\View\Layout->renderNonCachedElement('root')
#47 C:\xampp\htdocs\caviar-web-magento2\vendor\magento\framework\View\Layout.php(510): Magento\Framework\View\Layout\Interceptor->renderNonCachedElement('root')
#48 C:\xampp\htdocs\caviar-web-magento2\generated\code\Magento\Framework\View\Layout\Interceptor.php(140): Magento\Framework\View\Layout->renderElement('root', true)
#49 C:\xampp\htdocs\caviar-web-magento2\vendor\magento\framework\View\Layout.php(975): Magento\Framework\View\Layout\Interceptor->renderElement('root')
#50 C:\xampp\htdocs\caviar-web-magento2\vendor\magento\framework\Interception\Interceptor.php(58): Magento\Framework\View\Layout->getOutput()
#51 C:\xampp\htdocs\caviar-web-magento2\vendor\magento\framework\Interception\Interceptor.php(138): Magento\Framework\View\Layout\Interceptor->___callParent('getOutput', Array)
#52 C:\xampp\htdocs\caviar-web-magento2\vendor\magento\framework\Interception\Interceptor.php(153): Magento\Framework\View\Layout\Interceptor->Magento\Framework\Interception\{closure}()
#53 C:\xampp\htdocs\caviar-web-magento2\generated\code\Magento\Framework\View\Layout\Interceptor.php(347): Magento\Framework\View\Layout\Interceptor->___callPlugins('getOutput', Array, Array)
#54 C:\xampp\htdocs\caviar-web-magento2\vendor\magento\framework\View\Result\Page.php(260): Magento\Framework\View\Layout\Interceptor->getOutput()
#55 C:\xampp\htdocs\caviar-web-magento2\vendor\magento\framework\View\Result\Layout.php(171): Magento\Framework\View\Result\Page->render(Object(Magento\Framework\App\Response\Http\Interceptor))
#56 C:\xampp\htdocs\caviar-web-magento2\vendor\magento\framework\Interception\Interceptor.php(58): Magento\Framework\View\Result\Layout->renderResult(Object(Magento\Framework\App\Response\Http\Interceptor))
#57 C:\xampp\htdocs\caviar-web-magento2\vendor\magento\framework\Interception\Interceptor.php(138): Magento\Framework\View\Result\Page\Interceptor->___callParent('renderResult', Array)
#58 C:\xampp\htdocs\caviar-web-magento2\vendor\magento\framework\Interception\Interceptor.php(153): Magento\Framework\View\Result\Page\Interceptor->Magento\Framework\Interception\{closure}(Object(Magento\Framework\App\Response\Http\Interceptor))
#59 C:\xampp\htdocs\caviar-web-magento2\generated\code\Magento\Framework\View\Result\Page\Interceptor.php(95): Magento\Framework\View\Result\Page\Interceptor->___callPlugins('renderResult', Array, Array)
#60 C:\xampp\htdocs\caviar-web-magento2\vendor\magento\framework\App\Http.php(120): Magento\Framework\View\Result\Page\Interceptor->renderResult(Object(Magento\Framework\App\Response\Http\Interceptor))
#61 C:\xampp\htdocs\caviar-web-magento2\generated\code\Magento\Framework\App\Http\Interceptor.php(23): Magento\Framework\App\Http->launch()
#62 C:\xampp\htdocs\caviar-web-magento2\vendor\magento\framework\App\Bootstrap.php(264): Magento\Framework\App\Http\Interceptor->launch()
#63 C:\xampp\htdocs\caviar-web-magento2\pub\index.php(30): Magento\Framework\App\Bootstrap->run(Object(Magento\Framework\App\Http\Interceptor))
#64 {main} {"exception":"[object] (Exception(code: 0): Warning: Undefined array key \"directiveName\" in C:\\xampp\\htdocs\\caviar-web-magento2\\vendor\\magento\\framework\\Filter\\DirectiveProcessor\\SimpleDirective.php on line 68 at C:\\xampp\\htdocs\\caviar-web-magento2\\vendor\\magento\\framework\\App\\ErrorHandler.php:62)"} []
[2025-10-06T06:57:26.114661+00:00] main.CRITICAL: Exception: Warning: Undefined array key "directiveName" in C:\xampp\htdocs\caviar-web-magento2\vendor\magento\framework\Filter\DirectiveProcessor\SimpleDirective.php on line 68 in C:\xampp\htdocs\caviar-web-magento2\vendor\magento\framework\App\ErrorHandler.php:62
Stack trace:
#0 C:\xampp\htdocs\caviar-web-magento2\vendor\magento\framework\Filter\DirectiveProcessor\SimpleDirective.php(68): Magento\Framework\App\ErrorHandler->handler(2, 'Undefined array...', 'C:\\xampp\\htdocs...', 68)
#1 C:\xampp\htdocs\caviar-web-magento2\vendor\magento\framework\Filter\DirectiveProcessor\LegacyDirective.php(47): Magento\Framework\Filter\DirectiveProcessor\SimpleDirective->process(Array, Object(Magento\Widget\Model\Template\Filter\Interceptor), Array)
#2 C:\xampp\htdocs\caviar-web-magento2\vendor\magento\framework\Filter\Template.php(272): Magento\Framework\Filter\DirectiveProcessor\LegacyDirective->process(Array, Object(Magento\Widget\Model\Template\Filter\Interceptor), Array)
#3 C:\xampp\htdocs\caviar-web-magento2\vendor\magento\framework\Filter\Template.php(206): Magento\Framework\Filter\Template->processDirectives('        <div da...')
#4 C:\xampp\htdocs\caviar-web-magento2\vendor\magento\module-email\Model\Template\Filter.php(1127): Magento\Framework\Filter\Template->filter('        <div da...')
#5 C:\xampp\htdocs\caviar-web-magento2\vendor\magento\framework\Interception\Interceptor.php(58): Magento\Email\Model\Template\Filter->filter('        <div da...')
#6 C:\xampp\htdocs\caviar-web-magento2\vendor\magento\framework\Interception\Interceptor.php(138): Magento\Widget\Model\Template\Filter\Interceptor->___callParent('filter', Array)
#7 C:\xampp\htdocs\caviar-web-magento2\vendor\magento\framework\Interception\Interceptor.php(153): Magento\Widget\Model\Template\Filter\Interceptor->Magento\Framework\Interception\{closure}('        <div da...')
#8 C:\xampp\htdocs\caviar-web-magento2\generated\code\Magento\Widget\Model\Template\Filter\Interceptor.php(284): Magento\Widget\Model\Template\Filter\Interceptor->___callPlugins('filter', Array, Array)
#9 C:\xampp\htdocs\caviar-web-magento2\vendor\goomento\module-page-builder\Block\Content.php(272): Magento\Widget\Model\Template\Filter\Interceptor->filter('        <div da...')
#10 C:\xampp\htdocs\caviar-web-magento2\vendor\magento\framework\View\Element\AbstractBlock.php(1128): Goomento\PageBuilder\Block\Content->_toHtml()
#11 C:\xampp\htdocs\caviar-web-magento2\vendor\magento\framework\View\Element\AbstractBlock.php(1132): Magento\Framework\View\Element\AbstractBlock->Magento\Framework\View\Element\{closure}()
#12 C:\xampp\htdocs\caviar-web-magento2\vendor\magento\framework\View\Element\AbstractBlock.php(676): Magento\Framework\View\Element\AbstractBlock->_loadCache()
#13 C:\xampp\htdocs\caviar-web-magento2\vendor\goomento\module-page-builder\Block\Content.php(295): Magento\Framework\View\Element\AbstractBlock->toHtml()
#14 C:\xampp\htdocs\caviar-web-magento2\vendor\magento\framework\View\Layout.php(578): Goomento\PageBuilder\Block\Content->toHtml()
#15 C:\xampp\htdocs\caviar-web-magento2\vendor\magento\framework\View\Layout.php(555): Magento\Framework\View\Layout->_renderBlock('pagebuilder.con...')
#16 C:\xampp\htdocs\caviar-web-magento2\generated\code\Magento\Framework\View\Layout\Interceptor.php(149): Magento\Framework\View\Layout->renderNonCachedElement('pagebuilder.con...')
#17 C:\xampp\htdocs\caviar-web-magento2\vendor\magento\framework\View\Layout.php(510): Magento\Framework\View\Layout\Interceptor->renderNonCachedElement('pagebuilder.con...')
#18 C:\xampp\htdocs\caviar-web-magento2\generated\code\Magento\Framework\View\Layout\Interceptor.php(140): Magento\Framework\View\Layout->renderElement('pagebuilder.con...', false)
#19 C:\xampp\htdocs\caviar-web-magento2\vendor\magento\framework\View\Layout.php(606): Magento\Framework\View\Layout\Interceptor->renderElement('pagebuilder.con...', false)
#20 C:\xampp\htdocs\caviar-web-magento2\vendor\magento\framework\View\Layout.php(557): Magento\Framework\View\Layout->_renderContainer('content', false)
#21 C:\xampp\htdocs\caviar-web-magento2\generated\code\Magento\Framework\View\Layout\Interceptor.php(149): Magento\Framework\View\Layout->renderNonCachedElement('content')
#22 C:\xampp\htdocs\caviar-web-magento2\vendor\magento\framework\View\Layout.php(510): Magento\Framework\View\Layout\Interceptor->renderNonCachedElement('content')
#23 C:\xampp\htdocs\caviar-web-magento2\generated\code\Magento\Framework\View\Layout\Interceptor.php(140): Magento\Framework\View\Layout->renderElement('content', false)
#24 C:\xampp\htdocs\caviar-web-magento2\vendor\magento\framework\View\Layout.php(606): Magento\Framework\View\Layout\Interceptor->renderElement('content', false)
#25 C:\xampp\htdocs\caviar-web-magento2\vendor\magento\framework\View\Layout.php(557): Magento\Framework\View\Layout->_renderContainer('main', false)
#26 C:\xampp\htdocs\caviar-web-magento2\generated\code\Magento\Framework\View\Layout\Interceptor.php(149): Magento\Framework\View\Layout->renderNonCachedElement('main')
#27 C:\xampp\htdocs\caviar-web-magento2\vendor\magento\framework\View\Layout.php(510): Magento\Framework\View\Layout\Interceptor->renderNonCachedElement('main')
#28 C:\xampp\htdocs\caviar-web-magento2\generated\code\Magento\Framework\View\Layout\Interceptor.php(140): Magento\Framework\View\Layout->renderElement('main', false)
#29 C:\xampp\htdocs\caviar-web-magento2\vendor\magento\framework\View\Layout.php(606): Magento\Framework\View\Layout\Interceptor->renderElement('main', false)
#30 C:\xampp\htdocs\caviar-web-magento2\vendor\magento\framework\View\Layout.php(557): Magento\Framework\View\Layout->_renderContainer('columns', false)
#31 C:\xampp\htdocs\caviar-web-magento2\generated\code\Magento\Framework\View\Layout\Interceptor.php(149): Magento\Framework\View\Layout->renderNonCachedElement('columns')
#32 C:\xampp\htdocs\caviar-web-magento2\vendor\magento\framework\View\Layout.php(510): Magento\Framework\View\Layout\Interceptor->renderNonCachedElement('columns')
#33 C:\xampp\htdocs\caviar-web-magento2\generated\code\Magento\Framework\View\Layout\Interceptor.php(140): Magento\Framework\View\Layout->renderElement('columns', false)
#34 C:\xampp\htdocs\caviar-web-magento2\vendor\magento\framework\View\Layout.php(606): Magento\Framework\View\Layout\Interceptor->renderElement('columns', false)
#35 C:\xampp\htdocs\caviar-web-magento2\vendor\magento\framework\View\Layout.php(557): Magento\Framework\View\Layout->_renderContainer('main.content', false)
#36 C:\xampp\htdocs\caviar-web-magento2\generated\code\Magento\Framework\View\Layout\Interceptor.php(149): Magento\Framework\View\Layout->renderNonCachedElement('main.content')
#37 C:\xampp\htdocs\caviar-web-magento2\vendor\magento\framework\View\Layout.php(510): Magento\Framework\View\Layout\Interceptor->renderNonCachedElement('main.content')
#38 C:\xampp\htdocs\caviar-web-magento2\generated\code\Magento\Framework\View\Layout\Interceptor.php(140): Magento\Framework\View\Layout->renderElement('main.content', false)
#39 C:\xampp\htdocs\caviar-web-magento2\vendor\magento\framework\View\Layout.php(606): Magento\Framework\View\Layout\Interceptor->renderElement('main.content', false)
#40 C:\xampp\htdocs\caviar-web-magento2\vendor\magento\framework\View\Layout.php(557): Magento\Framework\View\Layout->_renderContainer('page.wrapper', false)
#41 C:\xampp\htdocs\caviar-web-magento2\generated\code\Magento\Framework\View\Layout\Interceptor.php(149): Magento\Framework\View\Layout->renderNonCachedElement('page.wrapper')
#42 C:\xampp\htdocs\caviar-web-magento2\vendor\magento\framework\View\Layout.php(510): Magento\Framework\View\Layout\Interceptor->renderNonCachedElement('page.wrapper')
#43 C:\xampp\htdocs\caviar-web-magento2\generated\code\Magento\Framework\View\Layout\Interceptor.php(140): Magento\Framework\View\Layout->renderElement('page.wrapper', false)
#44 C:\xampp\htdocs\caviar-web-magento2\vendor\magento\framework\View\Layout.php(606): Magento\Framework\View\Layout\Interceptor->renderElement('page.wrapper', false)
#45 C:\xampp\htdocs\caviar-web-magento2\vendor\magento\framework\View\Layout.php(557): Magento\Framework\View\Layout->_renderContainer('root', false)
#46 C:\xampp\htdocs\caviar-web-magento2\generated\code\Magento\Framework\View\Layout\Interceptor.php(149): Magento\Framework\View\Layout->renderNonCachedElement('root')
#47 C:\xampp\htdocs\caviar-web-magento2\vendor\magento\framework\View\Layout.php(510): Magento\Framework\View\Layout\Interceptor->renderNonCachedElement('root')
#48 C:\xampp\htdocs\caviar-web-magento2\generated\code\Magento\Framework\View\Layout\Interceptor.php(140): Magento\Framework\View\Layout->renderElement('root', true)
#49 C:\xampp\htdocs\caviar-web-magento2\vendor\magento\framework\View\Layout.php(975): Magento\Framework\View\Layout\Interceptor->renderElement('root')
#50 C:\xampp\htdocs\caviar-web-magento2\vendor\magento\framework\Interception\Interceptor.php(58): Magento\Framework\View\Layout->getOutput()
#51 C:\xampp\htdocs\caviar-web-magento2\vendor\magento\framework\Interception\Interceptor.php(138): Magento\Framework\View\Layout\Interceptor->___callParent('getOutput', Array)
#52 C:\xampp\htdocs\caviar-web-magento2\vendor\magento\framework\Interception\Interceptor.php(153): Magento\Framework\View\Layout\Interceptor->Magento\Framework\Interception\{closure}()
#53 C:\xampp\htdocs\caviar-web-magento2\generated\code\Magento\Framework\View\Layout\Interceptor.php(347): Magento\Framework\View\Layout\Interceptor->___callPlugins('getOutput', Array, Array)
#54 C:\xampp\htdocs\caviar-web-magento2\vendor\magento\framework\View\Result\Page.php(260): Magento\Framework\View\Layout\Interceptor->getOutput()
#55 C:\xampp\htdocs\caviar-web-magento2\vendor\magento\framework\View\Result\Layout.php(171): Magento\Framework\View\Result\Page->render(Object(Magento\Framework\App\Response\Http\Interceptor))
#56 C:\xampp\htdocs\caviar-web-magento2\vendor\magento\framework\Interception\Interceptor.php(58): Magento\Framework\View\Result\Layout->renderResult(Object(Magento\Framework\App\Response\Http\Interceptor))
#57 C:\xampp\htdocs\caviar-web-magento2\vendor\magento\framework\Interception\Interceptor.php(138): Magento\Framework\View\Result\Page\Interceptor->___callParent('renderResult', Array)
#58 C:\xampp\htdocs\caviar-web-magento2\vendor\magento\framework\Interception\Interceptor.php(153): Magento\Framework\View\Result\Page\Interceptor->Magento\Framework\Interception\{closure}(Object(Magento\Framework\App\Response\Http\Interceptor))
#59 C:\xampp\htdocs\caviar-web-magento2\generated\code\Magento\Framework\View\Result\Page\Interceptor.php(95): Magento\Framework\View\Result\Page\Interceptor->___callPlugins('renderResult', Array, Array)
#60 C:\xampp\htdocs\caviar-web-magento2\vendor\magento\framework\App\Http.php(120): Magento\Framework\View\Result\Page\Interceptor->renderResult(Object(Magento\Framework\App\Response\Http\Interceptor))
#61 C:\xampp\htdocs\caviar-web-magento2\generated\code\Magento\Framework\App\Http\Interceptor.php(23): Magento\Framework\App\Http->launch()
#62 C:\xampp\htdocs\caviar-web-magento2\vendor\magento\framework\App\Bootstrap.php(264): Magento\Framework\App\Http\Interceptor->launch()
#63 C:\xampp\htdocs\caviar-web-magento2\pub\index.php(30): Magento\Framework\App\Bootstrap->run(Object(Magento\Framework\App\Http\Interceptor))
#64 {main} {"exception":"[object] (Exception(code: 0): Warning: Undefined array key \"directiveName\" in C:\\xampp\\htdocs\\caviar-web-magento2\\vendor\\magento\\framework\\Filter\\DirectiveProcessor\\SimpleDirective.php on line 68 at C:\\xampp\\htdocs\\caviar-web-magento2\\vendor\\magento\\framework\\App\\ErrorHandler.php:62)"} []
[2025-10-06T06:57:35.546910+00:00] main.CRITICAL: Exception: Warning: Undefined array key "directiveName" in C:\xampp\htdocs\caviar-web-magento2\vendor\magento\framework\Filter\DirectiveProcessor\SimpleDirective.php on line 68 in C:\xampp\htdocs\caviar-web-magento2\vendor\magento\framework\App\ErrorHandler.php:62
Stack trace:
#0 C:\xampp\htdocs\caviar-web-magento2\vendor\magento\framework\Filter\DirectiveProcessor\SimpleDirective.php(68): Magento\Framework\App\ErrorHandler->handler(2, 'Undefined array...', 'C:\\xampp\\htdocs...', 68)
#1 C:\xampp\htdocs\caviar-web-magento2\vendor\magento\framework\Filter\DirectiveProcessor\LegacyDirective.php(47): Magento\Framework\Filter\DirectiveProcessor\SimpleDirective->process(Array, Object(Magento\Widget\Model\Template\Filter\Interceptor), Array)
#2 C:\xampp\htdocs\caviar-web-magento2\vendor\magento\framework\Filter\Template.php(272): Magento\Framework\Filter\DirectiveProcessor\LegacyDirective->process(Array, Object(Magento\Widget\Model\Template\Filter\Interceptor), Array)
#3 C:\xampp\htdocs\caviar-web-magento2\vendor\magento\framework\Filter\Template.php(206): Magento\Framework\Filter\Template->processDirectives('        <div da...')
#4 C:\xampp\htdocs\caviar-web-magento2\vendor\magento\module-email\Model\Template\Filter.php(1127): Magento\Framework\Filter\Template->filter('        <div da...')
#5 C:\xampp\htdocs\caviar-web-magento2\vendor\magento\framework\Interception\Interceptor.php(58): Magento\Email\Model\Template\Filter->filter('        <div da...')
#6 C:\xampp\htdocs\caviar-web-magento2\vendor\magento\framework\Interception\Interceptor.php(138): Magento\Widget\Model\Template\Filter\Interceptor->___callParent('filter', Array)
#7 C:\xampp\htdocs\caviar-web-magento2\vendor\magento\framework\Interception\Interceptor.php(153): Magento\Widget\Model\Template\Filter\Interceptor->Magento\Framework\Interception\{closure}('        <div da...')
#8 C:\xampp\htdocs\caviar-web-magento2\generated\code\Magento\Widget\Model\Template\Filter\Interceptor.php(284): Magento\Widget\Model\Template\Filter\Interceptor->___callPlugins('filter', Array, Array)
#9 C:\xampp\htdocs\caviar-web-magento2\vendor\goomento\module-page-builder\Block\Content.php(272): Magento\Widget\Model\Template\Filter\Interceptor->filter('        <div da...')
#10 C:\xampp\htdocs\caviar-web-magento2\vendor\magento\framework\View\Element\AbstractBlock.php(1128): Goomento\PageBuilder\Block\Content->_toHtml()
#11 C:\xampp\htdocs\caviar-web-magento2\vendor\magento\framework\View\Element\AbstractBlock.php(1132): Magento\Framework\View\Element\AbstractBlock->Magento\Framework\View\Element\{closure}()
#12 C:\xampp\htdocs\caviar-web-magento2\vendor\magento\framework\View\Element\AbstractBlock.php(676): Magento\Framework\View\Element\AbstractBlock->_loadCache()
#13 C:\xampp\htdocs\caviar-web-magento2\vendor\goomento\module-page-builder\Block\Content.php(295): Magento\Framework\View\Element\AbstractBlock->toHtml()
#14 C:\xampp\htdocs\caviar-web-magento2\vendor\magento\framework\View\Layout.php(578): Goomento\PageBuilder\Block\Content->toHtml()
#15 C:\xampp\htdocs\caviar-web-magento2\vendor\magento\framework\View\Layout.php(555): Magento\Framework\View\Layout->_renderBlock('pagebuilder.con...')
#16 C:\xampp\htdocs\caviar-web-magento2\generated\code\Magento\Framework\View\Layout\Interceptor.php(149): Magento\Framework\View\Layout->renderNonCachedElement('pagebuilder.con...')
#17 C:\xampp\htdocs\caviar-web-magento2\vendor\magento\framework\View\Layout.php(510): Magento\Framework\View\Layout\Interceptor->renderNonCachedElement('pagebuilder.con...')
#18 C:\xampp\htdocs\caviar-web-magento2\generated\code\Magento\Framework\View\Layout\Interceptor.php(140): Magento\Framework\View\Layout->renderElement('pagebuilder.con...', false)
#19 C:\xampp\htdocs\caviar-web-magento2\vendor\magento\framework\View\Layout.php(606): Magento\Framework\View\Layout\Interceptor->renderElement('pagebuilder.con...', false)
#20 C:\xampp\htdocs\caviar-web-magento2\vendor\magento\framework\View\Layout.php(557): Magento\Framework\View\Layout->_renderContainer('content', false)
#21 C:\xampp\htdocs\caviar-web-magento2\generated\code\Magento\Framework\View\Layout\Interceptor.php(149): Magento\Framework\View\Layout->renderNonCachedElement('content')
#22 C:\xampp\htdocs\caviar-web-magento2\vendor\magento\framework\View\Layout.php(510): Magento\Framework\View\Layout\Interceptor->renderNonCachedElement('content')
#23 C:\xampp\htdocs\caviar-web-magento2\generated\code\Magento\Framework\View\Layout\Interceptor.php(140): Magento\Framework\View\Layout->renderElement('content', false)
#24 C:\xampp\htdocs\caviar-web-magento2\vendor\magento\framework\View\Layout.php(606): Magento\Framework\View\Layout\Interceptor->renderElement('content', false)
#25 C:\xampp\htdocs\caviar-web-magento2\vendor\magento\framework\View\Layout.php(557): Magento\Framework\View\Layout->_renderContainer('main', false)
#26 C:\xampp\htdocs\caviar-web-magento2\generated\code\Magento\Framework\View\Layout\Interceptor.php(149): Magento\Framework\View\Layout->renderNonCachedElement('main')
#27 C:\xampp\htdocs\caviar-web-magento2\vendor\magento\framework\View\Layout.php(510): Magento\Framework\View\Layout\Interceptor->renderNonCachedElement('main')
#28 C:\xampp\htdocs\caviar-web-magento2\generated\code\Magento\Framework\View\Layout\Interceptor.php(140): Magento\Framework\View\Layout->renderElement('main', false)
#29 C:\xampp\htdocs\caviar-web-magento2\vendor\magento\framework\View\Layout.php(606): Magento\Framework\View\Layout\Interceptor->renderElement('main', false)
#30 C:\xampp\htdocs\caviar-web-magento2\vendor\magento\framework\View\Layout.php(557): Magento\Framework\View\Layout->_renderContainer('columns', false)
#31 C:\xampp\htdocs\caviar-web-magento2\generated\code\Magento\Framework\View\Layout\Interceptor.php(149): Magento\Framework\View\Layout->renderNonCachedElement('columns')
#32 C:\xampp\htdocs\caviar-web-magento2\vendor\magento\framework\View\Layout.php(510): Magento\Framework\View\Layout\Interceptor->renderNonCachedElement('columns')
#33 C:\xampp\htdocs\caviar-web-magento2\generated\code\Magento\Framework\View\Layout\Interceptor.php(140): Magento\Framework\View\Layout->renderElement('columns', false)
#34 C:\xampp\htdocs\caviar-web-magento2\vendor\magento\framework\View\Layout.php(606): Magento\Framework\View\Layout\Interceptor->renderElement('columns', false)
#35 C:\xampp\htdocs\caviar-web-magento2\vendor\magento\framework\View\Layout.php(557): Magento\Framework\View\Layout->_renderContainer('main.content', false)
#36 C:\xampp\htdocs\caviar-web-magento2\generated\code\Magento\Framework\View\Layout\Interceptor.php(149): Magento\Framework\View\Layout->renderNonCachedElement('main.content')
#37 C:\xampp\htdocs\caviar-web-magento2\vendor\magento\framework\View\Layout.php(510): Magento\Framework\View\Layout\Interceptor->renderNonCachedElement('main.content')
#38 C:\xampp\htdocs\caviar-web-magento2\generated\code\Magento\Framework\View\Layout\Interceptor.php(140): Magento\Framework\View\Layout->renderElement('main.content', false)
#39 C:\xampp\htdocs\caviar-web-magento2\vendor\magento\framework\View\Layout.php(606): Magento\Framework\View\Layout\Interceptor->renderElement('main.content', false)
#40 C:\xampp\htdocs\caviar-web-magento2\vendor\magento\framework\View\Layout.php(557): Magento\Framework\View\Layout->_renderContainer('page.wrapper', false)
#41 C:\xampp\htdocs\caviar-web-magento2\generated\code\Magento\Framework\View\Layout\Interceptor.php(149): Magento\Framework\View\Layout->renderNonCachedElement('page.wrapper')
#42 C:\xampp\htdocs\caviar-web-magento2\vendor\magento\framework\View\Layout.php(510): Magento\Framework\View\Layout\Interceptor->renderNonCachedElement('page.wrapper')
#43 C:\xampp\htdocs\caviar-web-magento2\generated\code\Magento\Framework\View\Layout\Interceptor.php(140): Magento\Framework\View\Layout->renderElement('page.wrapper', false)
#44 C:\xampp\htdocs\caviar-web-magento2\vendor\magento\framework\View\Layout.php(606): Magento\Framework\View\Layout\Interceptor->renderElement('page.wrapper', false)
#45 C:\xampp\htdocs\caviar-web-magento2\vendor\magento\framework\View\Layout.php(557): Magento\Framework\View\Layout->_renderContainer('root', false)
#46 C:\xampp\htdocs\caviar-web-magento2\generated\code\Magento\Framework\View\Layout\Interceptor.php(149): Magento\Framework\View\Layout->renderNonCachedElement('root')
#47 C:\xampp\htdocs\caviar-web-magento2\vendor\magento\framework\View\Layout.php(510): Magento\Framework\View\Layout\Interceptor->renderNonCachedElement('root')
#48 C:\xampp\htdocs\caviar-web-magento2\generated\code\Magento\Framework\View\Layout\Interceptor.php(140): Magento\Framework\View\Layout->renderElement('root', true)
#49 C:\xampp\htdocs\caviar-web-magento2\vendor\magento\framework\View\Layout.php(975): Magento\Framework\View\Layout\Interceptor->renderElement('root')
#50 C:\xampp\htdocs\caviar-web-magento2\vendor\magento\framework\Interception\Interceptor.php(58): Magento\Framework\View\Layout->getOutput()
#51 C:\xampp\htdocs\caviar-web-magento2\vendor\magento\framework\Interception\Interceptor.php(138): Magento\Framework\View\Layout\Interceptor->___callParent('getOutput', Array)
#52 C:\xampp\htdocs\caviar-web-magento2\vendor\magento\framework\Interception\Interceptor.php(153): Magento\Framework\View\Layout\Interceptor->Magento\Framework\Interception\{closure}()
#53 C:\xampp\htdocs\caviar-web-magento2\generated\code\Magento\Framework\View\Layout\Interceptor.php(347): Magento\Framework\View\Layout\Interceptor->___callPlugins('getOutput', Array, Array)
#54 C:\xampp\htdocs\caviar-web-magento2\vendor\magento\framework\View\Result\Page.php(260): Magento\Framework\View\Layout\Interceptor->getOutput()
#55 C:\xampp\htdocs\caviar-web-magento2\vendor\magento\framework\View\Result\Layout.php(171): Magento\Framework\View\Result\Page->render(Object(Magento\Framework\App\Response\Http\Interceptor))
#56 C:\xampp\htdocs\caviar-web-magento2\vendor\magento\framework\Interception\Interceptor.php(58): Magento\Framework\View\Result\Layout->renderResult(Object(Magento\Framework\App\Response\Http\Interceptor))
#57 C:\xampp\htdocs\caviar-web-magento2\vendor\magento\framework\Interception\Interceptor.php(138): Magento\Framework\View\Result\Page\Interceptor->___callParent('renderResult', Array)
#58 C:\xampp\htdocs\caviar-web-magento2\vendor\magento\framework\Interception\Interceptor.php(153): Magento\Framework\View\Result\Page\Interceptor->Magento\Framework\Interception\{closure}(Object(Magento\Framework\App\Response\Http\Interceptor))
#59 C:\xampp\htdocs\caviar-web-magento2\generated\code\Magento\Framework\View\Result\Page\Interceptor.php(95): Magento\Framework\View\Result\Page\Interceptor->___callPlugins('renderResult', Array, Array)
#60 C:\xampp\htdocs\caviar-web-magento2\vendor\magento\framework\App\Http.php(120): Magento\Framework\View\Result\Page\Interceptor->renderResult(Object(Magento\Framework\App\Response\Http\Interceptor))
#61 C:\xampp\htdocs\caviar-web-magento2\generated\code\Magento\Framework\App\Http\Interceptor.php(23): Magento\Framework\App\Http->launch()
#62 C:\xampp\htdocs\caviar-web-magento2\vendor\magento\framework\App\Bootstrap.php(264): Magento\Framework\App\Http\Interceptor->launch()
#63 C:\xampp\htdocs\caviar-web-magento2\pub\index.php(30): Magento\Framework\App\Bootstrap->run(Object(Magento\Framework\App\Http\Interceptor))
#64 {main} {"exception":"[object] (Exception(code: 0): Warning: Undefined array key \"directiveName\" in C:\\xampp\\htdocs\\caviar-web-magento2\\vendor\\magento\\framework\\Filter\\DirectiveProcessor\\SimpleDirective.php on line 68 at C:\\xampp\\htdocs\\caviar-web-magento2\\vendor\\magento\\framework\\App\\ErrorHandler.php:62)"} []
[2025-10-06T06:57:39.518719+00:00] main.CRITICAL: Exception: Warning: Undefined array key "directiveName" in C:\xampp\htdocs\caviar-web-magento2\vendor\magento\framework\Filter\DirectiveProcessor\SimpleDirective.php on line 68 in C:\xampp\htdocs\caviar-web-magento2\vendor\magento\framework\App\ErrorHandler.php:62
Stack trace:
#0 C:\xampp\htdocs\caviar-web-magento2\vendor\magento\framework\Filter\DirectiveProcessor\SimpleDirective.php(68): Magento\Framework\App\ErrorHandler->handler(2, 'Undefined array...', 'C:\\xampp\\htdocs...', 68)
#1 C:\xampp\htdocs\caviar-web-magento2\vendor\magento\framework\Filter\DirectiveProcessor\LegacyDirective.php(47): Magento\Framework\Filter\DirectiveProcessor\SimpleDirective->process(Array, Object(Magento\Widget\Model\Template\Filter\Interceptor), Array)
#2 C:\xampp\htdocs\caviar-web-magento2\vendor\magento\framework\Filter\Template.php(272): Magento\Framework\Filter\DirectiveProcessor\LegacyDirective->process(Array, Object(Magento\Widget\Model\Template\Filter\Interceptor), Array)
#3 C:\xampp\htdocs\caviar-web-magento2\vendor\magento\framework\Filter\Template.php(206): Magento\Framework\Filter\Template->processDirectives('        <div da...')
#4 C:\xampp\htdocs\caviar-web-magento2\vendor\magento\module-email\Model\Template\Filter.php(1127): Magento\Framework\Filter\Template->filter('        <div da...')
#5 C:\xampp\htdocs\caviar-web-magento2\vendor\magento\framework\Interception\Interceptor.php(58): Magento\Email\Model\Template\Filter->filter('        <div da...')
#6 C:\xampp\htdocs\caviar-web-magento2\vendor\magento\framework\Interception\Interceptor.php(138): Magento\Widget\Model\Template\Filter\Interceptor->___callParent('filter', Array)
#7 C:\xampp\htdocs\caviar-web-magento2\vendor\magento\framework\Interception\Interceptor.php(153): Magento\Widget\Model\Template\Filter\Interceptor->Magento\Framework\Interception\{closure}('        <div da...')
#8 C:\xampp\htdocs\caviar-web-magento2\generated\code\Magento\Widget\Model\Template\Filter\Interceptor.php(284): Magento\Widget\Model\Template\Filter\Interceptor->___callPlugins('filter', Array, Array)
#9 C:\xampp\htdocs\caviar-web-magento2\vendor\goomento\module-page-builder\Block\Content.php(272): Magento\Widget\Model\Template\Filter\Interceptor->filter('        <div da...')
#10 C:\xampp\htdocs\caviar-web-magento2\vendor\magento\framework\View\Element\AbstractBlock.php(1128): Goomento\PageBuilder\Block\Content->_toHtml()
#11 C:\xampp\htdocs\caviar-web-magento2\vendor\magento\framework\View\Element\AbstractBlock.php(1132): Magento\Framework\View\Element\AbstractBlock->Magento\Framework\View\Element\{closure}()
#12 C:\xampp\htdocs\caviar-web-magento2\vendor\magento\framework\View\Element\AbstractBlock.php(676): Magento\Framework\View\Element\AbstractBlock->_loadCache()
#13 C:\xampp\htdocs\caviar-web-magento2\vendor\goomento\module-page-builder\Block\Content.php(295): Magento\Framework\View\Element\AbstractBlock->toHtml()
#14 C:\xampp\htdocs\caviar-web-magento2\vendor\magento\framework\View\Layout.php(578): Goomento\PageBuilder\Block\Content->toHtml()
#15 C:\xampp\htdocs\caviar-web-magento2\vendor\magento\framework\View\Layout.php(555): Magento\Framework\View\Layout->_renderBlock('pagebuilder.con...')
#16 C:\xampp\htdocs\caviar-web-magento2\generated\code\Magento\Framework\View\Layout\Interceptor.php(149): Magento\Framework\View\Layout->renderNonCachedElement('pagebuilder.con...')
#17 C:\xampp\htdocs\caviar-web-magento2\vendor\magento\framework\View\Layout.php(510): Magento\Framework\View\Layout\Interceptor->renderNonCachedElement('pagebuilder.con...')
#18 C:\xampp\htdocs\caviar-web-magento2\generated\code\Magento\Framework\View\Layout\Interceptor.php(140): Magento\Framework\View\Layout->renderElement('pagebuilder.con...', false)
#19 C:\xampp\htdocs\caviar-web-magento2\vendor\magento\framework\View\Layout.php(606): Magento\Framework\View\Layout\Interceptor->renderElement('pagebuilder.con...', false)
#20 C:\xampp\htdocs\caviar-web-magento2\vendor\magento\framework\View\Layout.php(557): Magento\Framework\View\Layout->_renderContainer('content', false)
#21 C:\xampp\htdocs\caviar-web-magento2\generated\code\Magento\Framework\View\Layout\Interceptor.php(149): Magento\Framework\View\Layout->renderNonCachedElement('content')
#22 C:\xampp\htdocs\caviar-web-magento2\vendor\magento\framework\View\Layout.php(510): Magento\Framework\View\Layout\Interceptor->renderNonCachedElement('content')
#23 C:\xampp\htdocs\caviar-web-magento2\generated\code\Magento\Framework\View\Layout\Interceptor.php(140): Magento\Framework\View\Layout->renderElement('content', false)
#24 C:\xampp\htdocs\caviar-web-magento2\vendor\magento\framework\View\Layout.php(606): Magento\Framework\View\Layout\Interceptor->renderElement('content', false)
#25 C:\xampp\htdocs\caviar-web-magento2\vendor\magento\framework\View\Layout.php(557): Magento\Framework\View\Layout->_renderContainer('main', false)
#26 C:\xampp\htdocs\caviar-web-magento2\generated\code\Magento\Framework\View\Layout\Interceptor.php(149): Magento\Framework\View\Layout->renderNonCachedElement('main')
#27 C:\xampp\htdocs\caviar-web-magento2\vendor\magento\framework\View\Layout.php(510): Magento\Framework\View\Layout\Interceptor->renderNonCachedElement('main')
#28 C:\xampp\htdocs\caviar-web-magento2\generated\code\Magento\Framework\View\Layout\Interceptor.php(140): Magento\Framework\View\Layout->renderElement('main', false)
#29 C:\xampp\htdocs\caviar-web-magento2\vendor\magento\framework\View\Layout.php(606): Magento\Framework\View\Layout\Interceptor->renderElement('main', false)
#30 C:\xampp\htdocs\caviar-web-magento2\vendor\magento\framework\View\Layout.php(557): Magento\Framework\View\Layout->_renderContainer('columns', false)
#31 C:\xampp\htdocs\caviar-web-magento2\generated\code\Magento\Framework\View\Layout\Interceptor.php(149): Magento\Framework\View\Layout->renderNonCachedElement('columns')
#32 C:\xampp\htdocs\caviar-web-magento2\vendor\magento\framework\View\Layout.php(510): Magento\Framework\View\Layout\Interceptor->renderNonCachedElement('columns')
#33 C:\xampp\htdocs\caviar-web-magento2\generated\code\Magento\Framework\View\Layout\Interceptor.php(140): Magento\Framework\View\Layout->renderElement('columns', false)
#34 C:\xampp\htdocs\caviar-web-magento2\vendor\magento\framework\View\Layout.php(606): Magento\Framework\View\Layout\Interceptor->renderElement('columns', false)
#35 C:\xampp\htdocs\caviar-web-magento2\vendor\magento\framework\View\Layout.php(557): Magento\Framework\View\Layout->_renderContainer('main.content', false)
#36 C:\xampp\htdocs\caviar-web-magento2\generated\code\Magento\Framework\View\Layout\Interceptor.php(149): Magento\Framework\View\Layout->renderNonCachedElement('main.content')
#37 C:\xampp\htdocs\caviar-web-magento2\vendor\magento\framework\View\Layout.php(510): Magento\Framework\View\Layout\Interceptor->renderNonCachedElement('main.content')
#38 C:\xampp\htdocs\caviar-web-magento2\generated\code\Magento\Framework\View\Layout\Interceptor.php(140): Magento\Framework\View\Layout->renderElement('main.content', false)
#39 C:\xampp\htdocs\caviar-web-magento2\vendor\magento\framework\View\Layout.php(606): Magento\Framework\View\Layout\Interceptor->renderElement('main.content', false)
#40 C:\xampp\htdocs\caviar-web-magento2\vendor\magento\framework\View\Layout.php(557): Magento\Framework\View\Layout->_renderContainer('page.wrapper', false)
#41 C:\xampp\htdocs\caviar-web-magento2\generated\code\Magento\Framework\View\Layout\Interceptor.php(149): Magento\Framework\View\Layout->renderNonCachedElement('page.wrapper')
#42 C:\xampp\htdocs\caviar-web-magento2\vendor\magento\framework\View\Layout.php(510): Magento\Framework\View\Layout\Interceptor->renderNonCachedElement('page.wrapper')
#43 C:\xampp\htdocs\caviar-web-magento2\generated\code\Magento\Framework\View\Layout\Interceptor.php(140): Magento\Framework\View\Layout->renderElement('page.wrapper', false)
#44 C:\xampp\htdocs\caviar-web-magento2\vendor\magento\framework\View\Layout.php(606): Magento\Framework\View\Layout\Interceptor->renderElement('page.wrapper', false)
#45 C:\xampp\htdocs\caviar-web-magento2\vendor\magento\framework\View\Layout.php(557): Magento\Framework\View\Layout->_renderContainer('root', false)
#46 C:\xampp\htdocs\caviar-web-magento2\generated\code\Magento\Framework\View\Layout\Interceptor.php(149): Magento\Framework\View\Layout->renderNonCachedElement('root')
#47 C:\xampp\htdocs\caviar-web-magento2\vendor\magento\framework\View\Layout.php(510): Magento\Framework\View\Layout\Interceptor->renderNonCachedElement('root')
#48 C:\xampp\htdocs\caviar-web-magento2\generated\code\Magento\Framework\View\Layout\Interceptor.php(140): Magento\Framework\View\Layout->renderElement('root', true)
#49 C:\xampp\htdocs\caviar-web-magento2\vendor\magento\framework\View\Layout.php(975): Magento\Framework\View\Layout\Interceptor->renderElement('root')
#50 C:\xampp\htdocs\caviar-web-magento2\vendor\magento\framework\Interception\Interceptor.php(58): Magento\Framework\View\Layout->getOutput()
#51 C:\xampp\htdocs\caviar-web-magento2\vendor\magento\framework\Interception\Interceptor.php(138): Magento\Framework\View\Layout\Interceptor->___callParent('getOutput', Array)
#52 C:\xampp\htdocs\caviar-web-magento2\vendor\magento\framework\Interception\Interceptor.php(153): Magento\Framework\View\Layout\Interceptor->Magento\Framework\Interception\{closure}()
#53 C:\xampp\htdocs\caviar-web-magento2\generated\code\Magento\Framework\View\Layout\Interceptor.php(347): Magento\Framework\View\Layout\Interceptor->___callPlugins('getOutput', Array, Array)
#54 C:\xampp\htdocs\caviar-web-magento2\vendor\magento\framework\View\Result\Page.php(260): Magento\Framework\View\Layout\Interceptor->getOutput()
#55 C:\xampp\htdocs\caviar-web-magento2\vendor\magento\framework\View\Result\Layout.php(171): Magento\Framework\View\Result\Page->render(Object(Magento\Framework\App\Response\Http\Interceptor))
#56 C:\xampp\htdocs\caviar-web-magento2\vendor\magento\framework\Interception\Interceptor.php(58): Magento\Framework\View\Result\Layout->renderResult(Object(Magento\Framework\App\Response\Http\Interceptor))
#57 C:\xampp\htdocs\caviar-web-magento2\vendor\magento\framework\Interception\Interceptor.php(138): Magento\Framework\View\Result\Page\Interceptor->___callParent('renderResult', Array)
#58 C:\xampp\htdocs\caviar-web-magento2\vendor\magento\framework\Interception\Interceptor.php(153): Magento\Framework\View\Result\Page\Interceptor->Magento\Framework\Interception\{closure}(Object(Magento\Framework\App\Response\Http\Interceptor))
#59 C:\xampp\htdocs\caviar-web-magento2\generated\code\Magento\Framework\View\Result\Page\Interceptor.php(95): Magento\Framework\View\Result\Page\Interceptor->___callPlugins('renderResult', Array, Array)
#60 C:\xampp\htdocs\caviar-web-magento2\vendor\magento\framework\App\Http.php(120): Magento\Framework\View\Result\Page\Interceptor->renderResult(Object(Magento\Framework\App\Response\Http\Interceptor))
#61 C:\xampp\htdocs\caviar-web-magento2\generated\code\Magento\Framework\App\Http\Interceptor.php(23): Magento\Framework\App\Http->launch()
#62 C:\xampp\htdocs\caviar-web-magento2\vendor\magento\framework\App\Bootstrap.php(264): Magento\Framework\App\Http\Interceptor->launch()
#63 C:\xampp\htdocs\caviar-web-magento2\pub\index.php(30): Magento\Framework\App\Bootstrap->run(Object(Magento\Framework\App\Http\Interceptor))
#64 {main} {"exception":"[object] (Exception(code: 0): Warning: Undefined array key \"directiveName\" in C:\\xampp\\htdocs\\caviar-web-magento2\\vendor\\magento\\framework\\Filter\\DirectiveProcessor\\SimpleDirective.php on line 68 at C:\\xampp\\htdocs\\caviar-web-magento2\\vendor\\magento\\framework\\App\\ErrorHandler.php:62)"} []
[2025-10-06T07:08:40.178590+00:00] main.CRITICAL: Exception: Warning: Undefined array key "directiveName" in C:\xampp\htdocs\caviar-web-magento2\vendor\magento\framework\Filter\DirectiveProcessor\SimpleDirective.php on line 68 in C:\xampp\htdocs\caviar-web-magento2\vendor\magento\framework\App\ErrorHandler.php:62
Stack trace:
#0 C:\xampp\htdocs\caviar-web-magento2\vendor\magento\framework\Filter\DirectiveProcessor\SimpleDirective.php(68): Magento\Framework\App\ErrorHandler->handler(2, 'Undefined array...', 'C:\\xampp\\htdocs...', 68)
#1 C:\xampp\htdocs\caviar-web-magento2\vendor\magento\framework\Filter\DirectiveProcessor\LegacyDirective.php(47): Magento\Framework\Filter\DirectiveProcessor\SimpleDirective->process(Array, Object(Magento\Widget\Model\Template\Filter\Interceptor), Array)
#2 C:\xampp\htdocs\caviar-web-magento2\vendor\magento\framework\Filter\Template.php(272): Magento\Framework\Filter\DirectiveProcessor\LegacyDirective->process(Array, Object(Magento\Widget\Model\Template\Filter\Interceptor), Array)
#3 C:\xampp\htdocs\caviar-web-magento2\vendor\magento\framework\Filter\Template.php(206): Magento\Framework\Filter\Template->processDirectives('        <div da...')
#4 C:\xampp\htdocs\caviar-web-magento2\vendor\magento\module-email\Model\Template\Filter.php(1127): Magento\Framework\Filter\Template->filter('        <div da...')
#5 C:\xampp\htdocs\caviar-web-magento2\vendor\magento\framework\Interception\Interceptor.php(58): Magento\Email\Model\Template\Filter->filter('        <div da...')
#6 C:\xampp\htdocs\caviar-web-magento2\vendor\magento\framework\Interception\Interceptor.php(138): Magento\Widget\Model\Template\Filter\Interceptor->___callParent('filter', Array)
#7 C:\xampp\htdocs\caviar-web-magento2\vendor\magento\framework\Interception\Interceptor.php(153): Magento\Widget\Model\Template\Filter\Interceptor->Magento\Framework\Interception\{closure}('        <div da...')
#8 C:\xampp\htdocs\caviar-web-magento2\generated\code\Magento\Widget\Model\Template\Filter\Interceptor.php(284): Magento\Widget\Model\Template\Filter\Interceptor->___callPlugins('filter', Array, Array)
#9 C:\xampp\htdocs\caviar-web-magento2\vendor\goomento\module-page-builder\Block\Content.php(272): Magento\Widget\Model\Template\Filter\Interceptor->filter('        <div da...')
#10 C:\xampp\htdocs\caviar-web-magento2\vendor\magento\framework\View\Element\AbstractBlock.php(1128): Goomento\PageBuilder\Block\Content->_toHtml()
#11 C:\xampp\htdocs\caviar-web-magento2\vendor\magento\framework\View\Element\AbstractBlock.php(1132): Magento\Framework\View\Element\AbstractBlock->Magento\Framework\View\Element\{closure}()
#12 C:\xampp\htdocs\caviar-web-magento2\vendor\magento\framework\View\Element\AbstractBlock.php(676): Magento\Framework\View\Element\AbstractBlock->_loadCache()
#13 C:\xampp\htdocs\caviar-web-magento2\vendor\goomento\module-page-builder\Block\Content.php(295): Magento\Framework\View\Element\AbstractBlock->toHtml()
#14 C:\xampp\htdocs\caviar-web-magento2\vendor\magento\module-widget\Model\Template\Filter.php(156): Goomento\PageBuilder\Block\Content->toHtml()
#15 C:\xampp\htdocs\caviar-web-magento2\generated\code\Magento\Widget\Model\Template\Filter\Interceptor.php(23): Magento\Widget\Model\Template\Filter->generateWidget(Array)
#16 C:\xampp\htdocs\caviar-web-magento2\vendor\magento\module-widget\Model\Template\Filter.php(167): Magento\Widget\Model\Template\Filter\Interceptor->generateWidget(Array)
#17 C:\xampp\htdocs\caviar-web-magento2\generated\code\Magento\Widget\Model\Template\Filter\Interceptor.php(32): Magento\Widget\Model\Template\Filter->widgetDirective(Array)
#18 [internal function]: Magento\Widget\Model\Template\Filter\Interceptor->widgetDirective(Array)
#19 C:\xampp\htdocs\caviar-web-magento2\vendor\magento\framework\Filter\DirectiveProcessor\LegacyDirective.php(42): ReflectionMethod->invokeArgs(Object(Magento\Widget\Model\Template\Filter\Interceptor), Array)
#20 C:\xampp\htdocs\caviar-web-magento2\vendor\magento\framework\Filter\Template.php(272): Magento\Framework\Filter\DirectiveProcessor\LegacyDirective->process(Array, Object(Magento\Widget\Model\Template\Filter\Interceptor), Array)
#21 C:\xampp\htdocs\caviar-web-magento2\vendor\magento\framework\Filter\Template.php(206): Magento\Framework\Filter\Template->processDirectives('{{widget type="...')
#22 C:\xampp\htdocs\caviar-web-magento2\vendor\magento\module-email\Model\Template\Filter.php(1127): Magento\Framework\Filter\Template->filter('{{widget type="...')
#23 C:\xampp\htdocs\caviar-web-magento2\vendor\magento\framework\Interception\Interceptor.php(58): Magento\Email\Model\Template\Filter->filter('{{widget type="...')
#24 C:\xampp\htdocs\caviar-web-magento2\vendor\magento\framework\Interception\Interceptor.php(138): Magento\Widget\Model\Template\Filter\Interceptor->___callParent('filter', Array)
#25 C:\xampp\htdocs\caviar-web-magento2\vendor\magento\framework\Interception\Interceptor.php(153): Magento\Widget\Model\Template\Filter\Interceptor->Magento\Framework\Interception\{closure}('{{widget type="...')
#26 C:\xampp\htdocs\caviar-web-magento2\generated\code\Magento\Widget\Model\Template\Filter\Interceptor.php(284): Magento\Widget\Model\Template\Filter\Interceptor->___callPlugins('filter', Array, Array)
#27 C:\xampp\htdocs\caviar-web-magento2\vendor\magento\module-cms\Block\Page.php(166): Magento\Widget\Model\Template\Filter\Interceptor->filter('{{widget type="...')
#28 C:\xampp\htdocs\caviar-web-magento2\vendor\magento\framework\View\Element\AbstractBlock.php(1128): Magento\Cms\Block\Page->_toHtml()
#29 C:\xampp\htdocs\caviar-web-magento2\vendor\magento\framework\View\Element\AbstractBlock.php(1132): Magento\Framework\View\Element\AbstractBlock->Magento\Framework\View\Element\{closure}()
#30 C:\xampp\htdocs\caviar-web-magento2\vendor\magento\framework\View\Element\AbstractBlock.php(676): Magento\Framework\View\Element\AbstractBlock->_loadCache()
#31 C:\xampp\htdocs\caviar-web-magento2\vendor\magento\framework\View\Layout.php(578): Magento\Framework\View\Element\AbstractBlock->toHtml()
#32 C:\xampp\htdocs\caviar-web-magento2\vendor\magento\framework\View\Layout.php(555): Magento\Framework\View\Layout->_renderBlock('cms_page')
#33 C:\xampp\htdocs\caviar-web-magento2\generated\code\Magento\Framework\View\Layout\Interceptor.php(149): Magento\Framework\View\Layout->renderNonCachedElement('cms_page')
#34 C:\xampp\htdocs\caviar-web-magento2\vendor\magento\framework\View\Layout.php(510): Magento\Framework\View\Layout\Interceptor->renderNonCachedElement('cms_page')
#35 C:\xampp\htdocs\caviar-web-magento2\generated\code\Magento\Framework\View\Layout\Interceptor.php(140): Magento\Framework\View\Layout->renderElement('cms_page', false)
#36 C:\xampp\htdocs\caviar-web-magento2\vendor\magento\framework\View\Layout.php(606): Magento\Framework\View\Layout\Interceptor->renderElement('cms_page', false)
#37 C:\xampp\htdocs\caviar-web-magento2\vendor\magento\framework\View\Layout.php(557): Magento\Framework\View\Layout->_renderContainer('content', false)
#38 C:\xampp\htdocs\caviar-web-magento2\generated\code\Magento\Framework\View\Layout\Interceptor.php(149): Magento\Framework\View\Layout->renderNonCachedElement('content')
#39 C:\xampp\htdocs\caviar-web-magento2\vendor\magento\framework\View\Layout.php(510): Magento\Framework\View\Layout\Interceptor->renderNonCachedElement('content')
#40 C:\xampp\htdocs\caviar-web-magento2\generated\code\Magento\Framework\View\Layout\Interceptor.php(140): Magento\Framework\View\Layout->renderElement('content', false)
#41 C:\xampp\htdocs\caviar-web-magento2\vendor\magento\framework\View\Layout.php(606): Magento\Framework\View\Layout\Interceptor->renderElement('content', false)
#42 C:\xampp\htdocs\caviar-web-magento2\vendor\magento\framework\View\Layout.php(557): Magento\Framework\View\Layout->_renderContainer('main', false)
#43 C:\xampp\htdocs\caviar-web-magento2\generated\code\Magento\Framework\View\Layout\Interceptor.php(149): Magento\Framework\View\Layout->renderNonCachedElement('main')
#44 C:\xampp\htdocs\caviar-web-magento2\vendor\magento\framework\View\Layout.php(510): Magento\Framework\View\Layout\Interceptor->renderNonCachedElement('main')
#45 C:\xampp\htdocs\caviar-web-magento2\generated\code\Magento\Framework\View\Layout\Interceptor.php(140): Magento\Framework\View\Layout->renderElement('main', false)
#46 C:\xampp\htdocs\caviar-web-magento2\vendor\magento\framework\View\Layout.php(606): Magento\Framework\View\Layout\Interceptor->renderElement('main', false)
#47 C:\xampp\htdocs\caviar-web-magento2\vendor\magento\framework\View\Layout.php(557): Magento\Framework\View\Layout->_renderContainer('columns', false)
#48 C:\xampp\htdocs\caviar-web-magento2\generated\code\Magento\Framework\View\Layout\Interceptor.php(149): Magento\Framework\View\Layout->renderNonCachedElement('columns')
#49 C:\xampp\htdocs\caviar-web-magento2\vendor\magento\framework\View\Layout.php(510): Magento\Framework\View\Layout\Interceptor->renderNonCachedElement('columns')
#50 C:\xampp\htdocs\caviar-web-magento2\generated\code\Magento\Framework\View\Layout\Interceptor.php(140): Magento\Framework\View\Layout->renderElement('columns', false)
#51 C:\xampp\htdocs\caviar-web-magento2\vendor\magento\framework\View\Layout.php(606): Magento\Framework\View\Layout\Interceptor->renderElement('columns', false)
#52 C:\xampp\htdocs\caviar-web-magento2\vendor\magento\framework\View\Layout.php(557): Magento\Framework\View\Layout->_renderContainer('main.content', false)
#53 C:\xampp\htdocs\caviar-web-magento2\generated\code\Magento\Framework\View\Layout\Interceptor.php(149): Magento\Framework\View\Layout->renderNonCachedElement('main.content')
#54 C:\xampp\htdocs\caviar-web-magento2\vendor\magento\framework\View\Layout.php(510): Magento\Framework\View\Layout\Interceptor->renderNonCachedElement('main.content')
#55 C:\xampp\htdocs\caviar-web-magento2\generated\code\Magento\Framework\View\Layout\Interceptor.php(140): Magento\Framework\View\Layout->renderElement('main.content', false)
#56 C:\xampp\htdocs\caviar-web-magento2\vendor\magento\framework\View\Layout.php(606): Magento\Framework\View\Layout\Interceptor->renderElement('main.content', false)
#57 C:\xampp\htdocs\caviar-web-magento2\vendor\magento\framework\View\Layout.php(557): Magento\Framework\View\Layout->_renderContainer('page.wrapper', false)
#58 C:\xampp\htdocs\caviar-web-magento2\generated\code\Magento\Framework\View\Layout\Interceptor.php(149): Magento\Framework\View\Layout->renderNonCachedElement('page.wrapper')
#59 C:\xampp\htdocs\caviar-web-magento2\vendor\magento\framework\View\Layout.php(510): Magento\Framework\View\Layout\Interceptor->renderNonCachedElement('page.wrapper')
#60 C:\xampp\htdocs\caviar-web-magento2\generated\code\Magento\Framework\View\Layout\Interceptor.php(140): Magento\Framework\View\Layout->renderElement('page.wrapper', false)
#61 C:\xampp\htdocs\caviar-web-magento2\vendor\magento\framework\View\Layout.php(606): Magento\Framework\View\Layout\Interceptor->renderElement('page.wrapper', false)
#62 C:\xampp\htdocs\caviar-web-magento2\vendor\magento\framework\View\Layout.php(557): Magento\Framework\View\Layout->_renderContainer('root', false)
#63 C:\xampp\htdocs\caviar-web-magento2\generated\code\Magento\Framework\View\Layout\Interceptor.php(149): Magento\Framework\View\Layout->renderNonCachedElement('root')
#64 C:\xampp\htdocs\caviar-web-magento2\vendor\magento\framework\View\Layout.php(510): Magento\Framework\View\Layout\Interceptor->renderNonCachedElement('root')
#65 C:\xampp\htdocs\caviar-web-magento2\generated\code\Magento\Framework\View\Layout\Interceptor.php(140): Magento\Framework\View\Layout->renderElement('root', true)
#66 C:\xampp\htdocs\caviar-web-magento2\vendor\magento\framework\View\Layout.php(975): Magento\Framework\View\Layout\Interceptor->renderElement('root')
#67 C:\xampp\htdocs\caviar-web-magento2\vendor\magento\framework\Interception\Interceptor.php(58): Magento\Framework\View\Layout->getOutput()
#68 C:\xampp\htdocs\caviar-web-magento2\vendor\magento\framework\Interception\Interceptor.php(138): Magento\Framework\View\Layout\Interceptor->___callParent('getOutput', Array)
#69 C:\xampp\htdocs\caviar-web-magento2\vendor\magento\framework\Interception\Interceptor.php(153): Magento\Framework\View\Layout\Interceptor->Magento\Framework\Interception\{closure}()
#70 C:\xampp\htdocs\caviar-web-magento2\generated\code\Magento\Framework\View\Layout\Interceptor.php(347): Magento\Framework\View\Layout\Interceptor->___callPlugins('getOutput', Array, Array)
#71 C:\xampp\htdocs\caviar-web-magento2\vendor\magento\framework\View\Result\Page.php(260): Magento\Framework\View\Layout\Interceptor->getOutput()
#72 C:\xampp\htdocs\caviar-web-magento2\vendor\magento\framework\View\Result\Layout.php(171): Magento\Framework\View\Result\Page->render(Object(Magento\Framework\App\Response\Http\Interceptor))
#73 C:\xampp\htdocs\caviar-web-magento2\vendor\magento\framework\Interception\Interceptor.php(58): Magento\Framework\View\Result\Layout->renderResult(Object(Magento\Framework\App\Response\Http\Interceptor))
#74 C:\xampp\htdocs\caviar-web-magento2\vendor\magento\framework\Interception\Interceptor.php(138): Magento\Framework\View\Result\Page\Interceptor->___callParent('renderResult', Array)
#75 C:\xampp\htdocs\caviar-web-magento2\vendor\magento\framework\Interception\Interceptor.php(153): Magento\Framework\View\Result\Page\Interceptor->Magento\Framework\Interception\{closure}(Object(Magento\Framework\App\Response\Http\Interceptor))
#76 C:\xampp\htdocs\caviar-web-magento2\generated\code\Magento\Framework\View\Result\Page\Interceptor.php(95): Magento\Framework\View\Result\Page\Interceptor->___callPlugins('renderResult', Array, Array)
#77 C:\xampp\htdocs\caviar-web-magento2\vendor\magento\framework\App\Http.php(120): Magento\Framework\View\Result\Page\Interceptor->renderResult(Object(Magento\Framework\App\Response\Http\Interceptor))
#78 C:\xampp\htdocs\caviar-web-magento2\generated\code\Magento\Framework\App\Http\Interceptor.php(23): Magento\Framework\App\Http->launch()
#79 C:\xampp\htdocs\caviar-web-magento2\vendor\magento\framework\App\Bootstrap.php(264): Magento\Framework\App\Http\Interceptor->launch()
#80 C:\xampp\htdocs\caviar-web-magento2\pub\index.php(30): Magento\Framework\App\Bootstrap->run(Object(Magento\Framework\App\Http\Interceptor))
#81 {main} {"exception":"[object] (Exception(code: 0): Warning: Undefined array key \"directiveName\" in C:\\xampp\\htdocs\\caviar-web-magento2\\vendor\\magento\\framework\\Filter\\DirectiveProcessor\\SimpleDirective.php on line 68 at C:\\xampp\\htdocs\\caviar-web-magento2\\vendor\\magento\\framework\\App\\ErrorHandler.php:62)"} []
[2025-10-06T07:08:42.485849+00:00] main.CRITICAL: Exception: Warning: Undefined array key "directiveName" in C:\xampp\htdocs\caviar-web-magento2\vendor\magento\framework\Filter\DirectiveProcessor\SimpleDirective.php on line 68 in C:\xampp\htdocs\caviar-web-magento2\vendor\magento\framework\App\ErrorHandler.php:62
Stack trace:
#0 C:\xampp\htdocs\caviar-web-magento2\vendor\magento\framework\Filter\DirectiveProcessor\SimpleDirective.php(68): Magento\Framework\App\ErrorHandler->handler(2, 'Undefined array...', 'C:\\xampp\\htdocs...', 68)
#1 C:\xampp\htdocs\caviar-web-magento2\vendor\magento\framework\Filter\DirectiveProcessor\LegacyDirective.php(47): Magento\Framework\Filter\DirectiveProcessor\SimpleDirective->process(Array, Object(Magento\Widget\Model\Template\Filter\Interceptor), Array)
#2 C:\xampp\htdocs\caviar-web-magento2\vendor\magento\framework\Filter\Template.php(272): Magento\Framework\Filter\DirectiveProcessor\LegacyDirective->process(Array, Object(Magento\Widget\Model\Template\Filter\Interceptor), Array)
#3 C:\xampp\htdocs\caviar-web-magento2\vendor\magento\framework\Filter\Template.php(206): Magento\Framework\Filter\Template->processDirectives('        <div da...')
#4 C:\xampp\htdocs\caviar-web-magento2\vendor\magento\module-email\Model\Template\Filter.php(1127): Magento\Framework\Filter\Template->filter('        <div da...')
#5 C:\xampp\htdocs\caviar-web-magento2\vendor\magento\framework\Interception\Interceptor.php(58): Magento\Email\Model\Template\Filter->filter('        <div da...')
#6 C:\xampp\htdocs\caviar-web-magento2\vendor\magento\framework\Interception\Interceptor.php(138): Magento\Widget\Model\Template\Filter\Interceptor->___callParent('filter', Array)
#7 C:\xampp\htdocs\caviar-web-magento2\vendor\magento\framework\Interception\Interceptor.php(153): Magento\Widget\Model\Template\Filter\Interceptor->Magento\Framework\Interception\{closure}('        <div da...')
#8 C:\xampp\htdocs\caviar-web-magento2\generated\code\Magento\Widget\Model\Template\Filter\Interceptor.php(284): Magento\Widget\Model\Template\Filter\Interceptor->___callPlugins('filter', Array, Array)
#9 C:\xampp\htdocs\caviar-web-magento2\vendor\goomento\module-page-builder\Block\Content.php(272): Magento\Widget\Model\Template\Filter\Interceptor->filter('        <div da...')
#10 C:\xampp\htdocs\caviar-web-magento2\vendor\magento\framework\View\Element\AbstractBlock.php(1128): Goomento\PageBuilder\Block\Content->_toHtml()
#11 C:\xampp\htdocs\caviar-web-magento2\vendor\magento\framework\View\Element\AbstractBlock.php(1132): Magento\Framework\View\Element\AbstractBlock->Magento\Framework\View\Element\{closure}()
#12 C:\xampp\htdocs\caviar-web-magento2\vendor\magento\framework\View\Element\AbstractBlock.php(676): Magento\Framework\View\Element\AbstractBlock->_loadCache()
#13 C:\xampp\htdocs\caviar-web-magento2\vendor\goomento\module-page-builder\Block\Content.php(295): Magento\Framework\View\Element\AbstractBlock->toHtml()
#14 C:\xampp\htdocs\caviar-web-magento2\vendor\magento\module-widget\Model\Template\Filter.php(156): Goomento\PageBuilder\Block\Content->toHtml()
#15 C:\xampp\htdocs\caviar-web-magento2\generated\code\Magento\Widget\Model\Template\Filter\Interceptor.php(23): Magento\Widget\Model\Template\Filter->generateWidget(Array)
#16 C:\xampp\htdocs\caviar-web-magento2\vendor\magento\module-widget\Model\Template\Filter.php(167): Magento\Widget\Model\Template\Filter\Interceptor->generateWidget(Array)
#17 C:\xampp\htdocs\caviar-web-magento2\generated\code\Magento\Widget\Model\Template\Filter\Interceptor.php(32): Magento\Widget\Model\Template\Filter->widgetDirective(Array)
#18 [internal function]: Magento\Widget\Model\Template\Filter\Interceptor->widgetDirective(Array)
#19 C:\xampp\htdocs\caviar-web-magento2\vendor\magento\framework\Filter\DirectiveProcessor\LegacyDirective.php(42): ReflectionMethod->invokeArgs(Object(Magento\Widget\Model\Template\Filter\Interceptor), Array)
#20 C:\xampp\htdocs\caviar-web-magento2\vendor\magento\framework\Filter\Template.php(272): Magento\Framework\Filter\DirectiveProcessor\LegacyDirective->process(Array, Object(Magento\Widget\Model\Template\Filter\Interceptor), Array)
#21 C:\xampp\htdocs\caviar-web-magento2\vendor\magento\framework\Filter\Template.php(206): Magento\Framework\Filter\Template->processDirectives('{{widget type="...')
#22 C:\xampp\htdocs\caviar-web-magento2\vendor\magento\module-email\Model\Template\Filter.php(1127): Magento\Framework\Filter\Template->filter('{{widget type="...')
#23 C:\xampp\htdocs\caviar-web-magento2\vendor\magento\framework\Interception\Interceptor.php(58): Magento\Email\Model\Template\Filter->filter('{{widget type="...')
#24 C:\xampp\htdocs\caviar-web-magento2\vendor\magento\framework\Interception\Interceptor.php(138): Magento\Widget\Model\Template\Filter\Interceptor->___callParent('filter', Array)
#25 C:\xampp\htdocs\caviar-web-magento2\vendor\magento\framework\Interception\Interceptor.php(153): Magento\Widget\Model\Template\Filter\Interceptor->Magento\Framework\Interception\{closure}('{{widget type="...')
#26 C:\xampp\htdocs\caviar-web-magento2\generated\code\Magento\Widget\Model\Template\Filter\Interceptor.php(284): Magento\Widget\Model\Template\Filter\Interceptor->___callPlugins('filter', Array, Array)
#27 C:\xampp\htdocs\caviar-web-magento2\vendor\magento\module-cms\Block\Page.php(166): Magento\Widget\Model\Template\Filter\Interceptor->filter('{{widget type="...')
#28 C:\xampp\htdocs\caviar-web-magento2\vendor\magento\framework\View\Element\AbstractBlock.php(1128): Magento\Cms\Block\Page->_toHtml()
#29 C:\xampp\htdocs\caviar-web-magento2\vendor\magento\framework\View\Element\AbstractBlock.php(1132): Magento\Framework\View\Element\AbstractBlock->Magento\Framework\View\Element\{closure}()
#30 C:\xampp\htdocs\caviar-web-magento2\vendor\magento\framework\View\Element\AbstractBlock.php(676): Magento\Framework\View\Element\AbstractBlock->_loadCache()
#31 C:\xampp\htdocs\caviar-web-magento2\vendor\magento\framework\View\Layout.php(578): Magento\Framework\View\Element\AbstractBlock->toHtml()
#32 C:\xampp\htdocs\caviar-web-magento2\vendor\magento\framework\View\Layout.php(555): Magento\Framework\View\Layout->_renderBlock('cms_page')
#33 C:\xampp\htdocs\caviar-web-magento2\generated\code\Magento\Framework\View\Layout\Interceptor.php(149): Magento\Framework\View\Layout->renderNonCachedElement('cms_page')
#34 C:\xampp\htdocs\caviar-web-magento2\vendor\magento\framework\View\Layout.php(510): Magento\Framework\View\Layout\Interceptor->renderNonCachedElement('cms_page')
#35 C:\xampp\htdocs\caviar-web-magento2\generated\code\Magento\Framework\View\Layout\Interceptor.php(140): Magento\Framework\View\Layout->renderElement('cms_page', false)
#36 C:\xampp\htdocs\caviar-web-magento2\vendor\magento\framework\View\Layout.php(606): Magento\Framework\View\Layout\Interceptor->renderElement('cms_page', false)
#37 C:\xampp\htdocs\caviar-web-magento2\vendor\magento\framework\View\Layout.php(557): Magento\Framework\View\Layout->_renderContainer('content', false)
#38 C:\xampp\htdocs\caviar-web-magento2\generated\code\Magento\Framework\View\Layout\Interceptor.php(149): Magento\Framework\View\Layout->renderNonCachedElement('content')
#39 C:\xampp\htdocs\caviar-web-magento2\vendor\magento\framework\View\Layout.php(510): Magento\Framework\View\Layout\Interceptor->renderNonCachedElement('content')
#40 C:\xampp\htdocs\caviar-web-magento2\generated\code\Magento\Framework\View\Layout\Interceptor.php(140): Magento\Framework\View\Layout->renderElement('content', false)
#41 C:\xampp\htdocs\caviar-web-magento2\vendor\magento\framework\View\Layout.php(606): Magento\Framework\View\Layout\Interceptor->renderElement('content', false)
#42 C:\xampp\htdocs\caviar-web-magento2\vendor\magento\framework\View\Layout.php(557): Magento\Framework\View\Layout->_renderContainer('main', false)
#43 C:\xampp\htdocs\caviar-web-magento2\generated\code\Magento\Framework\View\Layout\Interceptor.php(149): Magento\Framework\View\Layout->renderNonCachedElement('main')
#44 C:\xampp\htdocs\caviar-web-magento2\vendor\magento\framework\View\Layout.php(510): Magento\Framework\View\Layout\Interceptor->renderNonCachedElement('main')
#45 C:\xampp\htdocs\caviar-web-magento2\generated\code\Magento\Framework\View\Layout\Interceptor.php(140): Magento\Framework\View\Layout->renderElement('main', false)
#46 C:\xampp\htdocs\caviar-web-magento2\vendor\magento\framework\View\Layout.php(606): Magento\Framework\View\Layout\Interceptor->renderElement('main', false)
#47 C:\xampp\htdocs\caviar-web-magento2\vendor\magento\framework\View\Layout.php(557): Magento\Framework\View\Layout->_renderContainer('columns', false)
#48 C:\xampp\htdocs\caviar-web-magento2\generated\code\Magento\Framework\View\Layout\Interceptor.php(149): Magento\Framework\View\Layout->renderNonCachedElement('columns')
#49 C:\xampp\htdocs\caviar-web-magento2\vendor\magento\framework\View\Layout.php(510): Magento\Framework\View\Layout\Interceptor->renderNonCachedElement('columns')
#50 C:\xampp\htdocs\caviar-web-magento2\generated\code\Magento\Framework\View\Layout\Interceptor.php(140): Magento\Framework\View\Layout->renderElement('columns', false)
#51 C:\xampp\htdocs\caviar-web-magento2\vendor\magento\framework\View\Layout.php(606): Magento\Framework\View\Layout\Interceptor->renderElement('columns', false)
#52 C:\xampp\htdocs\caviar-web-magento2\vendor\magento\framework\View\Layout.php(557): Magento\Framework\View\Layout->_renderContainer('main.content', false)
#53 C:\xampp\htdocs\caviar-web-magento2\generated\code\Magento\Framework\View\Layout\Interceptor.php(149): Magento\Framework\View\Layout->renderNonCachedElement('main.content')
#54 C:\xampp\htdocs\caviar-web-magento2\vendor\magento\framework\View\Layout.php(510): Magento\Framework\View\Layout\Interceptor->renderNonCachedElement('main.content')
#55 C:\xampp\htdocs\caviar-web-magento2\generated\code\Magento\Framework\View\Layout\Interceptor.php(140): Magento\Framework\View\Layout->renderElement('main.content', false)
#56 C:\xampp\htdocs\caviar-web-magento2\vendor\magento\framework\View\Layout.php(606): Magento\Framework\View\Layout\Interceptor->renderElement('main.content', false)
#57 C:\xampp\htdocs\caviar-web-magento2\vendor\magento\framework\View\Layout.php(557): Magento\Framework\View\Layout->_renderContainer('page.wrapper', false)
#58 C:\xampp\htdocs\caviar-web-magento2\generated\code\Magento\Framework\View\Layout\Interceptor.php(149): Magento\Framework\View\Layout->renderNonCachedElement('page.wrapper')
#59 C:\xampp\htdocs\caviar-web-magento2\vendor\magento\framework\View\Layout.php(510): Magento\Framework\View\Layout\Interceptor->renderNonCachedElement('page.wrapper')
#60 C:\xampp\htdocs\caviar-web-magento2\generated\code\Magento\Framework\View\Layout\Interceptor.php(140): Magento\Framework\View\Layout->renderElement('page.wrapper', false)
#61 C:\xampp\htdocs\caviar-web-magento2\vendor\magento\framework\View\Layout.php(606): Magento\Framework\View\Layout\Interceptor->renderElement('page.wrapper', false)
#62 C:\xampp\htdocs\caviar-web-magento2\vendor\magento\framework\View\Layout.php(557): Magento\Framework\View\Layout->_renderContainer('root', false)
#63 C:\xampp\htdocs\caviar-web-magento2\generated\code\Magento\Framework\View\Layout\Interceptor.php(149): Magento\Framework\View\Layout->renderNonCachedElement('root')
#64 C:\xampp\htdocs\caviar-web-magento2\vendor\magento\framework\View\Layout.php(510): Magento\Framework\View\Layout\Interceptor->renderNonCachedElement('root')
#65 C:\xampp\htdocs\caviar-web-magento2\generated\code\Magento\Framework\View\Layout\Interceptor.php(140): Magento\Framework\View\Layout->renderElement('root', true)
#66 C:\xampp\htdocs\caviar-web-magento2\vendor\magento\framework\View\Layout.php(975): Magento\Framework\View\Layout\Interceptor->renderElement('root')
#67 C:\xampp\htdocs\caviar-web-magento2\vendor\magento\framework\Interception\Interceptor.php(58): Magento\Framework\View\Layout->getOutput()
#68 C:\xampp\htdocs\caviar-web-magento2\vendor\magento\framework\Interception\Interceptor.php(138): Magento\Framework\View\Layout\Interceptor->___callParent('getOutput', Array)
#69 C:\xampp\htdocs\caviar-web-magento2\vendor\magento\framework\Interception\Interceptor.php(153): Magento\Framework\View\Layout\Interceptor->Magento\Framework\Interception\{closure}()
#70 C:\xampp\htdocs\caviar-web-magento2\generated\code\Magento\Framework\View\Layout\Interceptor.php(347): Magento\Framework\View\Layout\Interceptor->___callPlugins('getOutput', Array, Array)
#71 C:\xampp\htdocs\caviar-web-magento2\vendor\magento\framework\View\Result\Page.php(260): Magento\Framework\View\Layout\Interceptor->getOutput()
#72 C:\xampp\htdocs\caviar-web-magento2\vendor\magento\framework\View\Result\Layout.php(171): Magento\Framework\View\Result\Page->render(Object(Magento\Framework\App\Response\Http\Interceptor))
#73 C:\xampp\htdocs\caviar-web-magento2\vendor\magento\framework\Interception\Interceptor.php(58): Magento\Framework\View\Result\Layout->renderResult(Object(Magento\Framework\App\Response\Http\Interceptor))
#74 C:\xampp\htdocs\caviar-web-magento2\vendor\magento\framework\Interception\Interceptor.php(138): Magento\Framework\View\Result\Page\Interceptor->___callParent('renderResult', Array)
#75 C:\xampp\htdocs\caviar-web-magento2\vendor\magento\framework\Interception\Interceptor.php(153): Magento\Framework\View\Result\Page\Interceptor->Magento\Framework\Interception\{closure}(Object(Magento\Framework\App\Response\Http\Interceptor))
#76 C:\xampp\htdocs\caviar-web-magento2\generated\code\Magento\Framework\View\Result\Page\Interceptor.php(95): Magento\Framework\View\Result\Page\Interceptor->___callPlugins('renderResult', Array, Array)
#77 C:\xampp\htdocs\caviar-web-magento2\vendor\magento\framework\App\Http.php(120): Magento\Framework\View\Result\Page\Interceptor->renderResult(Object(Magento\Framework\App\Response\Http\Interceptor))
#78 C:\xampp\htdocs\caviar-web-magento2\generated\code\Magento\Framework\App\Http\Interceptor.php(23): Magento\Framework\App\Http->launch()
#79 C:\xampp\htdocs\caviar-web-magento2\vendor\magento\framework\App\Bootstrap.php(264): Magento\Framework\App\Http\Interceptor->launch()
#80 C:\xampp\htdocs\caviar-web-magento2\pub\index.php(30): Magento\Framework\App\Bootstrap->run(Object(Magento\Framework\App\Http\Interceptor))
#81 {main} {"exception":"[object] (Exception(code: 0): Warning: Undefined array key \"directiveName\" in C:\\xampp\\htdocs\\caviar-web-magento2\\vendor\\magento\\framework\\Filter\\DirectiveProcessor\\SimpleDirective.php on line 68 at C:\\xampp\\htdocs\\caviar-web-magento2\\vendor\\magento\\framework\\App\\ErrorHandler.php:62)"} []
[2025-10-10T12:54:22.752721+00:00] main.CRITICAL: ReflectionException: Class "Magento\Framework\App\Http\Interceptor" does not exist in /srv/caviar/caviar-deployment/vendor/magento/framework/Code/Reader/ClassReader.php:34
Stack trace:
#0 /srv/caviar/caviar-deployment/vendor/magento/framework/Code/Reader/ClassReader.php(34): ReflectionClass->__construct()
#1 /srv/caviar/caviar-deployment/vendor/magento/framework/ObjectManager/Definition/Runtime.php(54): Magento\Framework\Code\Reader\ClassReader->getConstructor()
#2 /srv/caviar/caviar-deployment/vendor/magento/framework/ObjectManager/Factory/Dynamic/Developer.php(48): Magento\Framework\ObjectManager\Definition\Runtime->getParameters()
#3 /srv/caviar/caviar-deployment/vendor/magento/framework/ObjectManager/ObjectManager.php(56): Magento\Framework\ObjectManager\Factory\Dynamic\Developer->create()
#4 /srv/caviar/caviar-deployment/vendor/magento/framework/App/Bootstrap.php(238): Magento\Framework\ObjectManager\ObjectManager->create()
#5 /srv/caviar/caviar-deployment/pub/index.php(29): Magento\Framework\App\Bootstrap->createApplication()
#6 {main} {"exception":"[object] (ReflectionException(code: -1): Class \"Magento\\Framework\\App\\Http\\Interceptor\" does not exist at /srv/caviar/caviar-deployment/vendor/magento/framework/Code/Reader/ClassReader.php:34)"} []
[2025-10-10T12:54:23.060876+00:00] main.CRITICAL: ReflectionException: Class "Magento\Framework\App\Http\Interceptor" does not exist in /srv/caviar/caviar-deployment/vendor/magento/framework/Code/Reader/ClassReader.php:34
Stack trace:
#0 /srv/caviar/caviar-deployment/vendor/magento/framework/Code/Reader/ClassReader.php(34): ReflectionClass->__construct()
#1 /srv/caviar/caviar-deployment/vendor/magento/framework/ObjectManager/Definition/Runtime.php(54): Magento\Framework\Code\Reader\ClassReader->getConstructor()
#2 /srv/caviar/caviar-deployment/vendor/magento/framework/ObjectManager/Factory/Dynamic/Developer.php(48): Magento\Framework\ObjectManager\Definition\Runtime->getParameters()
#3 /srv/caviar/caviar-deployment/vendor/magento/framework/ObjectManager/ObjectManager.php(56): Magento\Framework\ObjectManager\Factory\Dynamic\Developer->create()
#4 /srv/caviar/caviar-deployment/vendor/magento/framework/App/Bootstrap.php(238): Magento\Framework\ObjectManager\ObjectManager->create()
#5 /srv/caviar/caviar-deployment/pub/index.php(29): Magento\Framework\App\Bootstrap->createApplication()
#6 {main} {"exception":"[object] (ReflectionException(code: -1): Class \"Magento\\Framework\\App\\Http\\Interceptor\" does not exist at /srv/caviar/caviar-deployment/vendor/magento/framework/Code/Reader/ClassReader.php:34)"} []
[2025-10-10T12:54:23.749795+00:00] main.CRITICAL: ReflectionException: Class "Magento\Framework\App\Http\Interceptor" does not exist in /srv/caviar/caviar-deployment/vendor/magento/framework/Code/Reader/ClassReader.php:34
Stack trace:
#0 /srv/caviar/caviar-deployment/vendor/magento/framework/Code/Reader/ClassReader.php(34): ReflectionClass->__construct()
#1 /srv/caviar/caviar-deployment/vendor/magento/framework/ObjectManager/Definition/Runtime.php(54): Magento\Framework\Code\Reader\ClassReader->getConstructor()
#2 /srv/caviar/caviar-deployment/vendor/magento/framework/ObjectManager/Factory/Dynamic/Developer.php(48): Magento\Framework\ObjectManager\Definition\Runtime->getParameters()
#3 /srv/caviar/caviar-deployment/vendor/magento/framework/ObjectManager/ObjectManager.php(56): Magento\Framework\ObjectManager\Factory\Dynamic\Developer->create()
#4 /srv/caviar/caviar-deployment/vendor/magento/framework/App/Bootstrap.php(238): Magento\Framework\ObjectManager\ObjectManager->create()
#5 /srv/caviar/caviar-deployment/pub/index.php(29): Magento\Framework\App\Bootstrap->createApplication()
#6 {main} {"exception":"[object] (ReflectionException(code: -1): Class \"Magento\\Framework\\App\\Http\\Interceptor\" does not exist at /srv/caviar/caviar-deployment/vendor/magento/framework/Code/Reader/ClassReader.php:34)"} []
[2025-10-10T12:54:24.592233+00:00] main.CRITICAL: ReflectionException: Class "Magento\Framework\App\Http\Interceptor" does not exist in /srv/caviar/caviar-deployment/vendor/magento/framework/Code/Reader/ClassReader.php:34
Stack trace:
#0 /srv/caviar/caviar-deployment/vendor/magento/framework/Code/Reader/ClassReader.php(34): ReflectionClass->__construct()
#1 /srv/caviar/caviar-deployment/vendor/magento/framework/ObjectManager/Definition/Runtime.php(54): Magento\Framework\Code\Reader\ClassReader->getConstructor()
#2 /srv/caviar/caviar-deployment/vendor/magento/framework/ObjectManager/Factory/Dynamic/Developer.php(48): Magento\Framework\ObjectManager\Definition\Runtime->getParameters()
#3 /srv/caviar/caviar-deployment/vendor/magento/framework/ObjectManager/ObjectManager.php(56): Magento\Framework\ObjectManager\Factory\Dynamic\Developer->create()
#4 /srv/caviar/caviar-deployment/vendor/magento/framework/App/Bootstrap.php(238): Magento\Framework\ObjectManager\ObjectManager->create()
#5 /srv/caviar/caviar-deployment/pub/index.php(29): Magento\Framework\App\Bootstrap->createApplication()
#6 {main} {"exception":"[object] (ReflectionException(code: -1): Class \"Magento\\Framework\\App\\Http\\Interceptor\" does not exist at /srv/caviar/caviar-deployment/vendor/magento/framework/Code/Reader/ClassReader.php:34)"} []
[2025-10-10T12:54:24.805051+00:00] main.CRITICAL: ReflectionException: Class "Magento\Framework\App\Http\Interceptor" does not exist in /srv/caviar/caviar-deployment/vendor/magento/framework/Code/Reader/ClassReader.php:34
Stack trace:
#0 /srv/caviar/caviar-deployment/vendor/magento/framework/Code/Reader/ClassReader.php(34): ReflectionClass->__construct()
#1 /srv/caviar/caviar-deployment/vendor/magento/framework/ObjectManager/Definition/Runtime.php(54): Magento\Framework\Code\Reader\ClassReader->getConstructor()
#2 /srv/caviar/caviar-deployment/vendor/magento/framework/ObjectManager/Factory/Dynamic/Developer.php(48): Magento\Framework\ObjectManager\Definition\Runtime->getParameters()
#3 /srv/caviar/caviar-deployment/vendor/magento/framework/ObjectManager/ObjectManager.php(56): Magento\Framework\ObjectManager\Factory\Dynamic\Developer->create()
#4 /srv/caviar/caviar-deployment/vendor/magento/framework/App/Bootstrap.php(238): Magento\Framework\ObjectManager\ObjectManager->create()
#5 /srv/caviar/caviar-deployment/pub/index.php(29): Magento\Framework\App\Bootstrap->createApplication()
#6 {main} {"exception":"[object] (ReflectionException(code: -1): Class \"Magento\\Framework\\App\\Http\\Interceptor\" does not exist at /srv/caviar/caviar-deployment/vendor/magento/framework/Code/Reader/ClassReader.php:34)"} []
[2025-10-10T12:54:25.005955+00:00] main.CRITICAL: ReflectionException: Class "Magento\Framework\App\Http\Interceptor" does not exist in /srv/caviar/caviar-deployment/vendor/magento/framework/Code/Reader/ClassReader.php:34
Stack trace:
#0 /srv/caviar/caviar-deployment/vendor/magento/framework/Code/Reader/ClassReader.php(34): ReflectionClass->__construct()
#1 /srv/caviar/caviar-deployment/vendor/magento/framework/ObjectManager/Definition/Runtime.php(54): Magento\Framework\Code\Reader\ClassReader->getConstructor()
#2 /srv/caviar/caviar-deployment/vendor/magento/framework/ObjectManager/Factory/Dynamic/Developer.php(48): Magento\Framework\ObjectManager\Definition\Runtime->getParameters()
#3 /srv/caviar/caviar-deployment/vendor/magento/framework/ObjectManager/ObjectManager.php(56): Magento\Framework\ObjectManager\Factory\Dynamic\Developer->create()
#4 /srv/caviar/caviar-deployment/vendor/magento/framework/App/Bootstrap.php(238): Magento\Framework\ObjectManager\ObjectManager->create()
#5 /srv/caviar/caviar-deployment/pub/index.php(29): Magento\Framework\App\Bootstrap->createApplication()
#6 {main} {"exception":"[object] (ReflectionException(code: -1): Class \"Magento\\Framework\\App\\Http\\Interceptor\" does not exist at /srv/caviar/caviar-deployment/vendor/magento/framework/Code/Reader/ClassReader.php:34)"} []
[2025-10-10T12:54:41.622098+00:00] main.CRITICAL: Exception: Warning: file_put_contents(/srv/caviar/caviar-deployment/var/cache//mage-tags/mage---841_CONFIG): Failed to open stream: Permission denied in /srv/caviar/caviar-deployment/vendor/colinmollenhour/cache-backend-file/File.php on line 710 in /srv/caviar/caviar-deployment/vendor/magento/framework/App/ErrorHandler.php:62
Stack trace:
#0 [internal function]: Magento\Framework\App\ErrorHandler->handler()
#1 /srv/caviar/caviar-deployment/vendor/colinmollenhour/cache-backend-file/File.php(710): file_put_contents()
#2 /srv/caviar/caviar-deployment/vendor/colinmollenhour/cache-backend-file/File.php(204): Cm_Cache_Backend_File->_updateIdsTags()
#3 /srv/caviar/caviar-deployment/vendor/magento/zend-cache/library/Zend/Cache/Core.php(390): Cm_Cache_Backend_File->save()
#4 /srv/caviar/caviar-deployment/vendor/magento/framework/Cache/Core.php(74): Zend_Cache_Core->save()
#5 /srv/caviar/caviar-deployment/vendor/magento/framework/Cache/Frontend/Adapter/Zend.php(63): Magento\Framework\Cache\Core->save()
#6 /srv/caviar/caviar-deployment/vendor/magento/framework/Cache/Frontend/Decorator/Bare.php(75): Magento\Framework\Cache\Frontend\Adapter\Zend->save()
#7 /srv/caviar/caviar-deployment/vendor/magento/framework/Cache/Frontend/Decorator/TagScope.php(52): Magento\Framework\Cache\Frontend\Decorator\Bare->save()
#8 /srv/caviar/caviar-deployment/vendor/magento/framework/Cache/Frontend/Decorator/Bare.php(75): Magento\Framework\Cache\Frontend\Decorator\TagScope->save()
#9 /srv/caviar/caviar-deployment/vendor/magento/framework/Cache/Frontend/Decorator/Bare.php(75): Magento\Framework\Cache\Frontend\Decorator\Bare->save()
#10 /srv/caviar/caviar-deployment/vendor/magento/framework/App/Cache/Type/AccessProxy.php(85): Magento\Framework\Cache\Frontend\Decorator\Bare->save()
#11 /srv/caviar/caviar-deployment/vendor/magento/framework/Cache/Frontend/Decorator/Bare.php(75): Magento\Framework\App\Cache\Type\AccessProxy->save()
#12 /srv/caviar/caviar-deployment/vendor/magento/framework/Cache/Frontend/Decorator/TagScope.php(52): Magento\Framework\Cache\Frontend\Decorator\Bare->save()
#13 /srv/caviar/caviar-deployment/vendor/magento/framework/Config/Data.php(106): Magento\Framework\Cache\Frontend\Decorator\TagScope->save()
#14 /srv/caviar/caviar-deployment/vendor/magento/framework/Config/Data.php(93): Magento\Framework\Config\Data->initData()
#15 /srv/caviar/caviar-deployment/vendor/magento/module-cron/Model/Groups/Config/Data.php(29): Magento\Framework\Config\Data->__construct()
#16 /srv/caviar/caviar-deployment/vendor/magento/framework/ObjectManager/Factory/AbstractFactory.php(121): Magento\Cron\Model\Groups\Config\Data->__construct()
#17 /srv/caviar/caviar-deployment/vendor/magento/framework/ObjectManager/Factory/Compiled.php(108): Magento\Framework\ObjectManager\Factory\AbstractFactory->createObject()
#18 /srv/caviar/caviar-deployment/vendor/magento/framework/ObjectManager/Factory/Compiled.php(150): Magento\Framework\ObjectManager\Factory\Compiled->create()
#19 /srv/caviar/caviar-deployment/vendor/magento/framework/ObjectManager/Factory/Compiled.php(79): Magento\Framework\ObjectManager\Factory\Compiled->get()
#20 /srv/caviar/caviar-deployment/vendor/magento/framework/ObjectManager/ObjectManager.php(70): Magento\Framework\ObjectManager\Factory\Compiled->create()
#21 /srv/caviar/caviar-deployment/vendor/magento/framework/Interception/PluginList/PluginList.php(173): Magento\Framework\ObjectManager\ObjectManager->get()
#22 /srv/caviar/caviar-deployment/vendor/magento/framework/Interception/Interceptor.php(144): Magento\Framework\Interception\PluginList\PluginList->getPlugin()
#23 /srv/caviar/caviar-deployment/vendor/magento/framework/Interception/Interceptor.php(153): Magento\Framework\App\Config\Initial\Converter\Interceptor->Magento\Framework\Interception\{closure}()
#24 /srv/caviar/caviar-deployment/generated/code/Magento/Framework/App/Config/Initial/Converter/Interceptor.php(23): Magento\Framework\App\Config\Initial\Converter\Interceptor->___callPlugins()
#25 /srv/caviar/caviar-deployment/vendor/magento/framework/App/Config/Initial/Reader.php(123): Magento\Framework\App\Config\Initial\Converter\Interceptor->convert()
#26 /srv/caviar/caviar-deployment/generated/code/Magento/Framework/App/Config/Initial/Reader/Proxy.php(95): Magento\Framework\App\Config\Initial\Reader->read()
#27 /srv/caviar/caviar-deployment/vendor/magento/framework/App/Config/Initial.php(56): Magento\Framework\App\Config\Initial\Reader\Proxy->read()
#28 /srv/caviar/caviar-deployment/vendor/magento/framework/ObjectManager/Factory/AbstractFactory.php(121): Magento\Framework\App\Config\Initial->__construct()
#29 /srv/caviar/caviar-deployment/vendor/magento/framework/ObjectManager/Factory/Compiled.php(108): Magento\Framework\ObjectManager\Factory\AbstractFactory->createObject()
#30 /srv/caviar/caviar-deployment/vendor/magento/framework/ObjectManager/Factory/Compiled.php(150): Magento\Framework\ObjectManager\Factory\Compiled->create()
#31 /srv/caviar/caviar-deployment/vendor/magento/framework/ObjectManager/Factory/Compiled.php(79): Magento\Framework\ObjectManager\Factory\Compiled->get()
#32 /srv/caviar/caviar-deployment/vendor/magento/framework/ObjectManager/Factory/Compiled.php(150): Magento\Framework\ObjectManager\Factory\Compiled->create()
#33 /srv/caviar/caviar-deployment/vendor/magento/framework/ObjectManager/Factory/Compiled.php(125): Magento\Framework\ObjectManager\Factory\Compiled->get()
#34 /srv/caviar/caviar-deployment/vendor/magento/framework/ObjectManager/Factory/Compiled.php(86): Magento\Framework\ObjectManager\Factory\Compiled->parseArray()
#35 /srv/caviar/caviar-deployment/vendor/magento/framework/ObjectManager/Factory/Compiled.php(150): Magento\Framework\ObjectManager\Factory\Compiled->create()
#36 /srv/caviar/caviar-deployment/vendor/magento/framework/ObjectManager/Factory/Compiled.php(79): Magento\Framework\ObjectManager\Factory\Compiled->get()
#37 /srv/caviar/caviar-deployment/vendor/magento/framework/ObjectManager/ObjectManager.php(70): Magento\Framework\ObjectManager\Factory\Compiled->create()
#38 /srv/caviar/caviar-deployment/generated/code/Magento/Config/App/Config/Type/System/Reader/Proxy.php(84): Magento\Framework\ObjectManager\ObjectManager->get()
#39 /srv/caviar/caviar-deployment/generated/code/Magento/Config/App/Config/Type/System/Reader/Proxy.php(95): Magento\Config\App\Config\Type\System\Reader\Proxy->_getSubject()
#40 /srv/caviar/caviar-deployment/vendor/magento/module-config/App/Config/Type/System.php(395): Magento\Config\App\Config\Type\System\Reader\Proxy->read()
#41 /srv/caviar/caviar-deployment/vendor/magento/framework/Cache/LockGuardedCacheLoader.php(136): Magento\Config\App\Config\Type\System->readData()
#42 /srv/caviar/caviar-deployment/vendor/magento/module-config/App/Config/Type/System.php(277): Magento\Framework\Cache\LockGuardedCacheLoader->lockedLoadData()
#43 /srv/caviar/caviar-deployment/vendor/magento/module-config/App/Config/Type/System.php(207): Magento\Config\App\Config\Type\System->loadDefaultScopeData()
#44 /srv/caviar/caviar-deployment/vendor/magento/module-config/App/Config/Type/System.php(181): Magento\Config\App\Config\Type\System->getWithParts()
#45 /srv/caviar/caviar-deployment/vendor/magento/framework/App/Config.php(132): Magento\Config\App\Config\Type\System->get()
#46 /srv/caviar/caviar-deployment/vendor/magento/framework/App/Config.php(80): Magento\Framework\App\Config->get()
#47 /srv/caviar/caviar-deployment/vendor/magento/framework/App/Config.php(93): Magento\Framework\App\Config->getValue()
#48 /srv/caviar/caviar-deployment/vendor/magento/module-new-relic-reporting/Model/Config.php(94): Magento\Framework\App\Config->isSetFlag()
#49 /srv/caviar/caviar-deployment/vendor/magento/module-new-relic-reporting/Plugin/HttpPlugin.php(49): Magento\NewRelicReporting\Model\Config->isNewRelicEnabled()
#50 /srv/caviar/caviar-deployment/vendor/magento/framework/Interception/Interceptor.php(121): Magento\NewRelicReporting\Plugin\HttpPlugin->beforeCatchException()
#51 /srv/caviar/caviar-deployment/vendor/magento/framework/Interception/Interceptor.php(153): Magento\Framework\App\Http\Interceptor->Magento\Framework\Interception\{closure}()
#52 /srv/caviar/caviar-deployment/generated/code/Magento/Framework/App/Http/Interceptor.php(23): Magento\Framework\App\Http\Interceptor->___callPlugins()
#53 /srv/caviar/caviar-deployment/vendor/magento/framework/App/Bootstrap.php(270): Magento\Framework\App\Http\Interceptor->catchException()
#54 /srv/caviar/caviar-deployment/pub/index.php(30): Magento\Framework\App\Bootstrap->run()
#55 {main} {"exception":"[object] (Exception(code: 0): Warning: file_put_contents(/srv/caviar/caviar-deployment/var/cache//mage-tags/mage---841_CONFIG): Failed to open stream: Permission denied in /srv/caviar/caviar-deployment/vendor/colinmollenhour/cache-backend-file/File.php on line 710 at /srv/caviar/caviar-deployment/vendor/magento/framework/App/ErrorHandler.php:62)"} []
[2025-10-10T12:54:41.754853+00:00] main.CRITICAL: Exception: Warning: file_put_contents(/srv/caviar/caviar-deployment/var/cache//mage-tags/mage---841_CONFIG): Failed to open stream: Permission denied in /srv/caviar/caviar-deployment/vendor/colinmollenhour/cache-backend-file/File.php on line 710 in /srv/caviar/caviar-deployment/vendor/magento/framework/App/ErrorHandler.php:62
Stack trace:
#0 [internal function]: Magento\Framework\App\ErrorHandler->handler()
#1 /srv/caviar/caviar-deployment/vendor/colinmollenhour/cache-backend-file/File.php(710): file_put_contents()
#2 /srv/caviar/caviar-deployment/vendor/colinmollenhour/cache-backend-file/File.php(204): Cm_Cache_Backend_File->_updateIdsTags()
#3 /srv/caviar/caviar-deployment/vendor/magento/zend-cache/library/Zend/Cache/Core.php(390): Cm_Cache_Backend_File->save()
#4 /srv/caviar/caviar-deployment/vendor/magento/framework/Cache/Core.php(74): Zend_Cache_Core->save()
#5 /srv/caviar/caviar-deployment/vendor/magento/framework/Cache/Frontend/Adapter/Zend.php(63): Magento\Framework\Cache\Core->save()
#6 /srv/caviar/caviar-deployment/vendor/magento/framework/Cache/Frontend/Decorator/Bare.php(75): Magento\Framework\Cache\Frontend\Adapter\Zend->save()
#7 /srv/caviar/caviar-deployment/vendor/magento/framework/Cache/Frontend/Decorator/TagScope.php(52): Magento\Framework\Cache\Frontend\Decorator\Bare->save()
#8 /srv/caviar/caviar-deployment/vendor/magento/framework/Cache/Frontend/Decorator/Bare.php(75): Magento\Framework\Cache\Frontend\Decorator\TagScope->save()
#9 /srv/caviar/caviar-deployment/vendor/magento/framework/Cache/Frontend/Decorator/Bare.php(75): Magento\Framework\Cache\Frontend\Decorator\Bare->save()
#10 /srv/caviar/caviar-deployment/vendor/magento/framework/App/Cache/Type/AccessProxy.php(85): Magento\Framework\Cache\Frontend\Decorator\Bare->save()
#11 /srv/caviar/caviar-deployment/vendor/magento/framework/Cache/Frontend/Decorator/Bare.php(75): Magento\Framework\App\Cache\Type\AccessProxy->save()
#12 /srv/caviar/caviar-deployment/vendor/magento/framework/Cache/Frontend/Decorator/TagScope.php(52): Magento\Framework\Cache\Frontend\Decorator\Bare->save()
#13 /srv/caviar/caviar-deployment/vendor/magento/framework/App/Config/Initial.php(57): Magento\Framework\Cache\Frontend\Decorator\TagScope->save()
#14 /srv/caviar/caviar-deployment/vendor/magento/framework/ObjectManager/Factory/AbstractFactory.php(121): Magento\Framework\App\Config\Initial->__construct()
#15 /srv/caviar/caviar-deployment/vendor/magento/framework/ObjectManager/Factory/Compiled.php(108): Magento\Framework\ObjectManager\Factory\AbstractFactory->createObject()
#16 /srv/caviar/caviar-deployment/vendor/magento/framework/ObjectManager/Factory/Compiled.php(150): Magento\Framework\ObjectManager\Factory\Compiled->create()
#17 /srv/caviar/caviar-deployment/vendor/magento/framework/ObjectManager/Factory/Compiled.php(79): Magento\Framework\ObjectManager\Factory\Compiled->get()
#18 /srv/caviar/caviar-deployment/vendor/magento/framework/ObjectManager/Factory/Compiled.php(150): Magento\Framework\ObjectManager\Factory\Compiled->create()
#19 /srv/caviar/caviar-deployment/vendor/magento/framework/ObjectManager/Factory/Compiled.php(125): Magento\Framework\ObjectManager\Factory\Compiled->get()
#20 /srv/caviar/caviar-deployment/vendor/magento/framework/ObjectManager/Factory/Compiled.php(86): Magento\Framework\ObjectManager\Factory\Compiled->parseArray()
#21 /srv/caviar/caviar-deployment/vendor/magento/framework/ObjectManager/Factory/Compiled.php(150): Magento\Framework\ObjectManager\Factory\Compiled->create()
#22 /srv/caviar/caviar-deployment/vendor/magento/framework/ObjectManager/Factory/Compiled.php(79): Magento\Framework\ObjectManager\Factory\Compiled->get()
#23 /srv/caviar/caviar-deployment/vendor/magento/framework/ObjectManager/ObjectManager.php(70): Magento\Framework\ObjectManager\Factory\Compiled->create()
#24 /srv/caviar/caviar-deployment/generated/code/Magento/Config/App/Config/Type/System/Reader/Proxy.php(84): Magento\Framework\ObjectManager\ObjectManager->get()
#25 /srv/caviar/caviar-deployment/generated/code/Magento/Config/App/Config/Type/System/Reader/Proxy.php(95): Magento\Config\App\Config\Type\System\Reader\Proxy->_getSubject()
#26 /srv/caviar/caviar-deployment/vendor/magento/module-config/App/Config/Type/System.php(395): Magento\Config\App\Config\Type\System\Reader\Proxy->read()
#27 /srv/caviar/caviar-deployment/vendor/magento/framework/Cache/LockGuardedCacheLoader.php(136): Magento\Config\App\Config\Type\System->readData()
#28 /srv/caviar/caviar-deployment/vendor/magento/module-config/App/Config/Type/System.php(277): Magento\Framework\Cache\LockGuardedCacheLoader->lockedLoadData()
#29 /srv/caviar/caviar-deployment/vendor/magento/module-config/App/Config/Type/System.php(207): Magento\Config\App\Config\Type\System->loadDefaultScopeData()
#30 /srv/caviar/caviar-deployment/vendor/magento/module-config/App/Config/Type/System.php(181): Magento\Config\App\Config\Type\System->getWithParts()
#31 /srv/caviar/caviar-deployment/vendor/magento/framework/App/Config.php(132): Magento\Config\App\Config\Type\System->get()
#32 /srv/caviar/caviar-deployment/vendor/magento/framework/App/Config.php(80): Magento\Framework\App\Config->get()
#33 /srv/caviar/caviar-deployment/vendor/magento/framework/App/Config.php(93): Magento\Framework\App\Config->getValue()
#34 /srv/caviar/caviar-deployment/vendor/magento/module-new-relic-reporting/Model/Config.php(94): Magento\Framework\App\Config->isSetFlag()
#35 /srv/caviar/caviar-deployment/vendor/magento/module-new-relic-reporting/Plugin/HttpPlugin.php(49): Magento\NewRelicReporting\Model\Config->isNewRelicEnabled()
#36 /srv/caviar/caviar-deployment/vendor/magento/framework/Interception/Interceptor.php(121): Magento\NewRelicReporting\Plugin\HttpPlugin->beforeCatchException()
#37 /srv/caviar/caviar-deployment/vendor/magento/framework/Interception/Interceptor.php(153): Magento\Framework\App\Http\Interceptor->Magento\Framework\Interception\{closure}()
#38 /srv/caviar/caviar-deployment/generated/code/Magento/Framework/App/Http/Interceptor.php(23): Magento\Framework\App\Http\Interceptor->___callPlugins()
#39 /srv/caviar/caviar-deployment/vendor/magento/framework/App/Bootstrap.php(270): Magento\Framework\App\Http\Interceptor->catchException()
#40 /srv/caviar/caviar-deployment/pub/index.php(30): Magento\Framework\App\Bootstrap->run()
#41 {main} {"exception":"[object] (Exception(code: 0): Warning: file_put_contents(/srv/caviar/caviar-deployment/var/cache//mage-tags/mage---841_CONFIG): Failed to open stream: Permission denied in /srv/caviar/caviar-deployment/vendor/colinmollenhour/cache-backend-file/File.php on line 710 at /srv/caviar/caviar-deployment/vendor/magento/framework/App/ErrorHandler.php:62)"} []
[2025-10-10T12:55:09.104762+00:00] main.CRITICAL: Exception: Warning: file_put_contents(/srv/caviar/caviar-deployment/var/cache//mage-tags/mage---841_CONFIG): Failed to open stream: Permission denied in /srv/caviar/caviar-deployment/vendor/colinmollenhour/cache-backend-file/File.php on line 710 in /srv/caviar/caviar-deployment/vendor/magento/framework/App/ErrorHandler.php:62
Stack trace:
#0 [internal function]: Magento\Framework\App\ErrorHandler->handler()
#1 /srv/caviar/caviar-deployment/vendor/colinmollenhour/cache-backend-file/File.php(710): file_put_contents()
#2 /srv/caviar/caviar-deployment/vendor/colinmollenhour/cache-backend-file/File.php(204): Cm_Cache_Backend_File->_updateIdsTags()
#3 /srv/caviar/caviar-deployment/vendor/magento/zend-cache/library/Zend/Cache/Core.php(390): Cm_Cache_Backend_File->save()
#4 /srv/caviar/caviar-deployment/vendor/magento/framework/Cache/Core.php(74): Zend_Cache_Core->save()
#5 /srv/caviar/caviar-deployment/vendor/magento/framework/Cache/Frontend/Adapter/Zend.php(63): Magento\Framework\Cache\Core->save()
#6 /srv/caviar/caviar-deployment/vendor/magento/framework/Cache/Frontend/Decorator/Bare.php(75): Magento\Framework\Cache\Frontend\Adapter\Zend->save()
#7 /srv/caviar/caviar-deployment/vendor/magento/framework/Cache/Frontend/Decorator/TagScope.php(52): Magento\Framework\Cache\Frontend\Decorator\Bare->save()
#8 /srv/caviar/caviar-deployment/vendor/magento/framework/Cache/Frontend/Decorator/Bare.php(75): Magento\Framework\Cache\Frontend\Decorator\TagScope->save()
#9 /srv/caviar/caviar-deployment/vendor/magento/framework/Cache/Frontend/Decorator/Bare.php(75): Magento\Framework\Cache\Frontend\Decorator\Bare->save()
#10 /srv/caviar/caviar-deployment/vendor/magento/framework/App/Cache/Type/AccessProxy.php(85): Magento\Framework\Cache\Frontend\Decorator\Bare->save()
#11 /srv/caviar/caviar-deployment/vendor/magento/framework/Cache/Frontend/Decorator/Bare.php(75): Magento\Framework\App\Cache\Type\AccessProxy->save()
#12 /srv/caviar/caviar-deployment/vendor/magento/framework/Cache/Frontend/Decorator/TagScope.php(52): Magento\Framework\Cache\Frontend\Decorator\Bare->save()
#13 /srv/caviar/caviar-deployment/vendor/magento/framework/Config/Data.php(106): Magento\Framework\Cache\Frontend\Decorator\TagScope->save()
#14 /srv/caviar/caviar-deployment/vendor/magento/framework/Config/Data.php(93): Magento\Framework\Config\Data->initData()
#15 /srv/caviar/caviar-deployment/vendor/magento/module-catalog/Model/ProductOptions/Config.php(30): Magento\Framework\Config\Data->__construct()
#16 /srv/caviar/caviar-deployment/vendor/magento/framework/ObjectManager/Factory/AbstractFactory.php(121): Magento\Catalog\Model\ProductOptions\Config->__construct()
#17 /srv/caviar/caviar-deployment/vendor/magento/framework/ObjectManager/Factory/Compiled.php(108): Magento\Framework\ObjectManager\Factory\AbstractFactory->createObject()
#18 /srv/caviar/caviar-deployment/vendor/magento/framework/ObjectManager/Factory/Compiled.php(150): Magento\Framework\ObjectManager\Factory\Compiled->create()
#19 /srv/caviar/caviar-deployment/vendor/magento/framework/ObjectManager/Factory/Compiled.php(79): Magento\Framework\ObjectManager\Factory\Compiled->get()
#20 /srv/caviar/caviar-deployment/vendor/magento/framework/ObjectManager/Factory/Compiled.php(150): Magento\Framework\ObjectManager\Factory\Compiled->create()
#21 /srv/caviar/caviar-deployment/vendor/magento/framework/ObjectManager/Factory/Compiled.php(125): Magento\Framework\ObjectManager\Factory\Compiled->get()
#22 /srv/caviar/caviar-deployment/vendor/magento/framework/ObjectManager/Factory/Compiled.php(86): Magento\Framework\ObjectManager\Factory\Compiled->parseArray()
#23 /srv/caviar/caviar-deployment/vendor/magento/framework/ObjectManager/Factory/Compiled.php(150): Magento\Framework\ObjectManager\Factory\Compiled->create()
#24 /srv/caviar/caviar-deployment/vendor/magento/framework/ObjectManager/Factory/Compiled.php(79): Magento\Framework\ObjectManager\Factory\Compiled->get()
#25 /srv/caviar/caviar-deployment/vendor/magento/framework/ObjectManager/ObjectManager.php(56): Magento\Framework\ObjectManager\Factory\Compiled->create()
#26 /srv/caviar/caviar-deployment/generated/code/Magento/Catalog/Model/Product/OptionFactory.php(43): Magento\Framework\ObjectManager\ObjectManager->create()
#27 /srv/caviar/caviar-deployment/vendor/magento/module-catalog/Model/ResourceModel/Product/Collection.php(1651): Magento\Catalog\Model\Product\OptionFactory->create()
#28 /srv/caviar/caviar-deployment/vendor/magento/module-quote/Model/ResourceModel/Quote/Item/Collection.php(255): Magento\Catalog\Model\ResourceModel\Product\Collection->addOptionsToResult()
#29 /srv/caviar/caviar-deployment/vendor/magento/module-quote/Model/ResourceModel/Quote/Item/Collection.php(214): Magento\Quote\Model\ResourceModel\Quote\Item\Collection->_assignProducts()
#30 /srv/caviar/caviar-deployment/vendor/magento/framework/Data/Collection/AbstractDb.php(594): Magento\Quote\Model\ResourceModel\Quote\Item\Collection->_afterLoad()
#31 /srv/caviar/caviar-deployment/vendor/magento/framework/Data/Collection/AbstractDb.php(565): Magento\Framework\Data\Collection\AbstractDb->loadWithFilter()
#32 /srv/caviar/caviar-deployment/vendor/magento/framework/Data/Collection.php(840): Magento\Framework\Data\Collection\AbstractDb->load()
#33 /srv/caviar/caviar-deployment/vendor/magento/module-quote/Model/Quote.php(1451): Magento\Framework\Data\Collection->getIterator()
#34 /srv/caviar/caviar-deployment/vendor/magento/module-quote/Model/QuoteRepository/LoadHandler.php(46): Magento\Quote\Model\Quote->getAllVisibleItems()
#35 /srv/caviar/caviar-deployment/vendor/magento/module-quote/Model/QuoteRepository.php(138): Magento\Quote\Model\QuoteRepository\LoadHandler->load()
#36 /srv/caviar/caviar-deployment/vendor/magento/framework/Interception/Interceptor.php(58): Magento\Quote\Model\QuoteRepository->get()
#37 /srv/caviar/caviar-deployment/vendor/magento/framework/Interception/Interceptor.php(138): Magento\Quote\Model\QuoteRepository\Interceptor->___callParent()
#38 /srv/caviar/caviar-deployment/vendor/magento/framework/Interception/Interceptor.php(153): Magento\Quote\Model\QuoteRepository\Interceptor->Magento\Framework\Interception\{closure}()
#39 /srv/caviar/caviar-deployment/generated/code/Magento/Quote/Model/QuoteRepository/Interceptor.php(23): Magento\Quote\Model\QuoteRepository\Interceptor->___callPlugins()
#40 /srv/caviar/caviar-deployment/vendor/magento/module-quote/Model/QuoteRepository.php(168): Magento\Quote\Model\QuoteRepository\Interceptor->get()
#41 /srv/caviar/caviar-deployment/generated/code/Magento/Quote/Model/QuoteRepository/Interceptor.php(32): Magento\Quote\Model\QuoteRepository->getActive()
#42 /srv/caviar/caviar-deployment/vendor/magento/module-persistent/Observer/CheckExpirePersistentQuoteObserver.php(194): Magento\Quote\Model\QuoteRepository\Interceptor->getActive()
#43 /srv/caviar/caviar-deployment/vendor/magento/module-persistent/Observer/CheckExpirePersistentQuoteObserver.php(164): Magento\Persistent\Observer\CheckExpirePersistentQuoteObserver->isActiveQuote()
#44 /srv/caviar/caviar-deployment/vendor/magento/module-persistent/Observer/CheckExpirePersistentQuoteObserver.php(130): Magento\Persistent\Observer\CheckExpirePersistentQuoteObserver->isPersistentQuoteOutdated()
#45 /srv/caviar/caviar-deployment/vendor/magento/framework/Event/Invoker/InvokerDefault.php(88): Magento\Persistent\Observer\CheckExpirePersistentQuoteObserver->execute()
#46 /srv/caviar/caviar-deployment/vendor/magento/framework/Event/Invoker/InvokerDefault.php(74): Magento\Framework\Event\Invoker\InvokerDefault->_callObserverMethod()
#47 /srv/caviar/caviar-deployment/vendor/magento/framework/Event/Manager.php(65): Magento\Framework\Event\Invoker\InvokerDefault->dispatch()
#48 /srv/caviar/caviar-deployment/generated/code/Magento/Framework/Event/Manager/Proxy.php(95): Magento\Framework\Event\Manager->dispatch()
#49 /srv/caviar/caviar-deployment/vendor/magento/framework/App/FrontController.php(271): Magento\Framework\Event\Manager\Proxy->dispatch()
#50 /srv/caviar/caviar-deployment/vendor/magento/framework/App/FrontController.php(211): Magento\Framework\App\FrontController->dispatchPreDispatchEvents()
#51 /srv/caviar/caviar-deployment/vendor/magento/framework/App/FrontController.php(146): Magento\Framework\App\FrontController->processRequest()
#52 /srv/caviar/caviar-deployment/vendor/magento/framework/Interception/Interceptor.php(58): Magento\Framework\App\FrontController->dispatch()
#53 /srv/caviar/caviar-deployment/vendor/magento/framework/Interception/Interceptor.php(138): Magento\Framework\App\FrontController\Interceptor->___callParent()
#54 /srv/caviar/caviar-deployment/vendor/magento/module-store/App/FrontController/Plugin/RequestPreprocessor.php(99): Magento\Framework\App\FrontController\Interceptor->Magento\Framework\Interception\{closure}()
#55 /srv/caviar/caviar-deployment/vendor/magento/framework/Interception/Interceptor.php(135): Magento\Store\App\FrontController\Plugin\RequestPreprocessor->aroundDispatch()
#56 /srv/caviar/caviar-deployment/vendor/magento/module-page-cache/Model/App/FrontController/BuiltinPlugin.php(71): Magento\Framework\App\FrontController\Interceptor->Magento\Framework\Interception\{closure}()
#57 /srv/caviar/caviar-deployment/vendor/magento/framework/Interception/Interceptor.php(135): Magento\PageCache\Model\App\FrontController\BuiltinPlugin->aroundDispatch()
#58 /srv/caviar/caviar-deployment/vendor/magento/framework/Interception/Interceptor.php(153): Magento\Framework\App\FrontController\Interceptor->Magento\Framework\Interception\{closure}()
#59 /srv/caviar/caviar-deployment/generated/code/Magento/Framework/App/FrontController/Interceptor.php(23): Magento\Framework\App\FrontController\Interceptor->___callPlugins()
#60 /srv/caviar/caviar-deployment/vendor/magento/framework/App/Http.php(116): Magento\Framework\App\FrontController\Interceptor->dispatch()
#61 /srv/caviar/caviar-deployment/vendor/magento/framework/App/Bootstrap.php(264): Magento\Framework\App\Http->launch()
#62 /srv/caviar/caviar-deployment/pub/index.php(30): Magento\Framework\App\Bootstrap->run()
#63 {main} {"report_id":"e45da69a977cf319ba4cb70714943ff241c0e38b4f60c66001c44b8b3b0a6f41","exception":"[object] (Exception(code: 0): Warning: file_put_contents(/srv/caviar/caviar-deployment/var/cache//mage-tags/mage---841_CONFIG): Failed to open stream: Permission denied in /srv/caviar/caviar-deployment/vendor/colinmollenhour/cache-backend-file/File.php on line 710 at /srv/caviar/caviar-deployment/vendor/magento/framework/App/ErrorHandler.php:62)"} []
[2025-10-10T13:54:00.933098+00:00] main.CRITICAL: Elasticsearch\Common\Exceptions\NoNodesAvailableException: No alive nodes found in your cluster in /srv/caviar/caviar-deployment/vendor/elasticsearch/elasticsearch/src/Elasticsearch/ConnectionPool/StaticNoPingConnectionPool.php:64
Stack trace:
#0 /srv/caviar/caviar-deployment/vendor/elasticsearch/elasticsearch/src/Elasticsearch/Transport.php(82): Elasticsearch\ConnectionPool\StaticNoPingConnectionPool->nextConnection()
#1 /srv/caviar/caviar-deployment/vendor/elasticsearch/elasticsearch/src/Elasticsearch/Transport.php(99): Elasticsearch\Transport->getConnection()
#2 /srv/caviar/caviar-deployment/vendor/elasticsearch/elasticsearch/src/Elasticsearch/Connections/Connection.php(296): Elasticsearch\Transport->performRequest()
#3 /srv/caviar/caviar-deployment/vendor/react/promise/src/Internal/FulfilledPromise.php(47): Elasticsearch\Connections\Connection->Elasticsearch\Connections\{closure}()
#4 /srv/caviar/caviar-deployment/vendor/ezimuel/ringphp/src/Future/CompletedFutureValue.php(66): React\Promise\Internal\FulfilledPromise->then()
#5 /srv/caviar/caviar-deployment/vendor/ezimuel/ringphp/src/Core.php(341): GuzzleHttp\Ring\Future\CompletedFutureValue->then()
#6 /srv/caviar/caviar-deployment/vendor/elasticsearch/elasticsearch/src/Elasticsearch/Connections/Connection.php(264): GuzzleHttp\Ring\Core::proxy()
#7 /srv/caviar/caviar-deployment/vendor/elasticsearch/elasticsearch/src/Elasticsearch/Connections/Connection.php(241): Elasticsearch\Connections\Connection->Elasticsearch\Connections\{closure}()
#8 /srv/caviar/caviar-deployment/vendor/elasticsearch/elasticsearch/src/Elasticsearch/Transport.php(109): Elasticsearch\Connections\Connection->performRequest()
#9 /srv/caviar/caviar-deployment/vendor/elasticsearch/elasticsearch/src/Elasticsearch/Client.php(1924): Elasticsearch\Transport->performRequest()
#10 /srv/caviar/caviar-deployment/vendor/elasticsearch/elasticsearch/src/Elasticsearch/Client.php(1353): Elasticsearch\Client->performRequest()
#11 /srv/caviar/caviar-deployment/vendor/magento/module-elasticsearch-7/Model/Client/Elasticsearch.php(338): Elasticsearch\Client->search()
#12 /srv/caviar/caviar-deployment/vendor/magento/module-elasticsearch-7/SearchAdapter/Adapter.php(117): Magento\Elasticsearch7\Model\Client\Elasticsearch->query()
#13 /srv/caviar/caviar-deployment/vendor/magento/module-search/Model/SearchEngine.php(42): Magento\Elasticsearch7\SearchAdapter\Adapter->query()
#14 /srv/caviar/caviar-deployment/vendor/magento/framework/Search/Search.php(85): Magento\Search\Model\SearchEngine->search()
#15 /srv/caviar/caviar-deployment/vendor/magento/module-catalog-search/Model/ResourceModel/Fulltext/Collection.php(464): Magento\Framework\Search\Search->search()
#16 /srv/caviar/caviar-deployment/vendor/magento/framework/Data/Collection/AbstractDb.php(343): Magento\CatalogSearch\Model\ResourceModel\Fulltext\Collection->_renderFiltersBefore()
#17 /srv/caviar/caviar-deployment/vendor/magento/module-catalog-search/Model/ResourceModel/Fulltext/Collection.php(582): Magento\Framework\Data\Collection\AbstractDb->_renderFilters()
#18 /srv/caviar/caviar-deployment/vendor/magento/module-eav/Model/Entity/Collection/AbstractCollection.php(929): Magento\CatalogSearch\Model\ResourceModel\Fulltext\Collection->_renderFilters()
#19 /srv/caviar/caviar-deployment/vendor/magento/module-catalog/Model/ResourceModel/Product/Collection.php(801): Magento\Eav\Model\Entity\Collection\AbstractCollection->load()
#20 /srv/caviar/caviar-deployment/vendor/magento/framework/Interception/Interceptor.php(58): Magento\Catalog\Model\ResourceModel\Product\Collection->load()
#21 /srv/caviar/caviar-deployment/vendor/magento/framework/Interception/Interceptor.php(138): Magento\CatalogSearch\Model\ResourceModel\Fulltext\Collection\Interceptor->___callParent()
#22 /srv/caviar/caviar-deployment/vendor/magento/framework/Interception/Interceptor.php(153): Magento\CatalogSearch\Model\ResourceModel\Fulltext\Collection\Interceptor->Magento\Framework\Interception\{closure}()
#23 /srv/caviar/caviar-deployment/generated/code/Magento/CatalogSearch/Model/ResourceModel/Fulltext/Collection/Interceptor.php(41): Magento\CatalogSearch\Model\ResourceModel\Fulltext\Collection\Interceptor->___callPlugins()
#24 /srv/caviar/caviar-deployment/vendor/magento/module-catalog/Block/Product/ListProduct.php(199): Magento\CatalogSearch\Model\ResourceModel\Fulltext\Collection\Interceptor->load()
#25 /srv/caviar/caviar-deployment/vendor/magento/framework/View/Element/AbstractBlock.php(1127): Magento\Catalog\Block\Product\ListProduct->_beforeToHtml()
#26 /srv/caviar/caviar-deployment/vendor/magento/framework/View/Element/AbstractBlock.php(1132): Magento\Framework\View\Element\AbstractBlock->Magento\Framework\View\Element\{closure}()
#27 /srv/caviar/caviar-deployment/vendor/magento/framework/View/Element/AbstractBlock.php(676): Magento\Framework\View\Element\AbstractBlock->_loadCache()
#28 /srv/caviar/caviar-deployment/vendor/magento/framework/View/Layout.php(578): Magento\Framework\View\Element\AbstractBlock->toHtml()
#29 /srv/caviar/caviar-deployment/vendor/magento/framework/View/Layout.php(555): Magento\Framework\View\Layout->_renderBlock()
#30 /srv/caviar/caviar-deployment/vendor/magento/framework/View/Layout.php(510): Magento\Framework\View\Layout->renderNonCachedElement()
#31 /srv/caviar/caviar-deployment/vendor/magento/framework/View/Element/AbstractBlock.php(523): Magento\Framework\View\Layout->renderElement()
#32 /srv/caviar/caviar-deployment/vendor/magento/module-catalog/Block/Category/View.php(100): Magento\Framework\View\Element\AbstractBlock->getChildHtml()
#33 /srv/caviar/caviar-deployment/vendor/magento/module-catalog/view/frontend/templates/category/products.phtml(15): Magento\Catalog\Block\Category\View->getProductListHtml()
#34 /srv/caviar/caviar-deployment/vendor/magento/framework/View/TemplateEngine/Php.php(71): include('...')
#35 /srv/caviar/caviar-deployment/vendor/magento/framework/View/Element/Template.php(263): Magento\Framework\View\TemplateEngine\Php->render()
#36 /srv/caviar/caviar-deployment/vendor/magento/framework/View/Element/Template.php(293): Magento\Framework\View\Element\Template->fetchView()
#37 /srv/caviar/caviar-deployment/vendor/magento/framework/View/Element/AbstractBlock.php(1128): Magento\Framework\View\Element\Template->_toHtml()
#38 /srv/caviar/caviar-deployment/vendor/magento/framework/View/Element/AbstractBlock.php(1132): Magento\Framework\View\Element\AbstractBlock->Magento\Framework\View\Element\{closure}()
#39 /srv/caviar/caviar-deployment/vendor/magento/framework/View/Element/AbstractBlock.php(676): Magento\Framework\View\Element\AbstractBlock->_loadCache()
#40 /srv/caviar/caviar-deployment/vendor/magento/framework/View/Layout.php(578): Magento\Framework\View\Element\AbstractBlock->toHtml()
#41 /srv/caviar/caviar-deployment/vendor/magento/framework/View/Layout.php(555): Magento\Framework\View\Layout->_renderBlock()
#42 /srv/caviar/caviar-deployment/vendor/magento/framework/View/Layout.php(510): Magento\Framework\View\Layout->renderNonCachedElement()
#43 /srv/caviar/caviar-deployment/vendor/magento/framework/View/Layout.php(606): Magento\Framework\View\Layout->renderElement()
#44 /srv/caviar/caviar-deployment/vendor/magento/framework/View/Layout.php(557): Magento\Framework\View\Layout->_renderContainer()
#45 /srv/caviar/caviar-deployment/vendor/magento/framework/View/Layout.php(510): Magento\Framework\View\Layout->renderNonCachedElement()
#46 /srv/caviar/caviar-deployment/vendor/magento/framework/View/Layout.php(606): Magento\Framework\View\Layout->renderElement()
#47 /srv/caviar/caviar-deployment/vendor/magento/framework/View/Layout.php(557): Magento\Framework\View\Layout->_renderContainer()
#48 /srv/caviar/caviar-deployment/vendor/magento/framework/View/Layout.php(510): Magento\Framework\View\Layout->renderNonCachedElement()
#49 /srv/caviar/caviar-deployment/vendor/magento/framework/View/Layout.php(606): Magento\Framework\View\Layout->renderElement()
#50 /srv/caviar/caviar-deployment/vendor/magento/framework/View/Layout.php(557): Magento\Framework\View\Layout->_renderContainer()
#51 /srv/caviar/caviar-deployment/vendor/magento/framework/View/Layout.php(510): Magento\Framework\View\Layout->renderNonCachedElement()
#52 /srv/caviar/caviar-deployment/vendor/magento/framework/View/Layout.php(606): Magento\Framework\View\Layout->renderElement()
#53 /srv/caviar/caviar-deployment/vendor/magento/framework/View/Layout.php(557): Magento\Framework\View\Layout->_renderContainer()
#54 /srv/caviar/caviar-deployment/vendor/magento/framework/View/Layout.php(510): Magento\Framework\View\Layout->renderNonCachedElement()
#55 /srv/caviar/caviar-deployment/vendor/magento/framework/View/Layout.php(606): Magento\Framework\View\Layout->renderElement()
#56 /srv/caviar/caviar-deployment/vendor/magento/framework/View/Layout.php(557): Magento\Framework\View\Layout->_renderContainer()
#57 /srv/caviar/caviar-deployment/vendor/magento/framework/View/Layout.php(510): Magento\Framework\View\Layout->renderNonCachedElement()
#58 /srv/caviar/caviar-deployment/vendor/magento/framework/View/Layout.php(606): Magento\Framework\View\Layout->renderElement()
#59 /srv/caviar/caviar-deployment/vendor/magento/framework/View/Layout.php(557): Magento\Framework\View\Layout->_renderContainer()
#60 /srv/caviar/caviar-deployment/vendor/magento/framework/View/Layout.php(510): Magento\Framework\View\Layout->renderNonCachedElement()
#61 /srv/caviar/caviar-deployment/vendor/magento/framework/View/Layout.php(975): Magento\Framework\View\Layout->renderElement()
#62 /srv/caviar/caviar-deployment/vendor/magento/framework/Interception/Interceptor.php(58): Magento\Framework\View\Layout->getOutput()
#63 /srv/caviar/caviar-deployment/vendor/magento/framework/Interception/Interceptor.php(138): Magento\Framework\View\Layout\Interceptor->___callParent()
#64 /srv/caviar/caviar-deployment/vendor/magento/framework/Interception/Interceptor.php(153): Magento\Framework\View\Layout\Interceptor->Magento\Framework\Interception\{closure}()
#65 /srv/caviar/caviar-deployment/generated/code/Magento/Framework/View/Layout/Interceptor.php(41): Magento\Framework\View\Layout\Interceptor->___callPlugins()
#66 /srv/caviar/caviar-deployment/vendor/magento/framework/View/Result/Page.php(260): Magento\Framework\View\Layout\Interceptor->getOutput()
#67 /srv/caviar/caviar-deployment/vendor/magento/framework/View/Result/Layout.php(171): Magento\Framework\View\Result\Page->render()
#68 /srv/caviar/caviar-deployment/vendor/magento/framework/Interception/Interceptor.php(58): Magento\Framework\View\Result\Layout->renderResult()
#69 /srv/caviar/caviar-deployment/vendor/magento/framework/Interception/Interceptor.php(138): Magento\Framework\View\Result\Page\Interceptor->___callParent()
#70 /srv/caviar/caviar-deployment/vendor/magento/framework/Interception/Interceptor.php(153): Magento\Framework\View\Result\Page\Interceptor->Magento\Framework\Interception\{closure}()
#71 /srv/caviar/caviar-deployment/generated/code/Magento/Framework/View/Result/Page/Interceptor.php(32): Magento\Framework\View\Result\Page\Interceptor->___callPlugins()
#72 /srv/caviar/caviar-deployment/vendor/magento/framework/App/Http.php(120): Magento\Framework\View\Result\Page\Interceptor->renderResult()
#73 /srv/caviar/caviar-deployment/vendor/magento/framework/App/Bootstrap.php(264): Magento\Framework\App\Http->launch()
#74 /srv/caviar/caviar-deployment/pub/index.php(30): Magento\Framework\App\Bootstrap->run()
#75 {main} {"exception":"[object] (Elasticsearch\\Common\\Exceptions\\NoNodesAvailableException(code: 0): No alive nodes found in your cluster at /srv/caviar/caviar-deployment/vendor/elasticsearch/elasticsearch/src/Elasticsearch/ConnectionPool/StaticNoPingConnectionPool.php:64)"} []
[2025-10-10T13:54:02.030841+00:00] main.CRITICAL: Elasticsearch\Common\Exceptions\NoNodesAvailableException: No alive nodes found in your cluster in /srv/caviar/caviar-deployment/vendor/elasticsearch/elasticsearch/src/Elasticsearch/ConnectionPool/StaticNoPingConnectionPool.php:64
Stack trace:
#0 /srv/caviar/caviar-deployment/vendor/elasticsearch/elasticsearch/src/Elasticsearch/Transport.php(82): Elasticsearch\ConnectionPool\StaticNoPingConnectionPool->nextConnection()
#1 /srv/caviar/caviar-deployment/vendor/elasticsearch/elasticsearch/src/Elasticsearch/Transport.php(99): Elasticsearch\Transport->getConnection()
#2 /srv/caviar/caviar-deployment/vendor/elasticsearch/elasticsearch/src/Elasticsearch/Connections/Connection.php(296): Elasticsearch\Transport->performRequest()
#3 /srv/caviar/caviar-deployment/vendor/react/promise/src/Internal/FulfilledPromise.php(47): Elasticsearch\Connections\Connection->Elasticsearch\Connections\{closure}()
#4 /srv/caviar/caviar-deployment/vendor/ezimuel/ringphp/src/Future/CompletedFutureValue.php(66): React\Promise\Internal\FulfilledPromise->then()
#5 /srv/caviar/caviar-deployment/vendor/ezimuel/ringphp/src/Core.php(341): GuzzleHttp\Ring\Future\CompletedFutureValue->then()
#6 /srv/caviar/caviar-deployment/vendor/elasticsearch/elasticsearch/src/Elasticsearch/Connections/Connection.php(264): GuzzleHttp\Ring\Core::proxy()
#7 /srv/caviar/caviar-deployment/vendor/elasticsearch/elasticsearch/src/Elasticsearch/Connections/Connection.php(241): Elasticsearch\Connections\Connection->Elasticsearch\Connections\{closure}()
#8 /srv/caviar/caviar-deployment/vendor/elasticsearch/elasticsearch/src/Elasticsearch/Transport.php(109): Elasticsearch\Connections\Connection->performRequest()
#9 /srv/caviar/caviar-deployment/vendor/elasticsearch/elasticsearch/src/Elasticsearch/Client.php(1924): Elasticsearch\Transport->performRequest()
#10 /srv/caviar/caviar-deployment/vendor/elasticsearch/elasticsearch/src/Elasticsearch/Client.php(1353): Elasticsearch\Client->performRequest()
#11 /srv/caviar/caviar-deployment/vendor/magento/module-elasticsearch-7/Model/Client/Elasticsearch.php(338): Elasticsearch\Client->search()
#12 /srv/caviar/caviar-deployment/vendor/magento/module-elasticsearch-7/SearchAdapter/Adapter.php(117): Magento\Elasticsearch7\Model\Client\Elasticsearch->query()
#13 /srv/caviar/caviar-deployment/vendor/magento/module-search/Model/SearchEngine.php(42): Magento\Elasticsearch7\SearchAdapter\Adapter->query()
#14 /srv/caviar/caviar-deployment/vendor/magento/framework/Search/Search.php(85): Magento\Search\Model\SearchEngine->search()
#15 /srv/caviar/caviar-deployment/vendor/magento/module-catalog-search/Model/ResourceModel/Fulltext/Collection.php(464): Magento\Framework\Search\Search->search()
#16 /srv/caviar/caviar-deployment/vendor/magento/framework/Data/Collection/AbstractDb.php(343): Magento\CatalogSearch\Model\ResourceModel\Fulltext\Collection->_renderFiltersBefore()
#17 /srv/caviar/caviar-deployment/vendor/magento/module-catalog-search/Model/ResourceModel/Fulltext/Collection.php(582): Magento\Framework\Data\Collection\AbstractDb->_renderFilters()
#18 /srv/caviar/caviar-deployment/vendor/magento/module-eav/Model/Entity/Collection/AbstractCollection.php(929): Magento\CatalogSearch\Model\ResourceModel\Fulltext\Collection->_renderFilters()
#19 /srv/caviar/caviar-deployment/vendor/magento/module-catalog/Model/ResourceModel/Product/Collection.php(801): Magento\Eav\Model\Entity\Collection\AbstractCollection->load()
#20 /srv/caviar/caviar-deployment/vendor/magento/framework/Interception/Interceptor.php(58): Magento\Catalog\Model\ResourceModel\Product\Collection->load()
#21 /srv/caviar/caviar-deployment/vendor/magento/framework/Interception/Interceptor.php(138): Magento\CatalogSearch\Model\ResourceModel\Fulltext\Collection\Interceptor->___callParent()
#22 /srv/caviar/caviar-deployment/vendor/magento/framework/Interception/Interceptor.php(153): Magento\CatalogSearch\Model\ResourceModel\Fulltext\Collection\Interceptor->Magento\Framework\Interception\{closure}()
#23 /srv/caviar/caviar-deployment/generated/code/Magento/CatalogSearch/Model/ResourceModel/Fulltext/Collection/Interceptor.php(41): Magento\CatalogSearch\Model\ResourceModel\Fulltext\Collection\Interceptor->___callPlugins()
#24 /srv/caviar/caviar-deployment/vendor/magento/module-catalog/Block/Product/ListProduct.php(199): Magento\CatalogSearch\Model\ResourceModel\Fulltext\Collection\Interceptor->load()
#25 /srv/caviar/caviar-deployment/vendor/magento/framework/View/Element/AbstractBlock.php(1127): Magento\Catalog\Block\Product\ListProduct->_beforeToHtml()
#26 /srv/caviar/caviar-deployment/vendor/magento/framework/View/Element/AbstractBlock.php(1132): Magento\Framework\View\Element\AbstractBlock->Magento\Framework\View\Element\{closure}()
#27 /srv/caviar/caviar-deployment/vendor/magento/framework/View/Element/AbstractBlock.php(676): Magento\Framework\View\Element\AbstractBlock->_loadCache()
#28 /srv/caviar/caviar-deployment/vendor/magento/framework/View/Layout.php(578): Magento\Framework\View\Element\AbstractBlock->toHtml()
#29 /srv/caviar/caviar-deployment/vendor/magento/framework/View/Layout.php(555): Magento\Framework\View\Layout->_renderBlock()
#30 /srv/caviar/caviar-deployment/vendor/magento/framework/View/Layout.php(510): Magento\Framework\View\Layout->renderNonCachedElement()
#31 /srv/caviar/caviar-deployment/vendor/magento/framework/View/Element/AbstractBlock.php(523): Magento\Framework\View\Layout->renderElement()
#32 /srv/caviar/caviar-deployment/vendor/magento/module-catalog/Block/Category/View.php(100): Magento\Framework\View\Element\AbstractBlock->getChildHtml()
#33 /srv/caviar/caviar-deployment/vendor/magento/module-catalog/view/frontend/templates/category/products.phtml(15): Magento\Catalog\Block\Category\View->getProductListHtml()
#34 /srv/caviar/caviar-deployment/vendor/magento/framework/View/TemplateEngine/Php.php(71): include('...')
#35 /srv/caviar/caviar-deployment/vendor/magento/framework/View/Element/Template.php(263): Magento\Framework\View\TemplateEngine\Php->render()
#36 /srv/caviar/caviar-deployment/vendor/magento/framework/View/Element/Template.php(293): Magento\Framework\View\Element\Template->fetchView()
#37 /srv/caviar/caviar-deployment/vendor/magento/framework/View/Element/AbstractBlock.php(1128): Magento\Framework\View\Element\Template->_toHtml()
#38 /srv/caviar/caviar-deployment/vendor/magento/framework/View/Element/AbstractBlock.php(1132): Magento\Framework\View\Element\AbstractBlock->Magento\Framework\View\Element\{closure}()
#39 /srv/caviar/caviar-deployment/vendor/magento/framework/View/Element/AbstractBlock.php(676): Magento\Framework\View\Element\AbstractBlock->_loadCache()
#40 /srv/caviar/caviar-deployment/vendor/magento/framework/View/Layout.php(578): Magento\Framework\View\Element\AbstractBlock->toHtml()
#41 /srv/caviar/caviar-deployment/vendor/magento/framework/View/Layout.php(555): Magento\Framework\View\Layout->_renderBlock()
#42 /srv/caviar/caviar-deployment/vendor/magento/framework/View/Layout.php(510): Magento\Framework\View\Layout->renderNonCachedElement()
#43 /srv/caviar/caviar-deployment/vendor/magento/framework/View/Layout.php(606): Magento\Framework\View\Layout->renderElement()
#44 /srv/caviar/caviar-deployment/vendor/magento/framework/View/Layout.php(557): Magento\Framework\View\Layout->_renderContainer()
#45 /srv/caviar/caviar-deployment/vendor/magento/framework/View/Layout.php(510): Magento\Framework\View\Layout->renderNonCachedElement()
#46 /srv/caviar/caviar-deployment/vendor/magento/framework/View/Layout.php(606): Magento\Framework\View\Layout->renderElement()
#47 /srv/caviar/caviar-deployment/vendor/magento/framework/View/Layout.php(557): Magento\Framework\View\Layout->_renderContainer()
#48 /srv/caviar/caviar-deployment/vendor/magento/framework/View/Layout.php(510): Magento\Framework\View\Layout->renderNonCachedElement()
#49 /srv/caviar/caviar-deployment/vendor/magento/framework/View/Layout.php(606): Magento\Framework\View\Layout->renderElement()
#50 /srv/caviar/caviar-deployment/vendor/magento/framework/View/Layout.php(557): Magento\Framework\View\Layout->_renderContainer()
#51 /srv/caviar/caviar-deployment/vendor/magento/framework/View/Layout.php(510): Magento\Framework\View\Layout->renderNonCachedElement()
#52 /srv/caviar/caviar-deployment/vendor/magento/framework/View/Layout.php(606): Magento\Framework\View\Layout->renderElement()
#53 /srv/caviar/caviar-deployment/vendor/magento/framework/View/Layout.php(557): Magento\Framework\View\Layout->_renderContainer()
#54 /srv/caviar/caviar-deployment/vendor/magento/framework/View/Layout.php(510): Magento\Framework\View\Layout->renderNonCachedElement()
#55 /srv/caviar/caviar-deployment/vendor/magento/framework/View/Layout.php(606): Magento\Framework\View\Layout->renderElement()
#56 /srv/caviar/caviar-deployment/vendor/magento/framework/View/Layout.php(557): Magento\Framework\View\Layout->_renderContainer()
#57 /srv/caviar/caviar-deployment/vendor/magento/framework/View/Layout.php(510): Magento\Framework\View\Layout->renderNonCachedElement()
#58 /srv/caviar/caviar-deployment/vendor/magento/framework/View/Layout.php(606): Magento\Framework\View\Layout->renderElement()
#59 /srv/caviar/caviar-deployment/vendor/magento/framework/View/Layout.php(557): Magento\Framework\View\Layout->_renderContainer()
#60 /srv/caviar/caviar-deployment/vendor/magento/framework/View/Layout.php(510): Magento\Framework\View\Layout->renderNonCachedElement()
#61 /srv/caviar/caviar-deployment/vendor/magento/framework/View/Layout.php(975): Magento\Framework\View\Layout->renderElement()
#62 /srv/caviar/caviar-deployment/vendor/magento/framework/Interception/Interceptor.php(58): Magento\Framework\View\Layout->getOutput()
#63 /srv/caviar/caviar-deployment/vendor/magento/framework/Interception/Interceptor.php(138): Magento\Framework\View\Layout\Interceptor->___callParent()
#64 /srv/caviar/caviar-deployment/vendor/magento/framework/Interception/Interceptor.php(153): Magento\Framework\View\Layout\Interceptor->Magento\Framework\Interception\{closure}()
#65 /srv/caviar/caviar-deployment/generated/code/Magento/Framework/View/Layout/Interceptor.php(41): Magento\Framework\View\Layout\Interceptor->___callPlugins()
#66 /srv/caviar/caviar-deployment/vendor/magento/framework/View/Result/Page.php(260): Magento\Framework\View\Layout\Interceptor->getOutput()
#67 /srv/caviar/caviar-deployment/vendor/magento/framework/View/Result/Layout.php(171): Magento\Framework\View\Result\Page->render()
#68 /srv/caviar/caviar-deployment/vendor/magento/framework/Interception/Interceptor.php(58): Magento\Framework\View\Result\Layout->renderResult()
#69 /srv/caviar/caviar-deployment/vendor/magento/framework/Interception/Interceptor.php(138): Magento\Framework\View\Result\Page\Interceptor->___callParent()
#70 /srv/caviar/caviar-deployment/vendor/magento/framework/Interception/Interceptor.php(153): Magento\Framework\View\Result\Page\Interceptor->Magento\Framework\Interception\{closure}()
#71 /srv/caviar/caviar-deployment/generated/code/Magento/Framework/View/Result/Page/Interceptor.php(32): Magento\Framework\View\Result\Page\Interceptor->___callPlugins()
#72 /srv/caviar/caviar-deployment/vendor/magento/framework/App/Http.php(120): Magento\Framework\View\Result\Page\Interceptor->renderResult()
#73 /srv/caviar/caviar-deployment/vendor/magento/framework/App/Bootstrap.php(264): Magento\Framework\App\Http->launch()
#74 /srv/caviar/caviar-deployment/pub/index.php(30): Magento\Framework\App\Bootstrap->run()
#75 {main} {"exception":"[object] (Elasticsearch\\Common\\Exceptions\\NoNodesAvailableException(code: 0): No alive nodes found in your cluster at /srv/caviar/caviar-deployment/vendor/elasticsearch/elasticsearch/src/Elasticsearch/ConnectionPool/StaticNoPingConnectionPool.php:64)"} []
[2025-10-10T13:54:03.599809+00:00] main.CRITICAL: Elasticsearch\Common\Exceptions\NoNodesAvailableException: No alive nodes found in your cluster in /srv/caviar/caviar-deployment/vendor/elasticsearch/elasticsearch/src/Elasticsearch/ConnectionPool/StaticNoPingConnectionPool.php:64
Stack trace:
#0 /srv/caviar/caviar-deployment/vendor/elasticsearch/elasticsearch/src/Elasticsearch/Transport.php(82): Elasticsearch\ConnectionPool\StaticNoPingConnectionPool->nextConnection()
#1 /srv/caviar/caviar-deployment/vendor/elasticsearch/elasticsearch/src/Elasticsearch/Transport.php(99): Elasticsearch\Transport->getConnection()
#2 /srv/caviar/caviar-deployment/vendor/elasticsearch/elasticsearch/src/Elasticsearch/Connections/Connection.php(296): Elasticsearch\Transport->performRequest()
#3 /srv/caviar/caviar-deployment/vendor/react/promise/src/Internal/FulfilledPromise.php(47): Elasticsearch\Connections\Connection->Elasticsearch\Connections\{closure}()
#4 /srv/caviar/caviar-deployment/vendor/ezimuel/ringphp/src/Future/CompletedFutureValue.php(66): React\Promise\Internal\FulfilledPromise->then()
#5 /srv/caviar/caviar-deployment/vendor/ezimuel/ringphp/src/Core.php(341): GuzzleHttp\Ring\Future\CompletedFutureValue->then()
#6 /srv/caviar/caviar-deployment/vendor/elasticsearch/elasticsearch/src/Elasticsearch/Connections/Connection.php(264): GuzzleHttp\Ring\Core::proxy()
#7 /srv/caviar/caviar-deployment/vendor/elasticsearch/elasticsearch/src/Elasticsearch/Connections/Connection.php(241): Elasticsearch\Connections\Connection->Elasticsearch\Connections\{closure}()
#8 /srv/caviar/caviar-deployment/vendor/elasticsearch/elasticsearch/src/Elasticsearch/Transport.php(109): Elasticsearch\Connections\Connection->performRequest()
#9 /srv/caviar/caviar-deployment/vendor/elasticsearch/elasticsearch/src/Elasticsearch/Client.php(1924): Elasticsearch\Transport->performRequest()
#10 /srv/caviar/caviar-deployment/vendor/elasticsearch/elasticsearch/src/Elasticsearch/Client.php(1353): Elasticsearch\Client->performRequest()
#11 /srv/caviar/caviar-deployment/vendor/magento/module-elasticsearch-7/Model/Client/Elasticsearch.php(338): Elasticsearch\Client->search()
#12 /srv/caviar/caviar-deployment/vendor/magento/module-elasticsearch-7/SearchAdapter/Adapter.php(117): Magento\Elasticsearch7\Model\Client\Elasticsearch->query()
#13 /srv/caviar/caviar-deployment/vendor/magento/module-search/Model/SearchEngine.php(42): Magento\Elasticsearch7\SearchAdapter\Adapter->query()
#14 /srv/caviar/caviar-deployment/vendor/magento/framework/Search/Search.php(85): Magento\Search\Model\SearchEngine->search()
#15 /srv/caviar/caviar-deployment/vendor/magento/module-catalog-search/Model/ResourceModel/Fulltext/Collection.php(464): Magento\Framework\Search\Search->search()
#16 /srv/caviar/caviar-deployment/vendor/magento/framework/Data/Collection/AbstractDb.php(343): Magento\CatalogSearch\Model\ResourceModel\Fulltext\Collection->_renderFiltersBefore()
#17 /srv/caviar/caviar-deployment/vendor/magento/module-catalog-search/Model/ResourceModel/Fulltext/Collection.php(582): Magento\Framework\Data\Collection\AbstractDb->_renderFilters()
#18 /srv/caviar/caviar-deployment/vendor/magento/module-eav/Model/Entity/Collection/AbstractCollection.php(929): Magento\CatalogSearch\Model\ResourceModel\Fulltext\Collection->_renderFilters()
#19 /srv/caviar/caviar-deployment/vendor/magento/module-catalog/Model/ResourceModel/Product/Collection.php(801): Magento\Eav\Model\Entity\Collection\AbstractCollection->load()
#20 /srv/caviar/caviar-deployment/vendor/magento/framework/Interception/Interceptor.php(58): Magento\Catalog\Model\ResourceModel\Product\Collection->load()
#21 /srv/caviar/caviar-deployment/vendor/magento/framework/Interception/Interceptor.php(138): Magento\CatalogSearch\Model\ResourceModel\Fulltext\Collection\Interceptor->___callParent()
#22 /srv/caviar/caviar-deployment/vendor/magento/framework/Interception/Interceptor.php(153): Magento\CatalogSearch\Model\ResourceModel\Fulltext\Collection\Interceptor->Magento\Framework\Interception\{closure}()
#23 /srv/caviar/caviar-deployment/generated/code/Magento/CatalogSearch/Model/ResourceModel/Fulltext/Collection/Interceptor.php(41): Magento\CatalogSearch\Model\ResourceModel\Fulltext\Collection\Interceptor->___callPlugins()
#24 /srv/caviar/caviar-deployment/vendor/magento/module-catalog/Block/Product/ListProduct.php(199): Magento\CatalogSearch\Model\ResourceModel\Fulltext\Collection\Interceptor->load()
#25 /srv/caviar/caviar-deployment/vendor/magento/framework/View/Element/AbstractBlock.php(1127): Magento\Catalog\Block\Product\ListProduct->_beforeToHtml()
#26 /srv/caviar/caviar-deployment/vendor/magento/framework/View/Element/AbstractBlock.php(1132): Magento\Framework\View\Element\AbstractBlock->Magento\Framework\View\Element\{closure}()
#27 /srv/caviar/caviar-deployment/vendor/magento/framework/View/Element/AbstractBlock.php(676): Magento\Framework\View\Element\AbstractBlock->_loadCache()
#28 /srv/caviar/caviar-deployment/vendor/magento/framework/View/Layout.php(578): Magento\Framework\View\Element\AbstractBlock->toHtml()
#29 /srv/caviar/caviar-deployment/vendor/magento/framework/View/Layout.php(555): Magento\Framework\View\Layout->_renderBlock()
#30 /srv/caviar/caviar-deployment/vendor/magento/framework/View/Layout.php(510): Magento\Framework\View\Layout->renderNonCachedElement()
#31 /srv/caviar/caviar-deployment/vendor/magento/framework/View/Element/AbstractBlock.php(523): Magento\Framework\View\Layout->renderElement()
#32 /srv/caviar/caviar-deployment/vendor/magento/module-catalog/Block/Category/View.php(100): Magento\Framework\View\Element\AbstractBlock->getChildHtml()
#33 /srv/caviar/caviar-deployment/vendor/magento/module-catalog/view/frontend/templates/category/products.phtml(15): Magento\Catalog\Block\Category\View->getProductListHtml()
#34 /srv/caviar/caviar-deployment/vendor/magento/framework/View/TemplateEngine/Php.php(71): include('...')
#35 /srv/caviar/caviar-deployment/vendor/magento/framework/View/Element/Template.php(263): Magento\Framework\View\TemplateEngine\Php->render()
#36 /srv/caviar/caviar-deployment/vendor/magento/framework/View/Element/Template.php(293): Magento\Framework\View\Element\Template->fetchView()
#37 /srv/caviar/caviar-deployment/vendor/magento/framework/View/Element/AbstractBlock.php(1128): Magento\Framework\View\Element\Template->_toHtml()
#38 /srv/caviar/caviar-deployment/vendor/magento/framework/View/Element/AbstractBlock.php(1132): Magento\Framework\View\Element\AbstractBlock->Magento\Framework\View\Element\{closure}()
#39 /srv/caviar/caviar-deployment/vendor/magento/framework/View/Element/AbstractBlock.php(676): Magento\Framework\View\Element\AbstractBlock->_loadCache()
#40 /srv/caviar/caviar-deployment/vendor/magento/framework/View/Layout.php(578): Magento\Framework\View\Element\AbstractBlock->toHtml()
#41 /srv/caviar/caviar-deployment/vendor/magento/framework/View/Layout.php(555): Magento\Framework\View\Layout->_renderBlock()
#42 /srv/caviar/caviar-deployment/vendor/magento/framework/View/Layout.php(510): Magento\Framework\View\Layout->renderNonCachedElement()
#43 /srv/caviar/caviar-deployment/vendor/magento/framework/View/Layout.php(606): Magento\Framework\View\Layout->renderElement()
#44 /srv/caviar/caviar-deployment/vendor/magento/framework/View/Layout.php(557): Magento\Framework\View\Layout->_renderContainer()
#45 /srv/caviar/caviar-deployment/vendor/magento/framework/View/Layout.php(510): Magento\Framework\View\Layout->renderNonCachedElement()
#46 /srv/caviar/caviar-deployment/vendor/magento/framework/View/Layout.php(606): Magento\Framework\View\Layout->renderElement()
#47 /srv/caviar/caviar-deployment/vendor/magento/framework/View/Layout.php(557): Magento\Framework\View\Layout->_renderContainer()
#48 /srv/caviar/caviar-deployment/vendor/magento/framework/View/Layout.php(510): Magento\Framework\View\Layout->renderNonCachedElement()
#49 /srv/caviar/caviar-deployment/vendor/magento/framework/View/Layout.php(606): Magento\Framework\View\Layout->renderElement()
#50 /srv/caviar/caviar-deployment/vendor/magento/framework/View/Layout.php(557): Magento\Framework\View\Layout->_renderContainer()
#51 /srv/caviar/caviar-deployment/vendor/magento/framework/View/Layout.php(510): Magento\Framework\View\Layout->renderNonCachedElement()
#52 /srv/caviar/caviar-deployment/vendor/magento/framework/View/Layout.php(606): Magento\Framework\View\Layout->renderElement()
#53 /srv/caviar/caviar-deployment/vendor/magento/framework/View/Layout.php(557): Magento\Framework\View\Layout->_renderContainer()
#54 /srv/caviar/caviar-deployment/vendor/magento/framework/View/Layout.php(510): Magento\Framework\View\Layout->renderNonCachedElement()
#55 /srv/caviar/caviar-deployment/vendor/magento/framework/View/Layout.php(606): Magento\Framework\View\Layout->renderElement()
#56 /srv/caviar/caviar-deployment/vendor/magento/framework/View/Layout.php(557): Magento\Framework\View\Layout->_renderContainer()
#57 /srv/caviar/caviar-deployment/vendor/magento/framework/View/Layout.php(510): Magento\Framework\View\Layout->renderNonCachedElement()
#58 /srv/caviar/caviar-deployment/vendor/magento/framework/View/Layout.php(606): Magento\Framework\View\Layout->renderElement()
#59 /srv/caviar/caviar-deployment/vendor/magento/framework/View/Layout.php(557): Magento\Framework\View\Layout->_renderContainer()
#60 /srv/caviar/caviar-deployment/vendor/magento/framework/View/Layout.php(510): Magento\Framework\View\Layout->renderNonCachedElement()
#61 /srv/caviar/caviar-deployment/vendor/magento/framework/View/Layout.php(975): Magento\Framework\View\Layout->renderElement()
#62 /srv/caviar/caviar-deployment/vendor/magento/framework/Interception/Interceptor.php(58): Magento\Framework\View\Layout->getOutput()
#63 /srv/caviar/caviar-deployment/vendor/magento/framework/Interception/Interceptor.php(138): Magento\Framework\View\Layout\Interceptor->___callParent()
#64 /srv/caviar/caviar-deployment/vendor/magento/framework/Interception/Interceptor.php(153): Magento\Framework\View\Layout\Interceptor->Magento\Framework\Interception\{closure}()
#65 /srv/caviar/caviar-deployment/generated/code/Magento/Framework/View/Layout/Interceptor.php(41): Magento\Framework\View\Layout\Interceptor->___callPlugins()
#66 /srv/caviar/caviar-deployment/vendor/magento/framework/View/Result/Page.php(260): Magento\Framework\View\Layout\Interceptor->getOutput()
#67 /srv/caviar/caviar-deployment/vendor/magento/framework/View/Result/Layout.php(171): Magento\Framework\View\Result\Page->render()
#68 /srv/caviar/caviar-deployment/vendor/magento/framework/Interception/Interceptor.php(58): Magento\Framework\View\Result\Layout->renderResult()
#69 /srv/caviar/caviar-deployment/vendor/magento/framework/Interception/Interceptor.php(138): Magento\Framework\View\Result\Page\Interceptor->___callParent()
#70 /srv/caviar/caviar-deployment/vendor/magento/framework/Interception/Interceptor.php(153): Magento\Framework\View\Result\Page\Interceptor->Magento\Framework\Interception\{closure}()
#71 /srv/caviar/caviar-deployment/generated/code/Magento/Framework/View/Result/Page/Interceptor.php(32): Magento\Framework\View\Result\Page\Interceptor->___callPlugins()
#72 /srv/caviar/caviar-deployment/vendor/magento/framework/App/Http.php(120): Magento\Framework\View\Result\Page\Interceptor->renderResult()
#73 /srv/caviar/caviar-deployment/vendor/magento/framework/App/Bootstrap.php(264): Magento\Framework\App\Http->launch()
#74 /srv/caviar/caviar-deployment/pub/index.php(30): Magento\Framework\App\Bootstrap->run()
#75 {main} {"exception":"[object] (Elasticsearch\\Common\\Exceptions\\NoNodesAvailableException(code: 0): No alive nodes found in your cluster at /srv/caviar/caviar-deployment/vendor/elasticsearch/elasticsearch/src/Elasticsearch/ConnectionPool/StaticNoPingConnectionPool.php:64)"} []
[2025-10-10T13:54:05.051621+00:00] main.CRITICAL: Elasticsearch\Common\Exceptions\NoNodesAvailableException: No alive nodes found in your cluster in /srv/caviar/caviar-deployment/vendor/elasticsearch/elasticsearch/src/Elasticsearch/ConnectionPool/StaticNoPingConnectionPool.php:64
Stack trace:
#0 /srv/caviar/caviar-deployment/vendor/elasticsearch/elasticsearch/src/Elasticsearch/Transport.php(82): Elasticsearch\ConnectionPool\StaticNoPingConnectionPool->nextConnection()
#1 /srv/caviar/caviar-deployment/vendor/elasticsearch/elasticsearch/src/Elasticsearch/Transport.php(99): Elasticsearch\Transport->getConnection()
#2 /srv/caviar/caviar-deployment/vendor/elasticsearch/elasticsearch/src/Elasticsearch/Connections/Connection.php(296): Elasticsearch\Transport->performRequest()
#3 /srv/caviar/caviar-deployment/vendor/react/promise/src/Internal/FulfilledPromise.php(47): Elasticsearch\Connections\Connection->Elasticsearch\Connections\{closure}()
#4 /srv/caviar/caviar-deployment/vendor/ezimuel/ringphp/src/Future/CompletedFutureValue.php(66): React\Promise\Internal\FulfilledPromise->then()
#5 /srv/caviar/caviar-deployment/vendor/ezimuel/ringphp/src/Core.php(341): GuzzleHttp\Ring\Future\CompletedFutureValue->then()
#6 /srv/caviar/caviar-deployment/vendor/elasticsearch/elasticsearch/src/Elasticsearch/Connections/Connection.php(264): GuzzleHttp\Ring\Core::proxy()
#7 /srv/caviar/caviar-deployment/vendor/elasticsearch/elasticsearch/src/Elasticsearch/Connections/Connection.php(241): Elasticsearch\Connections\Connection->Elasticsearch\Connections\{closure}()
#8 /srv/caviar/caviar-deployment/vendor/elasticsearch/elasticsearch/src/Elasticsearch/Transport.php(109): Elasticsearch\Connections\Connection->performRequest()
#9 /srv/caviar/caviar-deployment/vendor/elasticsearch/elasticsearch/src/Elasticsearch/Client.php(1924): Elasticsearch\Transport->performRequest()
#10 /srv/caviar/caviar-deployment/vendor/elasticsearch/elasticsearch/src/Elasticsearch/Client.php(1353): Elasticsearch\Client->performRequest()
#11 /srv/caviar/caviar-deployment/vendor/magento/module-elasticsearch-7/Model/Client/Elasticsearch.php(338): Elasticsearch\Client->search()
#12 /srv/caviar/caviar-deployment/vendor/magento/module-elasticsearch-7/SearchAdapter/Adapter.php(117): Magento\Elasticsearch7\Model\Client\Elasticsearch->query()
#13 /srv/caviar/caviar-deployment/vendor/magento/module-search/Model/SearchEngine.php(42): Magento\Elasticsearch7\SearchAdapter\Adapter->query()
#14 /srv/caviar/caviar-deployment/vendor/magento/framework/Search/Search.php(85): Magento\Search\Model\SearchEngine->search()
#15 /srv/caviar/caviar-deployment/vendor/magento/module-catalog-search/Model/ResourceModel/Fulltext/Collection.php(464): Magento\Framework\Search\Search->search()
#16 /srv/caviar/caviar-deployment/vendor/magento/framework/Data/Collection/AbstractDb.php(343): Magento\CatalogSearch\Model\ResourceModel\Fulltext\Collection->_renderFiltersBefore()
#17 /srv/caviar/caviar-deployment/vendor/magento/module-catalog-search/Model/ResourceModel/Fulltext/Collection.php(582): Magento\Framework\Data\Collection\AbstractDb->_renderFilters()
#18 /srv/caviar/caviar-deployment/vendor/magento/module-eav/Model/Entity/Collection/AbstractCollection.php(929): Magento\CatalogSearch\Model\ResourceModel\Fulltext\Collection->_renderFilters()
#19 /srv/caviar/caviar-deployment/vendor/magento/module-catalog/Model/ResourceModel/Product/Collection.php(801): Magento\Eav\Model\Entity\Collection\AbstractCollection->load()
#20 /srv/caviar/caviar-deployment/vendor/magento/framework/Interception/Interceptor.php(58): Magento\Catalog\Model\ResourceModel\Product\Collection->load()
#21 /srv/caviar/caviar-deployment/vendor/magento/framework/Interception/Interceptor.php(138): Magento\CatalogSearch\Model\ResourceModel\Fulltext\Collection\Interceptor->___callParent()
#22 /srv/caviar/caviar-deployment/vendor/magento/framework/Interception/Interceptor.php(153): Magento\CatalogSearch\Model\ResourceModel\Fulltext\Collection\Interceptor->Magento\Framework\Interception\{closure}()
#23 /srv/caviar/caviar-deployment/generated/code/Magento/CatalogSearch/Model/ResourceModel/Fulltext/Collection/Interceptor.php(41): Magento\CatalogSearch\Model\ResourceModel\Fulltext\Collection\Interceptor->___callPlugins()
#24 /srv/caviar/caviar-deployment/vendor/magento/module-catalog/Block/Product/ListProduct.php(199): Magento\CatalogSearch\Model\ResourceModel\Fulltext\Collection\Interceptor->load()
#25 /srv/caviar/caviar-deployment/vendor/magento/framework/View/Element/AbstractBlock.php(1127): Magento\Catalog\Block\Product\ListProduct->_beforeToHtml()
#26 /srv/caviar/caviar-deployment/vendor/magento/framework/View/Element/AbstractBlock.php(1132): Magento\Framework\View\Element\AbstractBlock->Magento\Framework\View\Element\{closure}()
#27 /srv/caviar/caviar-deployment/vendor/magento/framework/View/Element/AbstractBlock.php(676): Magento\Framework\View\Element\AbstractBlock->_loadCache()
#28 /srv/caviar/caviar-deployment/vendor/magento/framework/View/Layout.php(578): Magento\Framework\View\Element\AbstractBlock->toHtml()
#29 /srv/caviar/caviar-deployment/vendor/magento/framework/View/Layout.php(555): Magento\Framework\View\Layout->_renderBlock()
#30 /srv/caviar/caviar-deployment/vendor/magento/framework/View/Layout.php(510): Magento\Framework\View\Layout->renderNonCachedElement()
#31 /srv/caviar/caviar-deployment/vendor/magento/framework/View/Element/AbstractBlock.php(523): Magento\Framework\View\Layout->renderElement()
#32 /srv/caviar/caviar-deployment/vendor/magento/module-catalog/Block/Category/View.php(100): Magento\Framework\View\Element\AbstractBlock->getChildHtml()
#33 /srv/caviar/caviar-deployment/vendor/magento/module-catalog/view/frontend/templates/category/products.phtml(15): Magento\Catalog\Block\Category\View->getProductListHtml()
#34 /srv/caviar/caviar-deployment/vendor/magento/framework/View/TemplateEngine/Php.php(71): include('...')
#35 /srv/caviar/caviar-deployment/vendor/magento/framework/View/Element/Template.php(263): Magento\Framework\View\TemplateEngine\Php->render()
#36 /srv/caviar/caviar-deployment/vendor/magento/framework/View/Element/Template.php(293): Magento\Framework\View\Element\Template->fetchView()
#37 /srv/caviar/caviar-deployment/vendor/magento/framework/View/Element/AbstractBlock.php(1128): Magento\Framework\View\Element\Template->_toHtml()
#38 /srv/caviar/caviar-deployment/vendor/magento/framework/View/Element/AbstractBlock.php(1132): Magento\Framework\View\Element\AbstractBlock->Magento\Framework\View\Element\{closure}()
#39 /srv/caviar/caviar-deployment/vendor/magento/framework/View/Element/AbstractBlock.php(676): Magento\Framework\View\Element\AbstractBlock->_loadCache()
#40 /srv/caviar/caviar-deployment/vendor/magento/framework/View/Layout.php(578): Magento\Framework\View\Element\AbstractBlock->toHtml()
#41 /srv/caviar/caviar-deployment/vendor/magento/framework/View/Layout.php(555): Magento\Framework\View\Layout->_renderBlock()
#42 /srv/caviar/caviar-deployment/vendor/magento/framework/View/Layout.php(510): Magento\Framework\View\Layout->renderNonCachedElement()
#43 /srv/caviar/caviar-deployment/vendor/magento/framework/View/Layout.php(606): Magento\Framework\View\Layout->renderElement()
#44 /srv/caviar/caviar-deployment/vendor/magento/framework/View/Layout.php(557): Magento\Framework\View\Layout->_renderContainer()
#45 /srv/caviar/caviar-deployment/vendor/magento/framework/View/Layout.php(510): Magento\Framework\View\Layout->renderNonCachedElement()
#46 /srv/caviar/caviar-deployment/vendor/magento/framework/View/Layout.php(606): Magento\Framework\View\Layout->renderElement()
#47 /srv/caviar/caviar-deployment/vendor/magento/framework/View/Layout.php(557): Magento\Framework\View\Layout->_renderContainer()
#48 /srv/caviar/caviar-deployment/vendor/magento/framework/View/Layout.php(510): Magento\Framework\View\Layout->renderNonCachedElement()
#49 /srv/caviar/caviar-deployment/vendor/magento/framework/View/Layout.php(606): Magento\Framework\View\Layout->renderElement()
#50 /srv/caviar/caviar-deployment/vendor/magento/framework/View/Layout.php(557): Magento\Framework\View\Layout->_renderContainer()
#51 /srv/caviar/caviar-deployment/vendor/magento/framework/View/Layout.php(510): Magento\Framework\View\Layout->renderNonCachedElement()
#52 /srv/caviar/caviar-deployment/vendor/magento/framework/View/Layout.php(606): Magento\Framework\View\Layout->renderElement()
#53 /srv/caviar/caviar-deployment/vendor/magento/framework/View/Layout.php(557): Magento\Framework\View\Layout->_renderContainer()
#54 /srv/caviar/caviar-deployment/vendor/magento/framework/View/Layout.php(510): Magento\Framework\View\Layout->renderNonCachedElement()
#55 /srv/caviar/caviar-deployment/vendor/magento/framework/View/Layout.php(606): Magento\Framework\View\Layout->renderElement()
#56 /srv/caviar/caviar-deployment/vendor/magento/framework/View/Layout.php(557): Magento\Framework\View\Layout->_renderContainer()
#57 /srv/caviar/caviar-deployment/vendor/magento/framework/View/Layout.php(510): Magento\Framework\View\Layout->renderNonCachedElement()
#58 /srv/caviar/caviar-deployment/vendor/magento/framework/View/Layout.php(606): Magento\Framework\View\Layout->renderElement()
#59 /srv/caviar/caviar-deployment/vendor/magento/framework/View/Layout.php(557): Magento\Framework\View\Layout->_renderContainer()
#60 /srv/caviar/caviar-deployment/vendor/magento/framework/View/Layout.php(510): Magento\Framework\View\Layout->renderNonCachedElement()
#61 /srv/caviar/caviar-deployment/vendor/magento/framework/View/Layout.php(975): Magento\Framework\View\Layout->renderElement()
#62 /srv/caviar/caviar-deployment/vendor/magento/framework/Interception/Interceptor.php(58): Magento\Framework\View\Layout->getOutput()
#63 /srv/caviar/caviar-deployment/vendor/magento/framework/Interception/Interceptor.php(138): Magento\Framework\View\Layout\Interceptor->___callParent()
#64 /srv/caviar/caviar-deployment/vendor/magento/framework/Interception/Interceptor.php(153): Magento\Framework\View\Layout\Interceptor->Magento\Framework\Interception\{closure}()
#65 /srv/caviar/caviar-deployment/generated/code/Magento/Framework/View/Layout/Interceptor.php(41): Magento\Framework\View\Layout\Interceptor->___callPlugins()
#66 /srv/caviar/caviar-deployment/vendor/magento/framework/View/Result/Page.php(260): Magento\Framework\View\Layout\Interceptor->getOutput()
#67 /srv/caviar/caviar-deployment/vendor/magento/framework/View/Result/Layout.php(171): Magento\Framework\View\Result\Page->render()
#68 /srv/caviar/caviar-deployment/vendor/magento/framework/Interception/Interceptor.php(58): Magento\Framework\View\Result\Layout->renderResult()
#69 /srv/caviar/caviar-deployment/vendor/magento/framework/Interception/Interceptor.php(138): Magento\Framework\View\Result\Page\Interceptor->___callParent()
#70 /srv/caviar/caviar-deployment/vendor/magento/framework/Interception/Interceptor.php(153): Magento\Framework\View\Result\Page\Interceptor->Magento\Framework\Interception\{closure}()
#71 /srv/caviar/caviar-deployment/generated/code/Magento/Framework/View/Result/Page/Interceptor.php(32): Magento\Framework\View\Result\Page\Interceptor->___callPlugins()
#72 /srv/caviar/caviar-deployment/vendor/magento/framework/App/Http.php(120): Magento\Framework\View\Result\Page\Interceptor->renderResult()
#73 /srv/caviar/caviar-deployment/vendor/magento/framework/App/Bootstrap.php(264): Magento\Framework\App\Http->launch()
#74 /srv/caviar/caviar-deployment/pub/index.php(30): Magento\Framework\App\Bootstrap->run()
#75 {main} {"exception":"[object] (Elasticsearch\\Common\\Exceptions\\NoNodesAvailableException(code: 0): No alive nodes found in your cluster at /srv/caviar/caviar-deployment/vendor/elasticsearch/elasticsearch/src/Elasticsearch/ConnectionPool/StaticNoPingConnectionPool.php:64)"} []
[2025-10-10T13:54:06.410447+00:00] main.CRITICAL: Elasticsearch\Common\Exceptions\NoNodesAvailableException: No alive nodes found in your cluster in /srv/caviar/caviar-deployment/vendor/elasticsearch/elasticsearch/src/Elasticsearch/ConnectionPool/StaticNoPingConnectionPool.php:64
Stack trace:
#0 /srv/caviar/caviar-deployment/vendor/elasticsearch/elasticsearch/src/Elasticsearch/Transport.php(82): Elasticsearch\ConnectionPool\StaticNoPingConnectionPool->nextConnection()
#1 /srv/caviar/caviar-deployment/vendor/elasticsearch/elasticsearch/src/Elasticsearch/Transport.php(99): Elasticsearch\Transport->getConnection()
#2 /srv/caviar/caviar-deployment/vendor/elasticsearch/elasticsearch/src/Elasticsearch/Connections/Connection.php(296): Elasticsearch\Transport->performRequest()
#3 /srv/caviar/caviar-deployment/vendor/react/promise/src/Internal/FulfilledPromise.php(47): Elasticsearch\Connections\Connection->Elasticsearch\Connections\{closure}()
#4 /srv/caviar/caviar-deployment/vendor/ezimuel/ringphp/src/Future/CompletedFutureValue.php(66): React\Promise\Internal\FulfilledPromise->then()
#5 /srv/caviar/caviar-deployment/vendor/ezimuel/ringphp/src/Core.php(341): GuzzleHttp\Ring\Future\CompletedFutureValue->then()
#6 /srv/caviar/caviar-deployment/vendor/elasticsearch/elasticsearch/src/Elasticsearch/Connections/Connection.php(264): GuzzleHttp\Ring\Core::proxy()
#7 /srv/caviar/caviar-deployment/vendor/elasticsearch/elasticsearch/src/Elasticsearch/Connections/Connection.php(241): Elasticsearch\Connections\Connection->Elasticsearch\Connections\{closure}()
#8 /srv/caviar/caviar-deployment/vendor/elasticsearch/elasticsearch/src/Elasticsearch/Transport.php(109): Elasticsearch\Connections\Connection->performRequest()
#9 /srv/caviar/caviar-deployment/vendor/elasticsearch/elasticsearch/src/Elasticsearch/Client.php(1924): Elasticsearch\Transport->performRequest()
#10 /srv/caviar/caviar-deployment/vendor/elasticsearch/elasticsearch/src/Elasticsearch/Client.php(1353): Elasticsearch\Client->performRequest()
#11 /srv/caviar/caviar-deployment/vendor/magento/module-elasticsearch-7/Model/Client/Elasticsearch.php(338): Elasticsearch\Client->search()
#12 /srv/caviar/caviar-deployment/vendor/magento/module-elasticsearch-7/SearchAdapter/Adapter.php(117): Magento\Elasticsearch7\Model\Client\Elasticsearch->query()
#13 /srv/caviar/caviar-deployment/vendor/magento/module-search/Model/SearchEngine.php(42): Magento\Elasticsearch7\SearchAdapter\Adapter->query()
#14 /srv/caviar/caviar-deployment/vendor/magento/framework/Search/Search.php(85): Magento\Search\Model\SearchEngine->search()
#15 /srv/caviar/caviar-deployment/vendor/magento/module-catalog-search/Model/ResourceModel/Fulltext/Collection.php(464): Magento\Framework\Search\Search->search()
#16 /srv/caviar/caviar-deployment/vendor/magento/framework/Data/Collection/AbstractDb.php(343): Magento\CatalogSearch\Model\ResourceModel\Fulltext\Collection->_renderFiltersBefore()
#17 /srv/caviar/caviar-deployment/vendor/magento/module-catalog-search/Model/ResourceModel/Fulltext/Collection.php(582): Magento\Framework\Data\Collection\AbstractDb->_renderFilters()
#18 /srv/caviar/caviar-deployment/vendor/magento/module-eav/Model/Entity/Collection/AbstractCollection.php(929): Magento\CatalogSearch\Model\ResourceModel\Fulltext\Collection->_renderFilters()
#19 /srv/caviar/caviar-deployment/vendor/magento/module-catalog/Model/ResourceModel/Product/Collection.php(801): Magento\Eav\Model\Entity\Collection\AbstractCollection->load()
#20 /srv/caviar/caviar-deployment/vendor/magento/framework/Interception/Interceptor.php(58): Magento\Catalog\Model\ResourceModel\Product\Collection->load()
#21 /srv/caviar/caviar-deployment/vendor/magento/framework/Interception/Interceptor.php(138): Magento\CatalogSearch\Model\ResourceModel\Fulltext\Collection\Interceptor->___callParent()
#22 /srv/caviar/caviar-deployment/vendor/magento/framework/Interception/Interceptor.php(153): Magento\CatalogSearch\Model\ResourceModel\Fulltext\Collection\Interceptor->Magento\Framework\Interception\{closure}()
#23 /srv/caviar/caviar-deployment/generated/code/Magento/CatalogSearch/Model/ResourceModel/Fulltext/Collection/Interceptor.php(41): Magento\CatalogSearch\Model\ResourceModel\Fulltext\Collection\Interceptor->___callPlugins()
#24 /srv/caviar/caviar-deployment/vendor/magento/module-catalog/Block/Product/ListProduct.php(199): Magento\CatalogSearch\Model\ResourceModel\Fulltext\Collection\Interceptor->load()
#25 /srv/caviar/caviar-deployment/vendor/magento/framework/View/Element/AbstractBlock.php(1127): Magento\Catalog\Block\Product\ListProduct->_beforeToHtml()
#26 /srv/caviar/caviar-deployment/vendor/magento/framework/View/Element/AbstractBlock.php(1132): Magento\Framework\View\Element\AbstractBlock->Magento\Framework\View\Element\{closure}()
#27 /srv/caviar/caviar-deployment/vendor/magento/framework/View/Element/AbstractBlock.php(676): Magento\Framework\View\Element\AbstractBlock->_loadCache()
#28 /srv/caviar/caviar-deployment/vendor/magento/framework/View/Layout.php(578): Magento\Framework\View\Element\AbstractBlock->toHtml()
#29 /srv/caviar/caviar-deployment/vendor/magento/framework/View/Layout.php(555): Magento\Framework\View\Layout->_renderBlock()
#30 /srv/caviar/caviar-deployment/vendor/magento/framework/View/Layout.php(510): Magento\Framework\View\Layout->renderNonCachedElement()
#31 /srv/caviar/caviar-deployment/vendor/magento/framework/View/Element/AbstractBlock.php(523): Magento\Framework\View\Layout->renderElement()
#32 /srv/caviar/caviar-deployment/vendor/magento/module-catalog/Block/Category/View.php(100): Magento\Framework\View\Element\AbstractBlock->getChildHtml()
#33 /srv/caviar/caviar-deployment/vendor/magento/module-catalog/view/frontend/templates/category/products.phtml(15): Magento\Catalog\Block\Category\View->getProductListHtml()
#34 /srv/caviar/caviar-deployment/vendor/magento/framework/View/TemplateEngine/Php.php(71): include('...')
#35 /srv/caviar/caviar-deployment/vendor/magento/framework/View/Element/Template.php(263): Magento\Framework\View\TemplateEngine\Php->render()
#36 /srv/caviar/caviar-deployment/vendor/magento/framework/View/Element/Template.php(293): Magento\Framework\View\Element\Template->fetchView()
#37 /srv/caviar/caviar-deployment/vendor/magento/framework/View/Element/AbstractBlock.php(1128): Magento\Framework\View\Element\Template->_toHtml()
#38 /srv/caviar/caviar-deployment/vendor/magento/framework/View/Element/AbstractBlock.php(1132): Magento\Framework\View\Element\AbstractBlock->Magento\Framework\View\Element\{closure}()
#39 /srv/caviar/caviar-deployment/vendor/magento/framework/View/Element/AbstractBlock.php(676): Magento\Framework\View\Element\AbstractBlock->_loadCache()
#40 /srv/caviar/caviar-deployment/vendor/magento/framework/View/Layout.php(578): Magento\Framework\View\Element\AbstractBlock->toHtml()
#41 /srv/caviar/caviar-deployment/vendor/magento/framework/View/Layout.php(555): Magento\Framework\View\Layout->_renderBlock()
#42 /srv/caviar/caviar-deployment/vendor/magento/framework/View/Layout.php(510): Magento\Framework\View\Layout->renderNonCachedElement()
#43 /srv/caviar/caviar-deployment/vendor/magento/framework/View/Layout.php(606): Magento\Framework\View\Layout->renderElement()
#44 /srv/caviar/caviar-deployment/vendor/magento/framework/View/Layout.php(557): Magento\Framework\View\Layout->_renderContainer()
#45 /srv/caviar/caviar-deployment/vendor/magento/framework/View/Layout.php(510): Magento\Framework\View\Layout->renderNonCachedElement()
#46 /srv/caviar/caviar-deployment/vendor/magento/framework/View/Layout.php(606): Magento\Framework\View\Layout->renderElement()
#47 /srv/caviar/caviar-deployment/vendor/magento/framework/View/Layout.php(557): Magento\Framework\View\Layout->_renderContainer()
#48 /srv/caviar/caviar-deployment/vendor/magento/framework/View/Layout.php(510): Magento\Framework\View\Layout->renderNonCachedElement()
#49 /srv/caviar/caviar-deployment/vendor/magento/framework/View/Layout.php(606): Magento\Framework\View\Layout->renderElement()
#50 /srv/caviar/caviar-deployment/vendor/magento/framework/View/Layout.php(557): Magento\Framework\View\Layout->_renderContainer()
#51 /srv/caviar/caviar-deployment/vendor/magento/framework/View/Layout.php(510): Magento\Framework\View\Layout->renderNonCachedElement()
#52 /srv/caviar/caviar-deployment/vendor/magento/framework/View/Layout.php(606): Magento\Framework\View\Layout->renderElement()
#53 /srv/caviar/caviar-deployment/vendor/magento/framework/View/Layout.php(557): Magento\Framework\View\Layout->_renderContainer()
#54 /srv/caviar/caviar-deployment/vendor/magento/framework/View/Layout.php(510): Magento\Framework\View\Layout->renderNonCachedElement()
#55 /srv/caviar/caviar-deployment/vendor/magento/framework/View/Layout.php(606): Magento\Framework\View\Layout->renderElement()
#56 /srv/caviar/caviar-deployment/vendor/magento/framework/View/Layout.php(557): Magento\Framework\View\Layout->_renderContainer()
#57 /srv/caviar/caviar-deployment/vendor/magento/framework/View/Layout.php(510): Magento\Framework\View\Layout->renderNonCachedElement()
#58 /srv/caviar/caviar-deployment/vendor/magento/framework/View/Layout.php(606): Magento\Framework\View\Layout->renderElement()
#59 /srv/caviar/caviar-deployment/vendor/magento/framework/View/Layout.php(557): Magento\Framework\View\Layout->_renderContainer()
#60 /srv/caviar/caviar-deployment/vendor/magento/framework/View/Layout.php(510): Magento\Framework\View\Layout->renderNonCachedElement()
#61 /srv/caviar/caviar-deployment/vendor/magento/framework/View/Layout.php(975): Magento\Framework\View\Layout->renderElement()
#62 /srv/caviar/caviar-deployment/vendor/magento/framework/Interception/Interceptor.php(58): Magento\Framework\View\Layout->getOutput()
#63 /srv/caviar/caviar-deployment/vendor/magento/framework/Interception/Interceptor.php(138): Magento\Framework\View\Layout\Interceptor->___callParent()
#64 /srv/caviar/caviar-deployment/vendor/magento/framework/Interception/Interceptor.php(153): Magento\Framework\View\Layout\Interceptor->Magento\Framework\Interception\{closure}()
#65 /srv/caviar/caviar-deployment/generated/code/Magento/Framework/View/Layout/Interceptor.php(41): Magento\Framework\View\Layout\Interceptor->___callPlugins()
#66 /srv/caviar/caviar-deployment/vendor/magento/framework/View/Result/Page.php(260): Magento\Framework\View\Layout\Interceptor->getOutput()
#67 /srv/caviar/caviar-deployment/vendor/magento/framework/View/Result/Layout.php(171): Magento\Framework\View\Result\Page->render()
#68 /srv/caviar/caviar-deployment/vendor/magento/framework/Interception/Interceptor.php(58): Magento\Framework\View\Result\Layout->renderResult()
#69 /srv/caviar/caviar-deployment/vendor/magento/framework/Interception/Interceptor.php(138): Magento\Framework\View\Result\Page\Interceptor->___callParent()
#70 /srv/caviar/caviar-deployment/vendor/magento/framework/Interception/Interceptor.php(153): Magento\Framework\View\Result\Page\Interceptor->Magento\Framework\Interception\{closure}()
#71 /srv/caviar/caviar-deployment/generated/code/Magento/Framework/View/Result/Page/Interceptor.php(32): Magento\Framework\View\Result\Page\Interceptor->___callPlugins()
#72 /srv/caviar/caviar-deployment/vendor/magento/framework/App/Http.php(120): Magento\Framework\View\Result\Page\Interceptor->renderResult()
#73 /srv/caviar/caviar-deployment/vendor/magento/framework/App/Bootstrap.php(264): Magento\Framework\App\Http->launch()
#74 /srv/caviar/caviar-deployment/pub/index.php(30): Magento\Framework\App\Bootstrap->run()
#75 {main} {"exception":"[object] (Elasticsearch\\Common\\Exceptions\\NoNodesAvailableException(code: 0): No alive nodes found in your cluster at /srv/caviar/caviar-deployment/vendor/elasticsearch/elasticsearch/src/Elasticsearch/ConnectionPool/StaticNoPingConnectionPool.php:64)"} []
[2025-10-10T13:54:07.580745+00:00] main.CRITICAL: Elasticsearch\Common\Exceptions\NoNodesAvailableException: No alive nodes found in your cluster in /srv/caviar/caviar-deployment/vendor/elasticsearch/elasticsearch/src/Elasticsearch/ConnectionPool/StaticNoPingConnectionPool.php:64
Stack trace:
#0 /srv/caviar/caviar-deployment/vendor/elasticsearch/elasticsearch/src/Elasticsearch/Transport.php(82): Elasticsearch\ConnectionPool\StaticNoPingConnectionPool->nextConnection()
#1 /srv/caviar/caviar-deployment/vendor/elasticsearch/elasticsearch/src/Elasticsearch/Transport.php(99): Elasticsearch\Transport->getConnection()
#2 /srv/caviar/caviar-deployment/vendor/elasticsearch/elasticsearch/src/Elasticsearch/Connections/Connection.php(296): Elasticsearch\Transport->performRequest()
#3 /srv/caviar/caviar-deployment/vendor/react/promise/src/Internal/FulfilledPromise.php(47): Elasticsearch\Connections\Connection->Elasticsearch\Connections\{closure}()
#4 /srv/caviar/caviar-deployment/vendor/ezimuel/ringphp/src/Future/CompletedFutureValue.php(66): React\Promise\Internal\FulfilledPromise->then()
#5 /srv/caviar/caviar-deployment/vendor/ezimuel/ringphp/src/Core.php(341): GuzzleHttp\Ring\Future\CompletedFutureValue->then()
#6 /srv/caviar/caviar-deployment/vendor/elasticsearch/elasticsearch/src/Elasticsearch/Connections/Connection.php(264): GuzzleHttp\Ring\Core::proxy()
#7 /srv/caviar/caviar-deployment/vendor/elasticsearch/elasticsearch/src/Elasticsearch/Connections/Connection.php(241): Elasticsearch\Connections\Connection->Elasticsearch\Connections\{closure}()
#8 /srv/caviar/caviar-deployment/vendor/elasticsearch/elasticsearch/src/Elasticsearch/Transport.php(109): Elasticsearch\Connections\Connection->performRequest()
#9 /srv/caviar/caviar-deployment/vendor/elasticsearch/elasticsearch/src/Elasticsearch/Client.php(1924): Elasticsearch\Transport->performRequest()
#10 /srv/caviar/caviar-deployment/vendor/elasticsearch/elasticsearch/src/Elasticsearch/Client.php(1353): Elasticsearch\Client->performRequest()
#11 /srv/caviar/caviar-deployment/vendor/magento/module-elasticsearch-7/Model/Client/Elasticsearch.php(338): Elasticsearch\Client->search()
#12 /srv/caviar/caviar-deployment/vendor/magento/module-elasticsearch-7/SearchAdapter/Adapter.php(117): Magento\Elasticsearch7\Model\Client\Elasticsearch->query()
#13 /srv/caviar/caviar-deployment/vendor/magento/module-search/Model/SearchEngine.php(42): Magento\Elasticsearch7\SearchAdapter\Adapter->query()
#14 /srv/caviar/caviar-deployment/vendor/magento/framework/Search/Search.php(85): Magento\Search\Model\SearchEngine->search()
#15 /srv/caviar/caviar-deployment/vendor/magento/module-catalog-search/Model/ResourceModel/Fulltext/Collection.php(464): Magento\Framework\Search\Search->search()
#16 /srv/caviar/caviar-deployment/vendor/magento/framework/Data/Collection/AbstractDb.php(343): Magento\CatalogSearch\Model\ResourceModel\Fulltext\Collection->_renderFiltersBefore()
#17 /srv/caviar/caviar-deployment/vendor/magento/module-catalog-search/Model/ResourceModel/Fulltext/Collection.php(582): Magento\Framework\Data\Collection\AbstractDb->_renderFilters()
#18 /srv/caviar/caviar-deployment/vendor/magento/module-eav/Model/Entity/Collection/AbstractCollection.php(929): Magento\CatalogSearch\Model\ResourceModel\Fulltext\Collection->_renderFilters()
#19 /srv/caviar/caviar-deployment/vendor/magento/module-catalog/Model/ResourceModel/Product/Collection.php(801): Magento\Eav\Model\Entity\Collection\AbstractCollection->load()
#20 /srv/caviar/caviar-deployment/vendor/magento/framework/Interception/Interceptor.php(58): Magento\Catalog\Model\ResourceModel\Product\Collection->load()
#21 /srv/caviar/caviar-deployment/vendor/magento/framework/Interception/Interceptor.php(138): Magento\CatalogSearch\Model\ResourceModel\Fulltext\Collection\Interceptor->___callParent()
#22 /srv/caviar/caviar-deployment/vendor/magento/framework/Interception/Interceptor.php(153): Magento\CatalogSearch\Model\ResourceModel\Fulltext\Collection\Interceptor->Magento\Framework\Interception\{closure}()
#23 /srv/caviar/caviar-deployment/generated/code/Magento/CatalogSearch/Model/ResourceModel/Fulltext/Collection/Interceptor.php(41): Magento\CatalogSearch\Model\ResourceModel\Fulltext\Collection\Interceptor->___callPlugins()
#24 /srv/caviar/caviar-deployment/vendor/magento/module-catalog/Block/Product/ListProduct.php(199): Magento\CatalogSearch\Model\ResourceModel\Fulltext\Collection\Interceptor->load()
#25 /srv/caviar/caviar-deployment/vendor/magento/framework/View/Element/AbstractBlock.php(1127): Magento\Catalog\Block\Product\ListProduct->_beforeToHtml()
#26 /srv/caviar/caviar-deployment/vendor/magento/framework/View/Element/AbstractBlock.php(1132): Magento\Framework\View\Element\AbstractBlock->Magento\Framework\View\Element\{closure}()
#27 /srv/caviar/caviar-deployment/vendor/magento/framework/View/Element/AbstractBlock.php(676): Magento\Framework\View\Element\AbstractBlock->_loadCache()
#28 /srv/caviar/caviar-deployment/vendor/magento/framework/View/Layout.php(578): Magento\Framework\View\Element\AbstractBlock->toHtml()
#29 /srv/caviar/caviar-deployment/vendor/magento/framework/View/Layout.php(555): Magento\Framework\View\Layout->_renderBlock()
#30 /srv/caviar/caviar-deployment/vendor/magento/framework/View/Layout.php(510): Magento\Framework\View\Layout->renderNonCachedElement()
#31 /srv/caviar/caviar-deployment/vendor/magento/framework/View/Element/AbstractBlock.php(523): Magento\Framework\View\Layout->renderElement()
#32 /srv/caviar/caviar-deployment/vendor/magento/module-catalog/Block/Category/View.php(100): Magento\Framework\View\Element\AbstractBlock->getChildHtml()
#33 /srv/caviar/caviar-deployment/vendor/magento/module-catalog/view/frontend/templates/category/products.phtml(15): Magento\Catalog\Block\Category\View->getProductListHtml()
#34 /srv/caviar/caviar-deployment/vendor/magento/framework/View/TemplateEngine/Php.php(71): include('...')
#35 /srv/caviar/caviar-deployment/vendor/magento/framework/View/Element/Template.php(263): Magento\Framework\View\TemplateEngine\Php->render()
#36 /srv/caviar/caviar-deployment/vendor/magento/framework/View/Element/Template.php(293): Magento\Framework\View\Element\Template->fetchView()
#37 /srv/caviar/caviar-deployment/vendor/magento/framework/View/Element/AbstractBlock.php(1128): Magento\Framework\View\Element\Template->_toHtml()
#38 /srv/caviar/caviar-deployment/vendor/magento/framework/View/Element/AbstractBlock.php(1132): Magento\Framework\View\Element\AbstractBlock->Magento\Framework\View\Element\{closure}()
#39 /srv/caviar/caviar-deployment/vendor/magento/framework/View/Element/AbstractBlock.php(676): Magento\Framework\View\Element\AbstractBlock->_loadCache()
#40 /srv/caviar/caviar-deployment/vendor/magento/framework/View/Layout.php(578): Magento\Framework\View\Element\AbstractBlock->toHtml()
#41 /srv/caviar/caviar-deployment/vendor/magento/framework/View/Layout.php(555): Magento\Framework\View\Layout->_renderBlock()
#42 /srv/caviar/caviar-deployment/vendor/magento/framework/View/Layout.php(510): Magento\Framework\View\Layout->renderNonCachedElement()
#43 /srv/caviar/caviar-deployment/vendor/magento/framework/View/Layout.php(606): Magento\Framework\View\Layout->renderElement()
#44 /srv/caviar/caviar-deployment/vendor/magento/framework/View/Layout.php(557): Magento\Framework\View\Layout->_renderContainer()
#45 /srv/caviar/caviar-deployment/vendor/magento/framework/View/Layout.php(510): Magento\Framework\View\Layout->renderNonCachedElement()
#46 /srv/caviar/caviar-deployment/vendor/magento/framework/View/Layout.php(606): Magento\Framework\View\Layout->renderElement()
#47 /srv/caviar/caviar-deployment/vendor/magento/framework/View/Layout.php(557): Magento\Framework\View\Layout->_renderContainer()
#48 /srv/caviar/caviar-deployment/vendor/magento/framework/View/Layout.php(510): Magento\Framework\View\Layout->renderNonCachedElement()
#49 /srv/caviar/caviar-deployment/vendor/magento/framework/View/Layout.php(606): Magento\Framework\View\Layout->renderElement()
#50 /srv/caviar/caviar-deployment/vendor/magento/framework/View/Layout.php(557): Magento\Framework\View\Layout->_renderContainer()
#51 /srv/caviar/caviar-deployment/vendor/magento/framework/View/Layout.php(510): Magento\Framework\View\Layout->renderNonCachedElement()
#52 /srv/caviar/caviar-deployment/vendor/magento/framework/View/Layout.php(606): Magento\Framework\View\Layout->renderElement()
#53 /srv/caviar/caviar-deployment/vendor/magento/framework/View/Layout.php(557): Magento\Framework\View\Layout->_renderContainer()
#54 /srv/caviar/caviar-deployment/vendor/magento/framework/View/Layout.php(510): Magento\Framework\View\Layout->renderNonCachedElement()
#55 /srv/caviar/caviar-deployment/vendor/magento/framework/View/Layout.php(606): Magento\Framework\View\Layout->renderElement()
#56 /srv/caviar/caviar-deployment/vendor/magento/framework/View/Layout.php(557): Magento\Framework\View\Layout->_renderContainer()
#57 /srv/caviar/caviar-deployment/vendor/magento/framework/View/Layout.php(510): Magento\Framework\View\Layout->renderNonCachedElement()
#58 /srv/caviar/caviar-deployment/vendor/magento/framework/View/Layout.php(606): Magento\Framework\View\Layout->renderElement()
#59 /srv/caviar/caviar-deployment/vendor/magento/framework/View/Layout.php(557): Magento\Framework\View\Layout->_renderContainer()
#60 /srv/caviar/caviar-deployment/vendor/magento/framework/View/Layout.php(510): Magento\Framework\View\Layout->renderNonCachedElement()
#61 /srv/caviar/caviar-deployment/vendor/magento/framework/View/Layout.php(975): Magento\Framework\View\Layout->renderElement()
#62 /srv/caviar/caviar-deployment/vendor/magento/framework/Interception/Interceptor.php(58): Magento\Framework\View\Layout->getOutput()
#63 /srv/caviar/caviar-deployment/vendor/magento/framework/Interception/Interceptor.php(138): Magento\Framework\View\Layout\Interceptor->___callParent()
#64 /srv/caviar/caviar-deployment/vendor/magento/framework/Interception/Interceptor.php(153): Magento\Framework\View\Layout\Interceptor->Magento\Framework\Interception\{closure}()
#65 /srv/caviar/caviar-deployment/generated/code/Magento/Framework/View/Layout/Interceptor.php(41): Magento\Framework\View\Layout\Interceptor->___callPlugins()
#66 /srv/caviar/caviar-deployment/vendor/magento/framework/View/Result/Page.php(260): Magento\Framework\View\Layout\Interceptor->getOutput()
#67 /srv/caviar/caviar-deployment/vendor/magento/framework/View/Result/Layout.php(171): Magento\Framework\View\Result\Page->render()
#68 /srv/caviar/caviar-deployment/vendor/magento/framework/Interception/Interceptor.php(58): Magento\Framework\View\Result\Layout->renderResult()
#69 /srv/caviar/caviar-deployment/vendor/magento/framework/Interception/Interceptor.php(138): Magento\Framework\View\Result\Page\Interceptor->___callParent()
#70 /srv/caviar/caviar-deployment/vendor/magento/framework/Interception/Interceptor.php(153): Magento\Framework\View\Result\Page\Interceptor->Magento\Framework\Interception\{closure}()
#71 /srv/caviar/caviar-deployment/generated/code/Magento/Framework/View/Result/Page/Interceptor.php(32): Magento\Framework\View\Result\Page\Interceptor->___callPlugins()
#72 /srv/caviar/caviar-deployment/vendor/magento/framework/App/Http.php(120): Magento\Framework\View\Result\Page\Interceptor->renderResult()
#73 /srv/caviar/caviar-deployment/vendor/magento/framework/App/Bootstrap.php(264): Magento\Framework\App\Http->launch()
#74 /srv/caviar/caviar-deployment/pub/index.php(30): Magento\Framework\App\Bootstrap->run()
#75 {main} {"exception":"[object] (Elasticsearch\\Common\\Exceptions\\NoNodesAvailableException(code: 0): No alive nodes found in your cluster at /srv/caviar/caviar-deployment/vendor/elasticsearch/elasticsearch/src/Elasticsearch/ConnectionPool/StaticNoPingConnectionPool.php:64)"} []
[2025-10-10T13:54:08.957191+00:00] main.CRITICAL: Elasticsearch\Common\Exceptions\NoNodesAvailableException: No alive nodes found in your cluster in /srv/caviar/caviar-deployment/vendor/elasticsearch/elasticsearch/src/Elasticsearch/ConnectionPool/StaticNoPingConnectionPool.php:64
Stack trace:
#0 /srv/caviar/caviar-deployment/vendor/elasticsearch/elasticsearch/src/Elasticsearch/Transport.php(82): Elasticsearch\ConnectionPool\StaticNoPingConnectionPool->nextConnection()
#1 /srv/caviar/caviar-deployment/vendor/elasticsearch/elasticsearch/src/Elasticsearch/Transport.php(99): Elasticsearch\Transport->getConnection()
#2 /srv/caviar/caviar-deployment/vendor/elasticsearch/elasticsearch/src/Elasticsearch/Connections/Connection.php(296): Elasticsearch\Transport->performRequest()
#3 /srv/caviar/caviar-deployment/vendor/react/promise/src/Internal/FulfilledPromise.php(47): Elasticsearch\Connections\Connection->Elasticsearch\Connections\{closure}()
#4 /srv/caviar/caviar-deployment/vendor/ezimuel/ringphp/src/Future/CompletedFutureValue.php(66): React\Promise\Internal\FulfilledPromise->then()
#5 /srv/caviar/caviar-deployment/vendor/ezimuel/ringphp/src/Core.php(341): GuzzleHttp\Ring\Future\CompletedFutureValue->then()
#6 /srv/caviar/caviar-deployment/vendor/elasticsearch/elasticsearch/src/Elasticsearch/Connections/Connection.php(264): GuzzleHttp\Ring\Core::proxy()
#7 /srv/caviar/caviar-deployment/vendor/elasticsearch/elasticsearch/src/Elasticsearch/Connections/Connection.php(241): Elasticsearch\Connections\Connection->Elasticsearch\Connections\{closure}()
#8 /srv/caviar/caviar-deployment/vendor/elasticsearch/elasticsearch/src/Elasticsearch/Transport.php(109): Elasticsearch\Connections\Connection->performRequest()
#9 /srv/caviar/caviar-deployment/vendor/elasticsearch/elasticsearch/src/Elasticsearch/Client.php(1924): Elasticsearch\Transport->performRequest()
#10 /srv/caviar/caviar-deployment/vendor/elasticsearch/elasticsearch/src/Elasticsearch/Client.php(1353): Elasticsearch\Client->performRequest()
#11 /srv/caviar/caviar-deployment/vendor/magento/module-elasticsearch-7/Model/Client/Elasticsearch.php(338): Elasticsearch\Client->search()
#12 /srv/caviar/caviar-deployment/vendor/magento/module-elasticsearch-7/SearchAdapter/Adapter.php(117): Magento\Elasticsearch7\Model\Client\Elasticsearch->query()
#13 /srv/caviar/caviar-deployment/vendor/magento/module-search/Model/SearchEngine.php(42): Magento\Elasticsearch7\SearchAdapter\Adapter->query()
#14 /srv/caviar/caviar-deployment/vendor/magento/framework/Search/Search.php(85): Magento\Search\Model\SearchEngine->search()
#15 /srv/caviar/caviar-deployment/vendor/magento/module-catalog-search/Model/ResourceModel/Fulltext/Collection.php(464): Magento\Framework\Search\Search->search()
#16 /srv/caviar/caviar-deployment/vendor/magento/framework/Data/Collection/AbstractDb.php(343): Magento\CatalogSearch\Model\ResourceModel\Fulltext\Collection->_renderFiltersBefore()
#17 /srv/caviar/caviar-deployment/vendor/magento/module-catalog-search/Model/ResourceModel/Fulltext/Collection.php(582): Magento\Framework\Data\Collection\AbstractDb->_renderFilters()
#18 /srv/caviar/caviar-deployment/vendor/magento/module-eav/Model/Entity/Collection/AbstractCollection.php(929): Magento\CatalogSearch\Model\ResourceModel\Fulltext\Collection->_renderFilters()
#19 /srv/caviar/caviar-deployment/vendor/magento/module-catalog/Model/ResourceModel/Product/Collection.php(801): Magento\Eav\Model\Entity\Collection\AbstractCollection->load()
#20 /srv/caviar/caviar-deployment/vendor/magento/framework/Interception/Interceptor.php(58): Magento\Catalog\Model\ResourceModel\Product\Collection->load()
#21 /srv/caviar/caviar-deployment/vendor/magento/framework/Interception/Interceptor.php(138): Magento\CatalogSearch\Model\ResourceModel\Fulltext\Collection\Interceptor->___callParent()
#22 /srv/caviar/caviar-deployment/vendor/magento/framework/Interception/Interceptor.php(153): Magento\CatalogSearch\Model\ResourceModel\Fulltext\Collection\Interceptor->Magento\Framework\Interception\{closure}()
#23 /srv/caviar/caviar-deployment/generated/code/Magento/CatalogSearch/Model/ResourceModel/Fulltext/Collection/Interceptor.php(41): Magento\CatalogSearch\Model\ResourceModel\Fulltext\Collection\Interceptor->___callPlugins()
#24 /srv/caviar/caviar-deployment/vendor/magento/module-catalog/Block/Product/ListProduct.php(199): Magento\CatalogSearch\Model\ResourceModel\Fulltext\Collection\Interceptor->load()
#25 /srv/caviar/caviar-deployment/vendor/magento/framework/View/Element/AbstractBlock.php(1127): Magento\Catalog\Block\Product\ListProduct->_beforeToHtml()
#26 /srv/caviar/caviar-deployment/vendor/magento/framework/View/Element/AbstractBlock.php(1132): Magento\Framework\View\Element\AbstractBlock->Magento\Framework\View\Element\{closure}()
#27 /srv/caviar/caviar-deployment/vendor/magento/framework/View/Element/AbstractBlock.php(676): Magento\Framework\View\Element\AbstractBlock->_loadCache()
#28 /srv/caviar/caviar-deployment/vendor/magento/framework/View/Layout.php(578): Magento\Framework\View\Element\AbstractBlock->toHtml()
#29 /srv/caviar/caviar-deployment/vendor/magento/framework/View/Layout.php(555): Magento\Framework\View\Layout->_renderBlock()
#30 /srv/caviar/caviar-deployment/vendor/magento/framework/View/Layout.php(510): Magento\Framework\View\Layout->renderNonCachedElement()
#31 /srv/caviar/caviar-deployment/vendor/magento/framework/View/Element/AbstractBlock.php(523): Magento\Framework\View\Layout->renderElement()
#32 /srv/caviar/caviar-deployment/vendor/magento/module-catalog/Block/Category/View.php(100): Magento\Framework\View\Element\AbstractBlock->getChildHtml()
#33 /srv/caviar/caviar-deployment/vendor/magento/module-catalog/view/frontend/templates/category/products.phtml(15): Magento\Catalog\Block\Category\View->getProductListHtml()
#34 /srv/caviar/caviar-deployment/vendor/magento/framework/View/TemplateEngine/Php.php(71): include('...')
#35 /srv/caviar/caviar-deployment/vendor/magento/framework/View/Element/Template.php(263): Magento\Framework\View\TemplateEngine\Php->render()
#36 /srv/caviar/caviar-deployment/vendor/magento/framework/View/Element/Template.php(293): Magento\Framework\View\Element\Template->fetchView()
#37 /srv/caviar/caviar-deployment/vendor/magento/framework/View/Element/AbstractBlock.php(1128): Magento\Framework\View\Element\Template->_toHtml()
#38 /srv/caviar/caviar-deployment/vendor/magento/framework/View/Element/AbstractBlock.php(1132): Magento\Framework\View\Element\AbstractBlock->Magento\Framework\View\Element\{closure}()
#39 /srv/caviar/caviar-deployment/vendor/magento/framework/View/Element/AbstractBlock.php(676): Magento\Framework\View\Element\AbstractBlock->_loadCache()
#40 /srv/caviar/caviar-deployment/vendor/magento/framework/View/Layout.php(578): Magento\Framework\View\Element\AbstractBlock->toHtml()
#41 /srv/caviar/caviar-deployment/vendor/magento/framework/View/Layout.php(555): Magento\Framework\View\Layout->_renderBlock()
#42 /srv/caviar/caviar-deployment/vendor/magento/framework/View/Layout.php(510): Magento\Framework\View\Layout->renderNonCachedElement()
#43 /srv/caviar/caviar-deployment/vendor/magento/framework/View/Layout.php(606): Magento\Framework\View\Layout->renderElement()
#44 /srv/caviar/caviar-deployment/vendor/magento/framework/View/Layout.php(557): Magento\Framework\View\Layout->_renderContainer()
#45 /srv/caviar/caviar-deployment/vendor/magento/framework/View/Layout.php(510): Magento\Framework\View\Layout->renderNonCachedElement()
#46 /srv/caviar/caviar-deployment/vendor/magento/framework/View/Layout.php(606): Magento\Framework\View\Layout->renderElement()
#47 /srv/caviar/caviar-deployment/vendor/magento/framework/View/Layout.php(557): Magento\Framework\View\Layout->_renderContainer()
#48 /srv/caviar/caviar-deployment/vendor/magento/framework/View/Layout.php(510): Magento\Framework\View\Layout->renderNonCachedElement()
#49 /srv/caviar/caviar-deployment/vendor/magento/framework/View/Layout.php(606): Magento\Framework\View\Layout->renderElement()
#50 /srv/caviar/caviar-deployment/vendor/magento/framework/View/Layout.php(557): Magento\Framework\View\Layout->_renderContainer()
#51 /srv/caviar/caviar-deployment/vendor/magento/framework/View/Layout.php(510): Magento\Framework\View\Layout->renderNonCachedElement()
#52 /srv/caviar/caviar-deployment/vendor/magento/framework/View/Layout.php(606): Magento\Framework\View\Layout->renderElement()
#53 /srv/caviar/caviar-deployment/vendor/magento/framework/View/Layout.php(557): Magento\Framework\View\Layout->_renderContainer()
#54 /srv/caviar/caviar-deployment/vendor/magento/framework/View/Layout.php(510): Magento\Framework\View\Layout->renderNonCachedElement()
#55 /srv/caviar/caviar-deployment/vendor/magento/framework/View/Layout.php(606): Magento\Framework\View\Layout->renderElement()
#56 /srv/caviar/caviar-deployment/vendor/magento/framework/View/Layout.php(557): Magento\Framework\View\Layout->_renderContainer()
#57 /srv/caviar/caviar-deployment/vendor/magento/framework/View/Layout.php(510): Magento\Framework\View\Layout->renderNonCachedElement()
#58 /srv/caviar/caviar-deployment/vendor/magento/framework/View/Layout.php(606): Magento\Framework\View\Layout->renderElement()
#59 /srv/caviar/caviar-deployment/vendor/magento/framework/View/Layout.php(557): Magento\Framework\View\Layout->_renderContainer()
#60 /srv/caviar/caviar-deployment/vendor/magento/framework/View/Layout.php(510): Magento\Framework\View\Layout->renderNonCachedElement()
#61 /srv/caviar/caviar-deployment/vendor/magento/framework/View/Layout.php(975): Magento\Framework\View\Layout->renderElement()
#62 /srv/caviar/caviar-deployment/vendor/magento/framework/Interception/Interceptor.php(58): Magento\Framework\View\Layout->getOutput()
#63 /srv/caviar/caviar-deployment/vendor/magento/framework/Interception/Interceptor.php(138): Magento\Framework\View\Layout\Interceptor->___callParent()
#64 /srv/caviar/caviar-deployment/vendor/magento/framework/Interception/Interceptor.php(153): Magento\Framework\View\Layout\Interceptor->Magento\Framework\Interception\{closure}()
#65 /srv/caviar/caviar-deployment/generated/code/Magento/Framework/View/Layout/Interceptor.php(41): Magento\Framework\View\Layout\Interceptor->___callPlugins()
#66 /srv/caviar/caviar-deployment/vendor/magento/framework/View/Result/Page.php(260): Magento\Framework\View\Layout\Interceptor->getOutput()
#67 /srv/caviar/caviar-deployment/vendor/magento/framework/View/Result/Layout.php(171): Magento\Framework\View\Result\Page->render()
#68 /srv/caviar/caviar-deployment/vendor/magento/framework/Interception/Interceptor.php(58): Magento\Framework\View\Result\Layout->renderResult()
#69 /srv/caviar/caviar-deployment/vendor/magento/framework/Interception/Interceptor.php(138): Magento\Framework\View\Result\Page\Interceptor->___callParent()
#70 /srv/caviar/caviar-deployment/vendor/magento/framework/Interception/Interceptor.php(153): Magento\Framework\View\Result\Page\Interceptor->Magento\Framework\Interception\{closure}()
#71 /srv/caviar/caviar-deployment/generated/code/Magento/Framework/View/Result/Page/Interceptor.php(32): Magento\Framework\View\Result\Page\Interceptor->___callPlugins()
#72 /srv/caviar/caviar-deployment/vendor/magento/framework/App/Http.php(120): Magento\Framework\View\Result\Page\Interceptor->renderResult()
#73 /srv/caviar/caviar-deployment/vendor/magento/framework/App/Bootstrap.php(264): Magento\Framework\App\Http->launch()
#74 /srv/caviar/caviar-deployment/pub/index.php(30): Magento\Framework\App\Bootstrap->run()
#75 {main} {"exception":"[object] (Elasticsearch\\Common\\Exceptions\\NoNodesAvailableException(code: 0): No alive nodes found in your cluster at /srv/caviar/caviar-deployment/vendor/elasticsearch/elasticsearch/src/Elasticsearch/ConnectionPool/StaticNoPingConnectionPool.php:64)"} []
[2025-10-10T13:54:10.186828+00:00] main.CRITICAL: Elasticsearch\Common\Exceptions\NoNodesAvailableException: No alive nodes found in your cluster in /srv/caviar/caviar-deployment/vendor/elasticsearch/elasticsearch/src/Elasticsearch/ConnectionPool/StaticNoPingConnectionPool.php:64
Stack trace:
#0 /srv/caviar/caviar-deployment/vendor/elasticsearch/elasticsearch/src/Elasticsearch/Transport.php(82): Elasticsearch\ConnectionPool\StaticNoPingConnectionPool->nextConnection()
#1 /srv/caviar/caviar-deployment/vendor/elasticsearch/elasticsearch/src/Elasticsearch/Transport.php(99): Elasticsearch\Transport->getConnection()
#2 /srv/caviar/caviar-deployment/vendor/elasticsearch/elasticsearch/src/Elasticsearch/Connections/Connection.php(296): Elasticsearch\Transport->performRequest()
#3 /srv/caviar/caviar-deployment/vendor/react/promise/src/Internal/FulfilledPromise.php(47): Elasticsearch\Connections\Connection->Elasticsearch\Connections\{closure}()
#4 /srv/caviar/caviar-deployment/vendor/ezimuel/ringphp/src/Future/CompletedFutureValue.php(66): React\Promise\Internal\FulfilledPromise->then()
#5 /srv/caviar/caviar-deployment/vendor/ezimuel/ringphp/src/Core.php(341): GuzzleHttp\Ring\Future\CompletedFutureValue->then()
#6 /srv/caviar/caviar-deployment/vendor/elasticsearch/elasticsearch/src/Elasticsearch/Connections/Connection.php(264): GuzzleHttp\Ring\Core::proxy()
#7 /srv/caviar/caviar-deployment/vendor/elasticsearch/elasticsearch/src/Elasticsearch/Connections/Connection.php(241): Elasticsearch\Connections\Connection->Elasticsearch\Connections\{closure}()
#8 /srv/caviar/caviar-deployment/vendor/elasticsearch/elasticsearch/src/Elasticsearch/Transport.php(109): Elasticsearch\Connections\Connection->performRequest()
#9 /srv/caviar/caviar-deployment/vendor/elasticsearch/elasticsearch/src/Elasticsearch/Client.php(1924): Elasticsearch\Transport->performRequest()
#10 /srv/caviar/caviar-deployment/vendor/elasticsearch/elasticsearch/src/Elasticsearch/Client.php(1353): Elasticsearch\Client->performRequest()
#11 /srv/caviar/caviar-deployment/vendor/magento/module-elasticsearch-7/Model/Client/Elasticsearch.php(338): Elasticsearch\Client->search()
#12 /srv/caviar/caviar-deployment/vendor/magento/module-elasticsearch-7/SearchAdapter/Adapter.php(117): Magento\Elasticsearch7\Model\Client\Elasticsearch->query()
#13 /srv/caviar/caviar-deployment/vendor/magento/module-search/Model/SearchEngine.php(42): Magento\Elasticsearch7\SearchAdapter\Adapter->query()
#14 /srv/caviar/caviar-deployment/vendor/magento/framework/Search/Search.php(85): Magento\Search\Model\SearchEngine->search()
#15 /srv/caviar/caviar-deployment/vendor/magento/module-catalog-search/Model/ResourceModel/Fulltext/Collection.php(464): Magento\Framework\Search\Search->search()
#16 /srv/caviar/caviar-deployment/vendor/magento/framework/Data/Collection/AbstractDb.php(343): Magento\CatalogSearch\Model\ResourceModel\Fulltext\Collection->_renderFiltersBefore()
#17 /srv/caviar/caviar-deployment/vendor/magento/module-catalog-search/Model/ResourceModel/Fulltext/Collection.php(582): Magento\Framework\Data\Collection\AbstractDb->_renderFilters()
#18 /srv/caviar/caviar-deployment/vendor/magento/module-eav/Model/Entity/Collection/AbstractCollection.php(929): Magento\CatalogSearch\Model\ResourceModel\Fulltext\Collection->_renderFilters()
#19 /srv/caviar/caviar-deployment/vendor/magento/module-catalog/Model/ResourceModel/Product/Collection.php(801): Magento\Eav\Model\Entity\Collection\AbstractCollection->load()
#20 /srv/caviar/caviar-deployment/vendor/magento/framework/Interception/Interceptor.php(58): Magento\Catalog\Model\ResourceModel\Product\Collection->load()
#21 /srv/caviar/caviar-deployment/vendor/magento/framework/Interception/Interceptor.php(138): Magento\CatalogSearch\Model\ResourceModel\Fulltext\Collection\Interceptor->___callParent()
#22 /srv/caviar/caviar-deployment/vendor/magento/framework/Interception/Interceptor.php(153): Magento\CatalogSearch\Model\ResourceModel\Fulltext\Collection\Interceptor->Magento\Framework\Interception\{closure}()
#23 /srv/caviar/caviar-deployment/generated/code/Magento/CatalogSearch/Model/ResourceModel/Fulltext/Collection/Interceptor.php(41): Magento\CatalogSearch\Model\ResourceModel\Fulltext\Collection\Interceptor->___callPlugins()
#24 /srv/caviar/caviar-deployment/vendor/magento/module-catalog/Block/Product/ListProduct.php(199): Magento\CatalogSearch\Model\ResourceModel\Fulltext\Collection\Interceptor->load()
#25 /srv/caviar/caviar-deployment/vendor/magento/framework/View/Element/AbstractBlock.php(1127): Magento\Catalog\Block\Product\ListProduct->_beforeToHtml()
#26 /srv/caviar/caviar-deployment/vendor/magento/framework/View/Element/AbstractBlock.php(1132): Magento\Framework\View\Element\AbstractBlock->Magento\Framework\View\Element\{closure}()
#27 /srv/caviar/caviar-deployment/vendor/magento/framework/View/Element/AbstractBlock.php(676): Magento\Framework\View\Element\AbstractBlock->_loadCache()
#28 /srv/caviar/caviar-deployment/vendor/magento/framework/View/Layout.php(578): Magento\Framework\View\Element\AbstractBlock->toHtml()
#29 /srv/caviar/caviar-deployment/vendor/magento/framework/View/Layout.php(555): Magento\Framework\View\Layout->_renderBlock()
#30 /srv/caviar/caviar-deployment/vendor/magento/framework/View/Layout.php(510): Magento\Framework\View\Layout->renderNonCachedElement()
#31 /srv/caviar/caviar-deployment/vendor/magento/framework/View/Element/AbstractBlock.php(523): Magento\Framework\View\Layout->renderElement()
#32 /srv/caviar/caviar-deployment/vendor/magento/module-catalog/Block/Category/View.php(100): Magento\Framework\View\Element\AbstractBlock->getChildHtml()
#33 /srv/caviar/caviar-deployment/vendor/magento/module-catalog/view/frontend/templates/category/products.phtml(15): Magento\Catalog\Block\Category\View->getProductListHtml()
#34 /srv/caviar/caviar-deployment/vendor/magento/framework/View/TemplateEngine/Php.php(71): include('...')
#35 /srv/caviar/caviar-deployment/vendor/magento/framework/View/Element/Template.php(263): Magento\Framework\View\TemplateEngine\Php->render()
#36 /srv/caviar/caviar-deployment/vendor/magento/framework/View/Element/Template.php(293): Magento\Framework\View\Element\Template->fetchView()
#37 /srv/caviar/caviar-deployment/vendor/magento/framework/View/Element/AbstractBlock.php(1128): Magento\Framework\View\Element\Template->_toHtml()
#38 /srv/caviar/caviar-deployment/vendor/magento/framework/View/Element/AbstractBlock.php(1132): Magento\Framework\View\Element\AbstractBlock->Magento\Framework\View\Element\{closure}()
#39 /srv/caviar/caviar-deployment/vendor/magento/framework/View/Element/AbstractBlock.php(676): Magento\Framework\View\Element\AbstractBlock->_loadCache()
#40 /srv/caviar/caviar-deployment/vendor/magento/framework/View/Layout.php(578): Magento\Framework\View\Element\AbstractBlock->toHtml()
#41 /srv/caviar/caviar-deployment/vendor/magento/framework/View/Layout.php(555): Magento\Framework\View\Layout->_renderBlock()
#42 /srv/caviar/caviar-deployment/vendor/magento/framework/View/Layout.php(510): Magento\Framework\View\Layout->renderNonCachedElement()
#43 /srv/caviar/caviar-deployment/vendor/magento/framework/View/Layout.php(606): Magento\Framework\View\Layout->renderElement()
#44 /srv/caviar/caviar-deployment/vendor/magento/framework/View/Layout.php(557): Magento\Framework\View\Layout->_renderContainer()
#45 /srv/caviar/caviar-deployment/vendor/magento/framework/View/Layout.php(510): Magento\Framework\View\Layout->renderNonCachedElement()
#46 /srv/caviar/caviar-deployment/vendor/magento/framework/View/Layout.php(606): Magento\Framework\View\Layout->renderElement()
#47 /srv/caviar/caviar-deployment/vendor/magento/framework/View/Layout.php(557): Magento\Framework\View\Layout->_renderContainer()
#48 /srv/caviar/caviar-deployment/vendor/magento/framework/View/Layout.php(510): Magento\Framework\View\Layout->renderNonCachedElement()
#49 /srv/caviar/caviar-deployment/vendor/magento/framework/View/Layout.php(606): Magento\Framework\View\Layout->renderElement()
#50 /srv/caviar/caviar-deployment/vendor/magento/framework/View/Layout.php(557): Magento\Framework\View\Layout->_renderContainer()
#51 /srv/caviar/caviar-deployment/vendor/magento/framework/View/Layout.php(510): Magento\Framework\View\Layout->renderNonCachedElement()
#52 /srv/caviar/caviar-deployment/vendor/magento/framework/View/Layout.php(606): Magento\Framework\View\Layout->renderElement()
#53 /srv/caviar/caviar-deployment/vendor/magento/framework/View/Layout.php(557): Magento\Framework\View\Layout->_renderContainer()
#54 /srv/caviar/caviar-deployment/vendor/magento/framework/View/Layout.php(510): Magento\Framework\View\Layout->renderNonCachedElement()
#55 /srv/caviar/caviar-deployment/vendor/magento/framework/View/Layout.php(606): Magento\Framework\View\Layout->renderElement()
#56 /srv/caviar/caviar-deployment/vendor/magento/framework/View/Layout.php(557): Magento\Framework\View\Layout->_renderContainer()
#57 /srv/caviar/caviar-deployment/vendor/magento/framework/View/Layout.php(510): Magento\Framework\View\Layout->renderNonCachedElement()
#58 /srv/caviar/caviar-deployment/vendor/magento/framework/View/Layout.php(606): Magento\Framework\View\Layout->renderElement()
#59 /srv/caviar/caviar-deployment/vendor/magento/framework/View/Layout.php(557): Magento\Framework\View\Layout->_renderContainer()
#60 /srv/caviar/caviar-deployment/vendor/magento/framework/View/Layout.php(510): Magento\Framework\View\Layout->renderNonCachedElement()
#61 /srv/caviar/caviar-deployment/vendor/magento/framework/View/Layout.php(975): Magento\Framework\View\Layout->renderElement()
#62 /srv/caviar/caviar-deployment/vendor/magento/framework/Interception/Interceptor.php(58): Magento\Framework\View\Layout->getOutput()
#63 /srv/caviar/caviar-deployment/vendor/magento/framework/Interception/Interceptor.php(138): Magento\Framework\View\Layout\Interceptor->___callParent()
#64 /srv/caviar/caviar-deployment/vendor/magento/framework/Interception/Interceptor.php(153): Magento\Framework\View\Layout\Interceptor->Magento\Framework\Interception\{closure}()
#65 /srv/caviar/caviar-deployment/generated/code/Magento/Framework/View/Layout/Interceptor.php(41): Magento\Framework\View\Layout\Interceptor->___callPlugins()
#66 /srv/caviar/caviar-deployment/vendor/magento/framework/View/Result/Page.php(260): Magento\Framework\View\Layout\Interceptor->getOutput()
#67 /srv/caviar/caviar-deployment/vendor/magento/framework/View/Result/Layout.php(171): Magento\Framework\View\Result\Page->render()
#68 /srv/caviar/caviar-deployment/vendor/magento/framework/Interception/Interceptor.php(58): Magento\Framework\View\Result\Layout->renderResult()
#69 /srv/caviar/caviar-deployment/vendor/magento/framework/Interception/Interceptor.php(138): Magento\Framework\View\Result\Page\Interceptor->___callParent()
#70 /srv/caviar/caviar-deployment/vendor/magento/framework/Interception/Interceptor.php(153): Magento\Framework\View\Result\Page\Interceptor->Magento\Framework\Interception\{closure}()
#71 /srv/caviar/caviar-deployment/generated/code/Magento/Framework/View/Result/Page/Interceptor.php(32): Magento\Framework\View\Result\Page\Interceptor->___callPlugins()
#72 /srv/caviar/caviar-deployment/vendor/magento/framework/App/Http.php(120): Magento\Framework\View\Result\Page\Interceptor->renderResult()
#73 /srv/caviar/caviar-deployment/vendor/magento/framework/App/Bootstrap.php(264): Magento\Framework\App\Http->launch()
#74 /srv/caviar/caviar-deployment/pub/index.php(30): Magento\Framework\App\Bootstrap->run()
#75 {main} {"exception":"[object] (Elasticsearch\\Common\\Exceptions\\NoNodesAvailableException(code: 0): No alive nodes found in your cluster at /srv/caviar/caviar-deployment/vendor/elasticsearch/elasticsearch/src/Elasticsearch/ConnectionPool/StaticNoPingConnectionPool.php:64)"} []
[2025-10-10T13:54:11.551252+00:00] main.CRITICAL: Elasticsearch\Common\Exceptions\NoNodesAvailableException: No alive nodes found in your cluster in /srv/caviar/caviar-deployment/vendor/elasticsearch/elasticsearch/src/Elasticsearch/ConnectionPool/StaticNoPingConnectionPool.php:64
Stack trace:
#0 /srv/caviar/caviar-deployment/vendor/elasticsearch/elasticsearch/src/Elasticsearch/Transport.php(82): Elasticsearch\ConnectionPool\StaticNoPingConnectionPool->nextConnection()
#1 /srv/caviar/caviar-deployment/vendor/elasticsearch/elasticsearch/src/Elasticsearch/Transport.php(99): Elasticsearch\Transport->getConnection()
#2 /srv/caviar/caviar-deployment/vendor/elasticsearch/elasticsearch/src/Elasticsearch/Connections/Connection.php(296): Elasticsearch\Transport->performRequest()
#3 /srv/caviar/caviar-deployment/vendor/react/promise/src/Internal/FulfilledPromise.php(47): Elasticsearch\Connections\Connection->Elasticsearch\Connections\{closure}()
#4 /srv/caviar/caviar-deployment/vendor/ezimuel/ringphp/src/Future/CompletedFutureValue.php(66): React\Promise\Internal\FulfilledPromise->then()
#5 /srv/caviar/caviar-deployment/vendor/ezimuel/ringphp/src/Core.php(341): GuzzleHttp\Ring\Future\CompletedFutureValue->then()
#6 /srv/caviar/caviar-deployment/vendor/elasticsearch/elasticsearch/src/Elasticsearch/Connections/Connection.php(264): GuzzleHttp\Ring\Core::proxy()
#7 /srv/caviar/caviar-deployment/vendor/elasticsearch/elasticsearch/src/Elasticsearch/Connections/Connection.php(241): Elasticsearch\Connections\Connection->Elasticsearch\Connections\{closure}()
#8 /srv/caviar/caviar-deployment/vendor/elasticsearch/elasticsearch/src/Elasticsearch/Transport.php(109): Elasticsearch\Connections\Connection->performRequest()
#9 /srv/caviar/caviar-deployment/vendor/elasticsearch/elasticsearch/src/Elasticsearch/Client.php(1924): Elasticsearch\Transport->performRequest()
#10 /srv/caviar/caviar-deployment/vendor/elasticsearch/elasticsearch/src/Elasticsearch/Client.php(1353): Elasticsearch\Client->performRequest()
#11 /srv/caviar/caviar-deployment/vendor/magento/module-elasticsearch-7/Model/Client/Elasticsearch.php(338): Elasticsearch\Client->search()
#12 /srv/caviar/caviar-deployment/vendor/magento/module-elasticsearch-7/SearchAdapter/Adapter.php(117): Magento\Elasticsearch7\Model\Client\Elasticsearch->query()
#13 /srv/caviar/caviar-deployment/vendor/magento/module-search/Model/SearchEngine.php(42): Magento\Elasticsearch7\SearchAdapter\Adapter->query()
#14 /srv/caviar/caviar-deployment/vendor/magento/framework/Search/Search.php(85): Magento\Search\Model\SearchEngine->search()
#15 /srv/caviar/caviar-deployment/vendor/magento/module-catalog-search/Model/ResourceModel/Fulltext/Collection.php(464): Magento\Framework\Search\Search->search()
#16 /srv/caviar/caviar-deployment/vendor/magento/framework/Data/Collection/AbstractDb.php(343): Magento\CatalogSearch\Model\ResourceModel\Fulltext\Collection->_renderFiltersBefore()
#17 /srv/caviar/caviar-deployment/vendor/magento/module-catalog-search/Model/ResourceModel/Fulltext/Collection.php(582): Magento\Framework\Data\Collection\AbstractDb->_renderFilters()
#18 /srv/caviar/caviar-deployment/vendor/magento/module-eav/Model/Entity/Collection/AbstractCollection.php(929): Magento\CatalogSearch\Model\ResourceModel\Fulltext\Collection->_renderFilters()
#19 /srv/caviar/caviar-deployment/vendor/magento/module-catalog/Model/ResourceModel/Product/Collection.php(801): Magento\Eav\Model\Entity\Collection\AbstractCollection->load()
#20 /srv/caviar/caviar-deployment/vendor/magento/framework/Interception/Interceptor.php(58): Magento\Catalog\Model\ResourceModel\Product\Collection->load()
#21 /srv/caviar/caviar-deployment/vendor/magento/framework/Interception/Interceptor.php(138): Magento\CatalogSearch\Model\ResourceModel\Fulltext\Collection\Interceptor->___callParent()
#22 /srv/caviar/caviar-deployment/vendor/magento/framework/Interception/Interceptor.php(153): Magento\CatalogSearch\Model\ResourceModel\Fulltext\Collection\Interceptor->Magento\Framework\Interception\{closure}()
#23 /srv/caviar/caviar-deployment/generated/code/Magento/CatalogSearch/Model/ResourceModel/Fulltext/Collection/Interceptor.php(41): Magento\CatalogSearch\Model\ResourceModel\Fulltext\Collection\Interceptor->___callPlugins()
#24 /srv/caviar/caviar-deployment/vendor/magento/module-catalog/Block/Product/ListProduct.php(199): Magento\CatalogSearch\Model\ResourceModel\Fulltext\Collection\Interceptor->load()
#25 /srv/caviar/caviar-deployment/vendor/magento/framework/View/Element/AbstractBlock.php(1127): Magento\Catalog\Block\Product\ListProduct->_beforeToHtml()
#26 /srv/caviar/caviar-deployment/vendor/magento/framework/View/Element/AbstractBlock.php(1132): Magento\Framework\View\Element\AbstractBlock->Magento\Framework\View\Element\{closure}()
#27 /srv/caviar/caviar-deployment/vendor/magento/framework/View/Element/AbstractBlock.php(676): Magento\Framework\View\Element\AbstractBlock->_loadCache()
#28 /srv/caviar/caviar-deployment/vendor/magento/framework/View/Layout.php(578): Magento\Framework\View\Element\AbstractBlock->toHtml()
#29 /srv/caviar/caviar-deployment/vendor/magento/framework/View/Layout.php(555): Magento\Framework\View\Layout->_renderBlock()
#30 /srv/caviar/caviar-deployment/vendor/magento/framework/View/Layout.php(510): Magento\Framework\View\Layout->renderNonCachedElement()
#31 /srv/caviar/caviar-deployment/vendor/magento/framework/View/Element/AbstractBlock.php(523): Magento\Framework\View\Layout->renderElement()
#32 /srv/caviar/caviar-deployment/vendor/magento/module-catalog/Block/Category/View.php(100): Magento\Framework\View\Element\AbstractBlock->getChildHtml()
#33 /srv/caviar/caviar-deployment/vendor/magento/module-catalog/view/frontend/templates/category/products.phtml(15): Magento\Catalog\Block\Category\View->getProductListHtml()
#34 /srv/caviar/caviar-deployment/vendor/magento/framework/View/TemplateEngine/Php.php(71): include('...')
#35 /srv/caviar/caviar-deployment/vendor/magento/framework/View/Element/Template.php(263): Magento\Framework\View\TemplateEngine\Php->render()
#36 /srv/caviar/caviar-deployment/vendor/magento/framework/View/Element/Template.php(293): Magento\Framework\View\Element\Template->fetchView()
#37 /srv/caviar/caviar-deployment/vendor/magento/framework/View/Element/AbstractBlock.php(1128): Magento\Framework\View\Element\Template->_toHtml()
#38 /srv/caviar/caviar-deployment/vendor/magento/framework/View/Element/AbstractBlock.php(1132): Magento\Framework\View\Element\AbstractBlock->Magento\Framework\View\Element\{closure}()
#39 /srv/caviar/caviar-deployment/vendor/magento/framework/View/Element/AbstractBlock.php(676): Magento\Framework\View\Element\AbstractBlock->_loadCache()
#40 /srv/caviar/caviar-deployment/vendor/magento/framework/View/Layout.php(578): Magento\Framework\View\Element\AbstractBlock->toHtml()
#41 /srv/caviar/caviar-deployment/vendor/magento/framework/View/Layout.php(555): Magento\Framework\View\Layout->_renderBlock()
#42 /srv/caviar/caviar-deployment/vendor/magento/framework/View/Layout.php(510): Magento\Framework\View\Layout->renderNonCachedElement()
#43 /srv/caviar/caviar-deployment/vendor/magento/framework/View/Layout.php(606): Magento\Framework\View\Layout->renderElement()
#44 /srv/caviar/caviar-deployment/vendor/magento/framework/View/Layout.php(557): Magento\Framework\View\Layout->_renderContainer()
#45 /srv/caviar/caviar-deployment/vendor/magento/framework/View/Layout.php(510): Magento\Framework\View\Layout->renderNonCachedElement()
#46 /srv/caviar/caviar-deployment/vendor/magento/framework/View/Layout.php(606): Magento\Framework\View\Layout->renderElement()
#47 /srv/caviar/caviar-deployment/vendor/magento/framework/View/Layout.php(557): Magento\Framework\View\Layout->_renderContainer()
#48 /srv/caviar/caviar-deployment/vendor/magento/framework/View/Layout.php(510): Magento\Framework\View\Layout->renderNonCachedElement()
#49 /srv/caviar/caviar-deployment/vendor/magento/framework/View/Layout.php(606): Magento\Framework\View\Layout->renderElement()
#50 /srv/caviar/caviar-deployment/vendor/magento/framework/View/Layout.php(557): Magento\Framework\View\Layout->_renderContainer()
#51 /srv/caviar/caviar-deployment/vendor/magento/framework/View/Layout.php(510): Magento\Framework\View\Layout->renderNonCachedElement()
#52 /srv/caviar/caviar-deployment/vendor/magento/framework/View/Layout.php(606): Magento\Framework\View\Layout->renderElement()
#53 /srv/caviar/caviar-deployment/vendor/magento/framework/View/Layout.php(557): Magento\Framework\View\Layout->_renderContainer()
#54 /srv/caviar/caviar-deployment/vendor/magento/framework/View/Layout.php(510): Magento\Framework\View\Layout->renderNonCachedElement()
#55 /srv/caviar/caviar-deployment/vendor/magento/framework/View/Layout.php(606): Magento\Framework\View\Layout->renderElement()
#56 /srv/caviar/caviar-deployment/vendor/magento/framework/View/Layout.php(557): Magento\Framework\View\Layout->_renderContainer()
#57 /srv/caviar/caviar-deployment/vendor/magento/framework/View/Layout.php(510): Magento\Framework\View\Layout->renderNonCachedElement()
#58 /srv/caviar/caviar-deployment/vendor/magento/framework/View/Layout.php(606): Magento\Framework\View\Layout->renderElement()
#59 /srv/caviar/caviar-deployment/vendor/magento/framework/View/Layout.php(557): Magento\Framework\View\Layout->_renderContainer()
#60 /srv/caviar/caviar-deployment/vendor/magento/framework/View/Layout.php(510): Magento\Framework\View\Layout->renderNonCachedElement()
#61 /srv/caviar/caviar-deployment/vendor/magento/framework/View/Layout.php(975): Magento\Framework\View\Layout->renderElement()
#62 /srv/caviar/caviar-deployment/vendor/magento/framework/Interception/Interceptor.php(58): Magento\Framework\View\Layout->getOutput()
#63 /srv/caviar/caviar-deployment/vendor/magento/framework/Interception/Interceptor.php(138): Magento\Framework\View\Layout\Interceptor->___callParent()
#64 /srv/caviar/caviar-deployment/vendor/magento/framework/Interception/Interceptor.php(153): Magento\Framework\View\Layout\Interceptor->Magento\Framework\Interception\{closure}()
#65 /srv/caviar/caviar-deployment/generated/code/Magento/Framework/View/Layout/Interceptor.php(41): Magento\Framework\View\Layout\Interceptor->___callPlugins()
#66 /srv/caviar/caviar-deployment/vendor/magento/framework/View/Result/Page.php(260): Magento\Framework\View\Layout\Interceptor->getOutput()
#67 /srv/caviar/caviar-deployment/vendor/magento/framework/View/Result/Layout.php(171): Magento\Framework\View\Result\Page->render()
#68 /srv/caviar/caviar-deployment/vendor/magento/framework/Interception/Interceptor.php(58): Magento\Framework\View\Result\Layout->renderResult()
#69 /srv/caviar/caviar-deployment/vendor/magento/framework/Interception/Interceptor.php(138): Magento\Framework\View\Result\Page\Interceptor->___callParent()
#70 /srv/caviar/caviar-deployment/vendor/magento/framework/Interception/Interceptor.php(153): Magento\Framework\View\Result\Page\Interceptor->Magento\Framework\Interception\{closure}()
#71 /srv/caviar/caviar-deployment/generated/code/Magento/Framework/View/Result/Page/Interceptor.php(32): Magento\Framework\View\Result\Page\Interceptor->___callPlugins()
#72 /srv/caviar/caviar-deployment/vendor/magento/framework/App/Http.php(120): Magento\Framework\View\Result\Page\Interceptor->renderResult()
#73 /srv/caviar/caviar-deployment/vendor/magento/framework/App/Bootstrap.php(264): Magento\Framework\App\Http->launch()
#74 /srv/caviar/caviar-deployment/pub/index.php(30): Magento\Framework\App\Bootstrap->run()
#75 {main} {"exception":"[object] (Elasticsearch\\Common\\Exceptions\\NoNodesAvailableException(code: 0): No alive nodes found in your cluster at /srv/caviar/caviar-deployment/vendor/elasticsearch/elasticsearch/src/Elasticsearch/ConnectionPool/StaticNoPingConnectionPool.php:64)"} []
[2025-10-10T13:54:12.897332+00:00] main.CRITICAL: Elasticsearch\Common\Exceptions\NoNodesAvailableException: No alive nodes found in your cluster in /srv/caviar/caviar-deployment/vendor/elasticsearch/elasticsearch/src/Elasticsearch/ConnectionPool/StaticNoPingConnectionPool.php:64
Stack trace:
#0 /srv/caviar/caviar-deployment/vendor/elasticsearch/elasticsearch/src/Elasticsearch/Transport.php(82): Elasticsearch\ConnectionPool\StaticNoPingConnectionPool->nextConnection()
#1 /srv/caviar/caviar-deployment/vendor/elasticsearch/elasticsearch/src/Elasticsearch/Transport.php(99): Elasticsearch\Transport->getConnection()
#2 /srv/caviar/caviar-deployment/vendor/elasticsearch/elasticsearch/src/Elasticsearch/Connections/Connection.php(296): Elasticsearch\Transport->performRequest()
#3 /srv/caviar/caviar-deployment/vendor/react/promise/src/Internal/FulfilledPromise.php(47): Elasticsearch\Connections\Connection->Elasticsearch\Connections\{closure}()
#4 /srv/caviar/caviar-deployment/vendor/ezimuel/ringphp/src/Future/CompletedFutureValue.php(66): React\Promise\Internal\FulfilledPromise->then()
#5 /srv/caviar/caviar-deployment/vendor/ezimuel/ringphp/src/Core.php(341): GuzzleHttp\Ring\Future\CompletedFutureValue->then()
#6 /srv/caviar/caviar-deployment/vendor/elasticsearch/elasticsearch/src/Elasticsearch/Connections/Connection.php(264): GuzzleHttp\Ring\Core::proxy()
#7 /srv/caviar/caviar-deployment/vendor/elasticsearch/elasticsearch/src/Elasticsearch/Connections/Connection.php(241): Elasticsearch\Connections\Connection->Elasticsearch\Connections\{closure}()
#8 /srv/caviar/caviar-deployment/vendor/elasticsearch/elasticsearch/src/Elasticsearch/Transport.php(109): Elasticsearch\Connections\Connection->performRequest()
#9 /srv/caviar/caviar-deployment/vendor/elasticsearch/elasticsearch/src/Elasticsearch/Client.php(1924): Elasticsearch\Transport->performRequest()
#10 /srv/caviar/caviar-deployment/vendor/elasticsearch/elasticsearch/src/Elasticsearch/Client.php(1353): Elasticsearch\Client->performRequest()
#11 /srv/caviar/caviar-deployment/vendor/magento/module-elasticsearch-7/Model/Client/Elasticsearch.php(338): Elasticsearch\Client->search()
#12 /srv/caviar/caviar-deployment/vendor/magento/module-elasticsearch-7/SearchAdapter/Adapter.php(117): Magento\Elasticsearch7\Model\Client\Elasticsearch->query()
#13 /srv/caviar/caviar-deployment/vendor/magento/module-search/Model/SearchEngine.php(42): Magento\Elasticsearch7\SearchAdapter\Adapter->query()
#14 /srv/caviar/caviar-deployment/vendor/magento/framework/Search/Search.php(85): Magento\Search\Model\SearchEngine->search()
#15 /srv/caviar/caviar-deployment/vendor/magento/module-catalog-search/Model/ResourceModel/Fulltext/Collection.php(464): Magento\Framework\Search\Search->search()
#16 /srv/caviar/caviar-deployment/vendor/magento/framework/Data/Collection/AbstractDb.php(343): Magento\CatalogSearch\Model\ResourceModel\Fulltext\Collection->_renderFiltersBefore()
#17 /srv/caviar/caviar-deployment/vendor/magento/module-catalog-search/Model/ResourceModel/Fulltext/Collection.php(582): Magento\Framework\Data\Collection\AbstractDb->_renderFilters()
#18 /srv/caviar/caviar-deployment/vendor/magento/module-eav/Model/Entity/Collection/AbstractCollection.php(929): Magento\CatalogSearch\Model\ResourceModel\Fulltext\Collection->_renderFilters()
#19 /srv/caviar/caviar-deployment/vendor/magento/module-catalog/Model/ResourceModel/Product/Collection.php(801): Magento\Eav\Model\Entity\Collection\AbstractCollection->load()
#20 /srv/caviar/caviar-deployment/vendor/magento/framework/Interception/Interceptor.php(58): Magento\Catalog\Model\ResourceModel\Product\Collection->load()
#21 /srv/caviar/caviar-deployment/vendor/magento/framework/Interception/Interceptor.php(138): Magento\CatalogSearch\Model\ResourceModel\Fulltext\Collection\Interceptor->___callParent()
#22 /srv/caviar/caviar-deployment/vendor/magento/framework/Interception/Interceptor.php(153): Magento\CatalogSearch\Model\ResourceModel\Fulltext\Collection\Interceptor->Magento\Framework\Interception\{closure}()
#23 /srv/caviar/caviar-deployment/generated/code/Magento/CatalogSearch/Model/ResourceModel/Fulltext/Collection/Interceptor.php(41): Magento\CatalogSearch\Model\ResourceModel\Fulltext\Collection\Interceptor->___callPlugins()
#24 /srv/caviar/caviar-deployment/vendor/magento/module-catalog/Block/Product/ListProduct.php(199): Magento\CatalogSearch\Model\ResourceModel\Fulltext\Collection\Interceptor->load()
#25 /srv/caviar/caviar-deployment/vendor/magento/framework/View/Element/AbstractBlock.php(1127): Magento\Catalog\Block\Product\ListProduct->_beforeToHtml()
#26 /srv/caviar/caviar-deployment/vendor/magento/framework/View/Element/AbstractBlock.php(1132): Magento\Framework\View\Element\AbstractBlock->Magento\Framework\View\Element\{closure}()
#27 /srv/caviar/caviar-deployment/vendor/magento/framework/View/Element/AbstractBlock.php(676): Magento\Framework\View\Element\AbstractBlock->_loadCache()
#28 /srv/caviar/caviar-deployment/vendor/magento/framework/View/Layout.php(578): Magento\Framework\View\Element\AbstractBlock->toHtml()
#29 /srv/caviar/caviar-deployment/vendor/magento/framework/View/Layout.php(555): Magento\Framework\View\Layout->_renderBlock()
#30 /srv/caviar/caviar-deployment/vendor/magento/framework/View/Layout.php(510): Magento\Framework\View\Layout->renderNonCachedElement()
#31 /srv/caviar/caviar-deployment/vendor/magento/framework/View/Element/AbstractBlock.php(523): Magento\Framework\View\Layout->renderElement()
#32 /srv/caviar/caviar-deployment/vendor/magento/module-catalog/Block/Category/View.php(100): Magento\Framework\View\Element\AbstractBlock->getChildHtml()
#33 /srv/caviar/caviar-deployment/vendor/magento/module-catalog/view/frontend/templates/category/products.phtml(15): Magento\Catalog\Block\Category\View->getProductListHtml()
#34 /srv/caviar/caviar-deployment/vendor/magento/framework/View/TemplateEngine/Php.php(71): include('...')
#35 /srv/caviar/caviar-deployment/vendor/magento/framework/View/Element/Template.php(263): Magento\Framework\View\TemplateEngine\Php->render()
#36 /srv/caviar/caviar-deployment/vendor/magento/framework/View/Element/Template.php(293): Magento\Framework\View\Element\Template->fetchView()
#37 /srv/caviar/caviar-deployment/vendor/magento/framework/View/Element/AbstractBlock.php(1128): Magento\Framework\View\Element\Template->_toHtml()
#38 /srv/caviar/caviar-deployment/vendor/magento/framework/View/Element/AbstractBlock.php(1132): Magento\Framework\View\Element\AbstractBlock->Magento\Framework\View\Element\{closure}()
#39 /srv/caviar/caviar-deployment/vendor/magento/framework/View/Element/AbstractBlock.php(676): Magento\Framework\View\Element\AbstractBlock->_loadCache()
#40 /srv/caviar/caviar-deployment/vendor/magento/framework/View/Layout.php(578): Magento\Framework\View\Element\AbstractBlock->toHtml()
#41 /srv/caviar/caviar-deployment/vendor/magento/framework/View/Layout.php(555): Magento\Framework\View\Layout->_renderBlock()
#42 /srv/caviar/caviar-deployment/vendor/magento/framework/View/Layout.php(510): Magento\Framework\View\Layout->renderNonCachedElement()
#43 /srv/caviar/caviar-deployment/vendor/magento/framework/View/Layout.php(606): Magento\Framework\View\Layout->renderElement()
#44 /srv/caviar/caviar-deployment/vendor/magento/framework/View/Layout.php(557): Magento\Framework\View\Layout->_renderContainer()
#45 /srv/caviar/caviar-deployment/vendor/magento/framework/View/Layout.php(510): Magento\Framework\View\Layout->renderNonCachedElement()
#46 /srv/caviar/caviar-deployment/vendor/magento/framework/View/Layout.php(606): Magento\Framework\View\Layout->renderElement()
#47 /srv/caviar/caviar-deployment/vendor/magento/framework/View/Layout.php(557): Magento\Framework\View\Layout->_renderContainer()
#48 /srv/caviar/caviar-deployment/vendor/magento/framework/View/Layout.php(510): Magento\Framework\View\Layout->renderNonCachedElement()
#49 /srv/caviar/caviar-deployment/vendor/magento/framework/View/Layout.php(606): Magento\Framework\View\Layout->renderElement()
#50 /srv/caviar/caviar-deployment/vendor/magento/framework/View/Layout.php(557): Magento\Framework\View\Layout->_renderContainer()
#51 /srv/caviar/caviar-deployment/vendor/magento/framework/View/Layout.php(510): Magento\Framework\View\Layout->renderNonCachedElement()
#52 /srv/caviar/caviar-deployment/vendor/magento/framework/View/Layout.php(606): Magento\Framework\View\Layout->renderElement()
#53 /srv/caviar/caviar-deployment/vendor/magento/framework/View/Layout.php(557): Magento\Framework\View\Layout->_renderContainer()
#54 /srv/caviar/caviar-deployment/vendor/magento/framework/View/Layout.php(510): Magento\Framework\View\Layout->renderNonCachedElement()
#55 /srv/caviar/caviar-deployment/vendor/magento/framework/View/Layout.php(606): Magento\Framework\View\Layout->renderElement()
#56 /srv/caviar/caviar-deployment/vendor/magento/framework/View/Layout.php(557): Magento\Framework\View\Layout->_renderContainer()
#57 /srv/caviar/caviar-deployment/vendor/magento/framework/View/Layout.php(510): Magento\Framework\View\Layout->renderNonCachedElement()
#58 /srv/caviar/caviar-deployment/vendor/magento/framework/View/Layout.php(606): Magento\Framework\View\Layout->renderElement()
#59 /srv/caviar/caviar-deployment/vendor/magento/framework/View/Layout.php(557): Magento\Framework\View\Layout->_renderContainer()
#60 /srv/caviar/caviar-deployment/vendor/magento/framework/View/Layout.php(510): Magento\Framework\View\Layout->renderNonCachedElement()
#61 /srv/caviar/caviar-deployment/vendor/magento/framework/View/Layout.php(975): Magento\Framework\View\Layout->renderElement()
#62 /srv/caviar/caviar-deployment/vendor/magento/framework/Interception/Interceptor.php(58): Magento\Framework\View\Layout->getOutput()
#63 /srv/caviar/caviar-deployment/vendor/magento/framework/Interception/Interceptor.php(138): Magento\Framework\View\Layout\Interceptor->___callParent()
#64 /srv/caviar/caviar-deployment/vendor/magento/framework/Interception/Interceptor.php(153): Magento\Framework\View\Layout\Interceptor->Magento\Framework\Interception\{closure}()
#65 /srv/caviar/caviar-deployment/generated/code/Magento/Framework/View/Layout/Interceptor.php(41): Magento\Framework\View\Layout\Interceptor->___callPlugins()
#66 /srv/caviar/caviar-deployment/vendor/magento/framework/View/Result/Page.php(260): Magento\Framework\View\Layout\Interceptor->getOutput()
#67 /srv/caviar/caviar-deployment/vendor/magento/framework/View/Result/Layout.php(171): Magento\Framework\View\Result\Page->render()
#68 /srv/caviar/caviar-deployment/vendor/magento/framework/Interception/Interceptor.php(58): Magento\Framework\View\Result\Layout->renderResult()
#69 /srv/caviar/caviar-deployment/vendor/magento/framework/Interception/Interceptor.php(138): Magento\Framework\View\Result\Page\Interceptor->___callParent()
#70 /srv/caviar/caviar-deployment/vendor/magento/framework/Interception/Interceptor.php(153): Magento\Framework\View\Result\Page\Interceptor->Magento\Framework\Interception\{closure}()
#71 /srv/caviar/caviar-deployment/generated/code/Magento/Framework/View/Result/Page/Interceptor.php(32): Magento\Framework\View\Result\Page\Interceptor->___callPlugins()
#72 /srv/caviar/caviar-deployment/vendor/magento/framework/App/Http.php(120): Magento\Framework\View\Result\Page\Interceptor->renderResult()
#73 /srv/caviar/caviar-deployment/vendor/magento/framework/App/Bootstrap.php(264): Magento\Framework\App\Http->launch()
#74 /srv/caviar/caviar-deployment/pub/index.php(30): Magento\Framework\App\Bootstrap->run()
#75 {main} {"exception":"[object] (Elasticsearch\\Common\\Exceptions\\NoNodesAvailableException(code: 0): No alive nodes found in your cluster at /srv/caviar/caviar-deployment/vendor/elasticsearch/elasticsearch/src/Elasticsearch/ConnectionPool/StaticNoPingConnectionPool.php:64)"} []
[2025-10-10T13:54:14.185169+00:00] main.CRITICAL: Elasticsearch\Common\Exceptions\NoNodesAvailableException: No alive nodes found in your cluster in /srv/caviar/caviar-deployment/vendor/elasticsearch/elasticsearch/src/Elasticsearch/ConnectionPool/StaticNoPingConnectionPool.php:64
Stack trace:
#0 /srv/caviar/caviar-deployment/vendor/elasticsearch/elasticsearch/src/Elasticsearch/Transport.php(82): Elasticsearch\ConnectionPool\StaticNoPingConnectionPool->nextConnection()
#1 /srv/caviar/caviar-deployment/vendor/elasticsearch/elasticsearch/src/Elasticsearch/Transport.php(99): Elasticsearch\Transport->getConnection()
#2 /srv/caviar/caviar-deployment/vendor/elasticsearch/elasticsearch/src/Elasticsearch/Connections/Connection.php(296): Elasticsearch\Transport->performRequest()
#3 /srv/caviar/caviar-deployment/vendor/react/promise/src/Internal/FulfilledPromise.php(47): Elasticsearch\Connections\Connection->Elasticsearch\Connections\{closure}()
#4 /srv/caviar/caviar-deployment/vendor/ezimuel/ringphp/src/Future/CompletedFutureValue.php(66): React\Promise\Internal\FulfilledPromise->then()
#5 /srv/caviar/caviar-deployment/vendor/ezimuel/ringphp/src/Core.php(341): GuzzleHttp\Ring\Future\CompletedFutureValue->then()
#6 /srv/caviar/caviar-deployment/vendor/elasticsearch/elasticsearch/src/Elasticsearch/Connections/Connection.php(264): GuzzleHttp\Ring\Core::proxy()
#7 /srv/caviar/caviar-deployment/vendor/elasticsearch/elasticsearch/src/Elasticsearch/Connections/Connection.php(241): Elasticsearch\Connections\Connection->Elasticsearch\Connections\{closure}()
#8 /srv/caviar/caviar-deployment/vendor/elasticsearch/elasticsearch/src/Elasticsearch/Transport.php(109): Elasticsearch\Connections\Connection->performRequest()
#9 /srv/caviar/caviar-deployment/vendor/elasticsearch/elasticsearch/src/Elasticsearch/Client.php(1924): Elasticsearch\Transport->performRequest()
#10 /srv/caviar/caviar-deployment/vendor/elasticsearch/elasticsearch/src/Elasticsearch/Client.php(1353): Elasticsearch\Client->performRequest()
#11 /srv/caviar/caviar-deployment/vendor/magento/module-elasticsearch-7/Model/Client/Elasticsearch.php(338): Elasticsearch\Client->search()
#12 /srv/caviar/caviar-deployment/vendor/magento/module-elasticsearch-7/SearchAdapter/Adapter.php(117): Magento\Elasticsearch7\Model\Client\Elasticsearch->query()
#13 /srv/caviar/caviar-deployment/vendor/magento/module-search/Model/SearchEngine.php(42): Magento\Elasticsearch7\SearchAdapter\Adapter->query()
#14 /srv/caviar/caviar-deployment/vendor/magento/framework/Search/Search.php(85): Magento\Search\Model\SearchEngine->search()
#15 /srv/caviar/caviar-deployment/vendor/magento/module-catalog-search/Model/ResourceModel/Fulltext/Collection.php(464): Magento\Framework\Search\Search->search()
#16 /srv/caviar/caviar-deployment/vendor/magento/framework/Data/Collection/AbstractDb.php(343): Magento\CatalogSearch\Model\ResourceModel\Fulltext\Collection->_renderFiltersBefore()
#17 /srv/caviar/caviar-deployment/vendor/magento/module-catalog-search/Model/ResourceModel/Fulltext/Collection.php(582): Magento\Framework\Data\Collection\AbstractDb->_renderFilters()
#18 /srv/caviar/caviar-deployment/vendor/magento/module-eav/Model/Entity/Collection/AbstractCollection.php(929): Magento\CatalogSearch\Model\ResourceModel\Fulltext\Collection->_renderFilters()
#19 /srv/caviar/caviar-deployment/vendor/magento/module-catalog/Model/ResourceModel/Product/Collection.php(801): Magento\Eav\Model\Entity\Collection\AbstractCollection->load()
#20 /srv/caviar/caviar-deployment/vendor/magento/framework/Interception/Interceptor.php(58): Magento\Catalog\Model\ResourceModel\Product\Collection->load()
#21 /srv/caviar/caviar-deployment/vendor/magento/framework/Interception/Interceptor.php(138): Magento\CatalogSearch\Model\ResourceModel\Fulltext\Collection\Interceptor->___callParent()
#22 /srv/caviar/caviar-deployment/vendor/magento/framework/Interception/Interceptor.php(153): Magento\CatalogSearch\Model\ResourceModel\Fulltext\Collection\Interceptor->Magento\Framework\Interception\{closure}()
#23 /srv/caviar/caviar-deployment/generated/code/Magento/CatalogSearch/Model/ResourceModel/Fulltext/Collection/Interceptor.php(41): Magento\CatalogSearch\Model\ResourceModel\Fulltext\Collection\Interceptor->___callPlugins()
#24 /srv/caviar/caviar-deployment/vendor/magento/module-catalog/Block/Product/ListProduct.php(199): Magento\CatalogSearch\Model\ResourceModel\Fulltext\Collection\Interceptor->load()
#25 /srv/caviar/caviar-deployment/vendor/magento/framework/View/Element/AbstractBlock.php(1127): Magento\Catalog\Block\Product\ListProduct->_beforeToHtml()
#26 /srv/caviar/caviar-deployment/vendor/magento/framework/View/Element/AbstractBlock.php(1132): Magento\Framework\View\Element\AbstractBlock->Magento\Framework\View\Element\{closure}()
#27 /srv/caviar/caviar-deployment/vendor/magento/framework/View/Element/AbstractBlock.php(676): Magento\Framework\View\Element\AbstractBlock->_loadCache()
#28 /srv/caviar/caviar-deployment/vendor/magento/framework/View/Layout.php(578): Magento\Framework\View\Element\AbstractBlock->toHtml()
#29 /srv/caviar/caviar-deployment/vendor/magento/framework/View/Layout.php(555): Magento\Framework\View\Layout->_renderBlock()
#30 /srv/caviar/caviar-deployment/vendor/magento/framework/View/Layout.php(510): Magento\Framework\View\Layout->renderNonCachedElement()
#31 /srv/caviar/caviar-deployment/vendor/magento/framework/View/Element/AbstractBlock.php(523): Magento\Framework\View\Layout->renderElement()
#32 /srv/caviar/caviar-deployment/vendor/magento/module-catalog/Block/Category/View.php(100): Magento\Framework\View\Element\AbstractBlock->getChildHtml()
#33 /srv/caviar/caviar-deployment/vendor/magento/module-catalog/view/frontend/templates/category/products.phtml(15): Magento\Catalog\Block\Category\View->getProductListHtml()
#34 /srv/caviar/caviar-deployment/vendor/magento/framework/View/TemplateEngine/Php.php(71): include('...')
#35 /srv/caviar/caviar-deployment/vendor/magento/framework/View/Element/Template.php(263): Magento\Framework\View\TemplateEngine\Php->render()
#36 /srv/caviar/caviar-deployment/vendor/magento/framework/View/Element/Template.php(293): Magento\Framework\View\Element\Template->fetchView()
#37 /srv/caviar/caviar-deployment/vendor/magento/framework/View/Element/AbstractBlock.php(1128): Magento\Framework\View\Element\Template->_toHtml()
#38 /srv/caviar/caviar-deployment/vendor/magento/framework/View/Element/AbstractBlock.php(1132): Magento\Framework\View\Element\AbstractBlock->Magento\Framework\View\Element\{closure}()
#39 /srv/caviar/caviar-deployment/vendor/magento/framework/View/Element/AbstractBlock.php(676): Magento\Framework\View\Element\AbstractBlock->_loadCache()
#40 /srv/caviar/caviar-deployment/vendor/magento/framework/View/Layout.php(578): Magento\Framework\View\Element\AbstractBlock->toHtml()
#41 /srv/caviar/caviar-deployment/vendor/magento/framework/View/Layout.php(555): Magento\Framework\View\Layout->_renderBlock()
#42 /srv/caviar/caviar-deployment/vendor/magento/framework/View/Layout.php(510): Magento\Framework\View\Layout->renderNonCachedElement()
#43 /srv/caviar/caviar-deployment/vendor/magento/framework/View/Layout.php(606): Magento\Framework\View\Layout->renderElement()
#44 /srv/caviar/caviar-deployment/vendor/magento/framework/View/Layout.php(557): Magento\Framework\View\Layout->_renderContainer()
#45 /srv/caviar/caviar-deployment/vendor/magento/framework/View/Layout.php(510): Magento\Framework\View\Layout->renderNonCachedElement()
#46 /srv/caviar/caviar-deployment/vendor/magento/framework/View/Layout.php(606): Magento\Framework\View\Layout->renderElement()
#47 /srv/caviar/caviar-deployment/vendor/magento/framework/View/Layout.php(557): Magento\Framework\View\Layout->_renderContainer()
#48 /srv/caviar/caviar-deployment/vendor/magento/framework/View/Layout.php(510): Magento\Framework\View\Layout->renderNonCachedElement()
#49 /srv/caviar/caviar-deployment/vendor/magento/framework/View/Layout.php(606): Magento\Framework\View\Layout->renderElement()
#50 /srv/caviar/caviar-deployment/vendor/magento/framework/View/Layout.php(557): Magento\Framework\View\Layout->_renderContainer()
#51 /srv/caviar/caviar-deployment/vendor/magento/framework/View/Layout.php(510): Magento\Framework\View\Layout->renderNonCachedElement()
#52 /srv/caviar/caviar-deployment/vendor/magento/framework/View/Layout.php(606): Magento\Framework\View\Layout->renderElement()
#53 /srv/caviar/caviar-deployment/vendor/magento/framework/View/Layout.php(557): Magento\Framework\View\Layout->_renderContainer()
#54 /srv/caviar/caviar-deployment/vendor/magento/framework/View/Layout.php(510): Magento\Framework\View\Layout->renderNonCachedElement()
#55 /srv/caviar/caviar-deployment/vendor/magento/framework/View/Layout.php(606): Magento\Framework\View\Layout->renderElement()
#56 /srv/caviar/caviar-deployment/vendor/magento/framework/View/Layout.php(557): Magento\Framework\View\Layout->_renderContainer()
#57 /srv/caviar/caviar-deployment/vendor/magento/framework/View/Layout.php(510): Magento\Framework\View\Layout->renderNonCachedElement()
#58 /srv/caviar/caviar-deployment/vendor/magento/framework/View/Layout.php(606): Magento\Framework\View\Layout->renderElement()
#59 /srv/caviar/caviar-deployment/vendor/magento/framework/View/Layout.php(557): Magento\Framework\View\Layout->_renderContainer()
#60 /srv/caviar/caviar-deployment/vendor/magento/framework/View/Layout.php(510): Magento\Framework\View\Layout->renderNonCachedElement()
#61 /srv/caviar/caviar-deployment/vendor/magento/framework/View/Layout.php(975): Magento\Framework\View\Layout->renderElement()
#62 /srv/caviar/caviar-deployment/vendor/magento/framework/Interception/Interceptor.php(58): Magento\Framework\View\Layout->getOutput()
#63 /srv/caviar/caviar-deployment/vendor/magento/framework/Interception/Interceptor.php(138): Magento\Framework\View\Layout\Interceptor->___callParent()
#64 /srv/caviar/caviar-deployment/vendor/magento/framework/Interception/Interceptor.php(153): Magento\Framework\View\Layout\Interceptor->Magento\Framework\Interception\{closure}()
#65 /srv/caviar/caviar-deployment/generated/code/Magento/Framework/View/Layout/Interceptor.php(41): Magento\Framework\View\Layout\Interceptor->___callPlugins()
#66 /srv/caviar/caviar-deployment/vendor/magento/framework/View/Result/Page.php(260): Magento\Framework\View\Layout\Interceptor->getOutput()
#67 /srv/caviar/caviar-deployment/vendor/magento/framework/View/Result/Layout.php(171): Magento\Framework\View\Result\Page->render()
#68 /srv/caviar/caviar-deployment/vendor/magento/framework/Interception/Interceptor.php(58): Magento\Framework\View\Result\Layout->renderResult()
#69 /srv/caviar/caviar-deployment/vendor/magento/framework/Interception/Interceptor.php(138): Magento\Framework\View\Result\Page\Interceptor->___callParent()
#70 /srv/caviar/caviar-deployment/vendor/magento/framework/Interception/Interceptor.php(153): Magento\Framework\View\Result\Page\Interceptor->Magento\Framework\Interception\{closure}()
#71 /srv/caviar/caviar-deployment/generated/code/Magento/Framework/View/Result/Page/Interceptor.php(32): Magento\Framework\View\Result\Page\Interceptor->___callPlugins()
#72 /srv/caviar/caviar-deployment/vendor/magento/framework/App/Http.php(120): Magento\Framework\View\Result\Page\Interceptor->renderResult()
#73 /srv/caviar/caviar-deployment/vendor/magento/framework/App/Bootstrap.php(264): Magento\Framework\App\Http->launch()
#74 /srv/caviar/caviar-deployment/pub/index.php(30): Magento\Framework\App\Bootstrap->run()
#75 {main} {"exception":"[object] (Elasticsearch\\Common\\Exceptions\\NoNodesAvailableException(code: 0): No alive nodes found in your cluster at /srv/caviar/caviar-deployment/vendor/elasticsearch/elasticsearch/src/Elasticsearch/ConnectionPool/StaticNoPingConnectionPool.php:64)"} []
[2025-10-10T13:54:15.293517+00:00] main.CRITICAL: Elasticsearch\Common\Exceptions\NoNodesAvailableException: No alive nodes found in your cluster in /srv/caviar/caviar-deployment/vendor/elasticsearch/elasticsearch/src/Elasticsearch/ConnectionPool/StaticNoPingConnectionPool.php:64
Stack trace:
#0 /srv/caviar/caviar-deployment/vendor/elasticsearch/elasticsearch/src/Elasticsearch/Transport.php(82): Elasticsearch\ConnectionPool\StaticNoPingConnectionPool->nextConnection()
#1 /srv/caviar/caviar-deployment/vendor/elasticsearch/elasticsearch/src/Elasticsearch/Transport.php(99): Elasticsearch\Transport->getConnection()
#2 /srv/caviar/caviar-deployment/vendor/elasticsearch/elasticsearch/src/Elasticsearch/Connections/Connection.php(296): Elasticsearch\Transport->performRequest()
#3 /srv/caviar/caviar-deployment/vendor/react/promise/src/Internal/FulfilledPromise.php(47): Elasticsearch\Connections\Connection->Elasticsearch\Connections\{closure}()
#4 /srv/caviar/caviar-deployment/vendor/ezimuel/ringphp/src/Future/CompletedFutureValue.php(66): React\Promise\Internal\FulfilledPromise->then()
#5 /srv/caviar/caviar-deployment/vendor/ezimuel/ringphp/src/Core.php(341): GuzzleHttp\Ring\Future\CompletedFutureValue->then()
#6 /srv/caviar/caviar-deployment/vendor/elasticsearch/elasticsearch/src/Elasticsearch/Connections/Connection.php(264): GuzzleHttp\Ring\Core::proxy()
#7 /srv/caviar/caviar-deployment/vendor/elasticsearch/elasticsearch/src/Elasticsearch/Connections/Connection.php(241): Elasticsearch\Connections\Connection->Elasticsearch\Connections\{closure}()
#8 /srv/caviar/caviar-deployment/vendor/elasticsearch/elasticsearch/src/Elasticsearch/Transport.php(109): Elasticsearch\Connections\Connection->performRequest()
#9 /srv/caviar/caviar-deployment/vendor/elasticsearch/elasticsearch/src/Elasticsearch/Client.php(1924): Elasticsearch\Transport->performRequest()
#10 /srv/caviar/caviar-deployment/vendor/elasticsearch/elasticsearch/src/Elasticsearch/Client.php(1353): Elasticsearch\Client->performRequest()
#11 /srv/caviar/caviar-deployment/vendor/magento/module-elasticsearch-7/Model/Client/Elasticsearch.php(338): Elasticsearch\Client->search()
#12 /srv/caviar/caviar-deployment/vendor/magento/module-elasticsearch-7/SearchAdapter/Adapter.php(117): Magento\Elasticsearch7\Model\Client\Elasticsearch->query()
#13 /srv/caviar/caviar-deployment/vendor/magento/module-search/Model/SearchEngine.php(42): Magento\Elasticsearch7\SearchAdapter\Adapter->query()
#14 /srv/caviar/caviar-deployment/vendor/magento/framework/Search/Search.php(85): Magento\Search\Model\SearchEngine->search()
#15 /srv/caviar/caviar-deployment/vendor/magento/module-catalog-search/Model/ResourceModel/Fulltext/Collection.php(464): Magento\Framework\Search\Search->search()
#16 /srv/caviar/caviar-deployment/vendor/magento/framework/Data/Collection/AbstractDb.php(343): Magento\CatalogSearch\Model\ResourceModel\Fulltext\Collection->_renderFiltersBefore()
#17 /srv/caviar/caviar-deployment/vendor/magento/module-catalog-search/Model/ResourceModel/Fulltext/Collection.php(582): Magento\Framework\Data\Collection\AbstractDb->_renderFilters()
#18 /srv/caviar/caviar-deployment/vendor/magento/module-eav/Model/Entity/Collection/AbstractCollection.php(929): Magento\CatalogSearch\Model\ResourceModel\Fulltext\Collection->_renderFilters()
#19 /srv/caviar/caviar-deployment/vendor/magento/module-catalog/Model/ResourceModel/Product/Collection.php(801): Magento\Eav\Model\Entity\Collection\AbstractCollection->load()
#20 /srv/caviar/caviar-deployment/vendor/magento/framework/Interception/Interceptor.php(58): Magento\Catalog\Model\ResourceModel\Product\Collection->load()
#21 /srv/caviar/caviar-deployment/vendor/magento/framework/Interception/Interceptor.php(138): Magento\CatalogSearch\Model\ResourceModel\Fulltext\Collection\Interceptor->___callParent()
#22 /srv/caviar/caviar-deployment/vendor/magento/framework/Interception/Interceptor.php(153): Magento\CatalogSearch\Model\ResourceModel\Fulltext\Collection\Interceptor->Magento\Framework\Interception\{closure}()
#23 /srv/caviar/caviar-deployment/generated/code/Magento/CatalogSearch/Model/ResourceModel/Fulltext/Collection/Interceptor.php(41): Magento\CatalogSearch\Model\ResourceModel\Fulltext\Collection\Interceptor->___callPlugins()
#24 /srv/caviar/caviar-deployment/vendor/magento/module-catalog/Block/Product/ListProduct.php(199): Magento\CatalogSearch\Model\ResourceModel\Fulltext\Collection\Interceptor->load()
#25 /srv/caviar/caviar-deployment/vendor/magento/framework/View/Element/AbstractBlock.php(1127): Magento\Catalog\Block\Product\ListProduct->_beforeToHtml()
#26 /srv/caviar/caviar-deployment/vendor/magento/framework/View/Element/AbstractBlock.php(1132): Magento\Framework\View\Element\AbstractBlock->Magento\Framework\View\Element\{closure}()
#27 /srv/caviar/caviar-deployment/vendor/magento/framework/View/Element/AbstractBlock.php(676): Magento\Framework\View\Element\AbstractBlock->_loadCache()
#28 /srv/caviar/caviar-deployment/vendor/magento/framework/View/Layout.php(578): Magento\Framework\View\Element\AbstractBlock->toHtml()
#29 /srv/caviar/caviar-deployment/vendor/magento/framework/View/Layout.php(555): Magento\Framework\View\Layout->_renderBlock()
#30 /srv/caviar/caviar-deployment/vendor/magento/framework/View/Layout.php(510): Magento\Framework\View\Layout->renderNonCachedElement()
#31 /srv/caviar/caviar-deployment/vendor/magento/framework/View/Element/AbstractBlock.php(523): Magento\Framework\View\Layout->renderElement()
#32 /srv/caviar/caviar-deployment/vendor/magento/module-catalog/Block/Category/View.php(100): Magento\Framework\View\Element\AbstractBlock->getChildHtml()
#33 /srv/caviar/caviar-deployment/vendor/magento/module-catalog/view/frontend/templates/category/products.phtml(15): Magento\Catalog\Block\Category\View->getProductListHtml()
#34 /srv/caviar/caviar-deployment/vendor/magento/framework/View/TemplateEngine/Php.php(71): include('...')
#35 /srv/caviar/caviar-deployment/vendor/magento/framework/View/Element/Template.php(263): Magento\Framework\View\TemplateEngine\Php->render()
#36 /srv/caviar/caviar-deployment/vendor/magento/framework/View/Element/Template.php(293): Magento\Framework\View\Element\Template->fetchView()
#37 /srv/caviar/caviar-deployment/vendor/magento/framework/View/Element/AbstractBlock.php(1128): Magento\Framework\View\Element\Template->_toHtml()
#38 /srv/caviar/caviar-deployment/vendor/magento/framework/View/Element/AbstractBlock.php(1132): Magento\Framework\View\Element\AbstractBlock->Magento\Framework\View\Element\{closure}()
#39 /srv/caviar/caviar-deployment/vendor/magento/framework/View/Element/AbstractBlock.php(676): Magento\Framework\View\Element\AbstractBlock->_loadCache()
#40 /srv/caviar/caviar-deployment/vendor/magento/framework/View/Layout.php(578): Magento\Framework\View\Element\AbstractBlock->toHtml()
#41 /srv/caviar/caviar-deployment/vendor/magento/framework/View/Layout.php(555): Magento\Framework\View\Layout->_renderBlock()
#42 /srv/caviar/caviar-deployment/vendor/magento/framework/View/Layout.php(510): Magento\Framework\View\Layout->renderNonCachedElement()
#43 /srv/caviar/caviar-deployment/vendor/magento/framework/View/Layout.php(606): Magento\Framework\View\Layout->renderElement()
#44 /srv/caviar/caviar-deployment/vendor/magento/framework/View/Layout.php(557): Magento\Framework\View\Layout->_renderContainer()
#45 /srv/caviar/caviar-deployment/vendor/magento/framework/View/Layout.php(510): Magento\Framework\View\Layout->renderNonCachedElement()
#46 /srv/caviar/caviar-deployment/vendor/magento/framework/View/Layout.php(606): Magento\Framework\View\Layout->renderElement()
#47 /srv/caviar/caviar-deployment/vendor/magento/framework/View/Layout.php(557): Magento\Framework\View\Layout->_renderContainer()
#48 /srv/caviar/caviar-deployment/vendor/magento/framework/View/Layout.php(510): Magento\Framework\View\Layout->renderNonCachedElement()
#49 /srv/caviar/caviar-deployment/vendor/magento/framework/View/Layout.php(606): Magento\Framework\View\Layout->renderElement()
#50 /srv/caviar/caviar-deployment/vendor/magento/framework/View/Layout.php(557): Magento\Framework\View\Layout->_renderContainer()
#51 /srv/caviar/caviar-deployment/vendor/magento/framework/View/Layout.php(510): Magento\Framework\View\Layout->renderNonCachedElement()
#52 /srv/caviar/caviar-deployment/vendor/magento/framework/View/Layout.php(606): Magento\Framework\View\Layout->renderElement()
#53 /srv/caviar/caviar-deployment/vendor/magento/framework/View/Layout.php(557): Magento\Framework\View\Layout->_renderContainer()
#54 /srv/caviar/caviar-deployment/vendor/magento/framework/View/Layout.php(510): Magento\Framework\View\Layout->renderNonCachedElement()
#55 /srv/caviar/caviar-deployment/vendor/magento/framework/View/Layout.php(606): Magento\Framework\View\Layout->renderElement()
#56 /srv/caviar/caviar-deployment/vendor/magento/framework/View/Layout.php(557): Magento\Framework\View\Layout->_renderContainer()
#57 /srv/caviar/caviar-deployment/vendor/magento/framework/View/Layout.php(510): Magento\Framework\View\Layout->renderNonCachedElement()
#58 /srv/caviar/caviar-deployment/vendor/magento/framework/View/Layout.php(606): Magento\Framework\View\Layout->renderElement()
#59 /srv/caviar/caviar-deployment/vendor/magento/framework/View/Layout.php(557): Magento\Framework\View\Layout->_renderContainer()
#60 /srv/caviar/caviar-deployment/vendor/magento/framework/View/Layout.php(510): Magento\Framework\View\Layout->renderNonCachedElement()
#61 /srv/caviar/caviar-deployment/vendor/magento/framework/View/Layout.php(975): Magento\Framework\View\Layout->renderElement()
#62 /srv/caviar/caviar-deployment/vendor/magento/framework/Interception/Interceptor.php(58): Magento\Framework\View\Layout->getOutput()
#63 /srv/caviar/caviar-deployment/vendor/magento/framework/Interception/Interceptor.php(138): Magento\Framework\View\Layout\Interceptor->___callParent()
#64 /srv/caviar/caviar-deployment/vendor/magento/framework/Interception/Interceptor.php(153): Magento\Framework\View\Layout\Interceptor->Magento\Framework\Interception\{closure}()
#65 /srv/caviar/caviar-deployment/generated/code/Magento/Framework/View/Layout/Interceptor.php(41): Magento\Framework\View\Layout\Interceptor->___callPlugins()
#66 /srv/caviar/caviar-deployment/vendor/magento/framework/View/Result/Page.php(260): Magento\Framework\View\Layout\Interceptor->getOutput()
#67 /srv/caviar/caviar-deployment/vendor/magento/framework/View/Result/Layout.php(171): Magento\Framework\View\Result\Page->render()
#68 /srv/caviar/caviar-deployment/vendor/magento/framework/Interception/Interceptor.php(58): Magento\Framework\View\Result\Layout->renderResult()
#69 /srv/caviar/caviar-deployment/vendor/magento/framework/Interception/Interceptor.php(138): Magento\Framework\View\Result\Page\Interceptor->___callParent()
#70 /srv/caviar/caviar-deployment/vendor/magento/framework/Interception/Interceptor.php(153): Magento\Framework\View\Result\Page\Interceptor->Magento\Framework\Interception\{closure}()
#71 /srv/caviar/caviar-deployment/generated/code/Magento/Framework/View/Result/Page/Interceptor.php(32): Magento\Framework\View\Result\Page\Interceptor->___callPlugins()
#72 /srv/caviar/caviar-deployment/vendor/magento/framework/App/Http.php(120): Magento\Framework\View\Result\Page\Interceptor->renderResult()
#73 /srv/caviar/caviar-deployment/vendor/magento/framework/App/Bootstrap.php(264): Magento\Framework\App\Http->launch()
#74 /srv/caviar/caviar-deployment/pub/index.php(30): Magento\Framework\App\Bootstrap->run()
#75 {main} {"exception":"[object] (Elasticsearch\\Common\\Exceptions\\NoNodesAvailableException(code: 0): No alive nodes found in your cluster at /srv/caviar/caviar-deployment/vendor/elasticsearch/elasticsearch/src/Elasticsearch/ConnectionPool/StaticNoPingConnectionPool.php:64)"} []
[2025-10-10T13:54:16.606883+00:00] main.CRITICAL: Elasticsearch\Common\Exceptions\NoNodesAvailableException: No alive nodes found in your cluster in /srv/caviar/caviar-deployment/vendor/elasticsearch/elasticsearch/src/Elasticsearch/ConnectionPool/StaticNoPingConnectionPool.php:64
Stack trace:
#0 /srv/caviar/caviar-deployment/vendor/elasticsearch/elasticsearch/src/Elasticsearch/Transport.php(82): Elasticsearch\ConnectionPool\StaticNoPingConnectionPool->nextConnection()
#1 /srv/caviar/caviar-deployment/vendor/elasticsearch/elasticsearch/src/Elasticsearch/Transport.php(99): Elasticsearch\Transport->getConnection()
#2 /srv/caviar/caviar-deployment/vendor/elasticsearch/elasticsearch/src/Elasticsearch/Connections/Connection.php(296): Elasticsearch\Transport->performRequest()
#3 /srv/caviar/caviar-deployment/vendor/react/promise/src/Internal/FulfilledPromise.php(47): Elasticsearch\Connections\Connection->Elasticsearch\Connections\{closure}()
#4 /srv/caviar/caviar-deployment/vendor/ezimuel/ringphp/src/Future/CompletedFutureValue.php(66): React\Promise\Internal\FulfilledPromise->then()
#5 /srv/caviar/caviar-deployment/vendor/ezimuel/ringphp/src/Core.php(341): GuzzleHttp\Ring\Future\CompletedFutureValue->then()
#6 /srv/caviar/caviar-deployment/vendor/elasticsearch/elasticsearch/src/Elasticsearch/Connections/Connection.php(264): GuzzleHttp\Ring\Core::proxy()
#7 /srv/caviar/caviar-deployment/vendor/elasticsearch/elasticsearch/src/Elasticsearch/Connections/Connection.php(241): Elasticsearch\Connections\Connection->Elasticsearch\Connections\{closure}()
#8 /srv/caviar/caviar-deployment/vendor/elasticsearch/elasticsearch/src/Elasticsearch/Transport.php(109): Elasticsearch\Connections\Connection->performRequest()
#9 /srv/caviar/caviar-deployment/vendor/elasticsearch/elasticsearch/src/Elasticsearch/Client.php(1924): Elasticsearch\Transport->performRequest()
#10 /srv/caviar/caviar-deployment/vendor/elasticsearch/elasticsearch/src/Elasticsearch/Client.php(1353): Elasticsearch\Client->performRequest()
#11 /srv/caviar/caviar-deployment/vendor/magento/module-elasticsearch-7/Model/Client/Elasticsearch.php(338): Elasticsearch\Client->search()
#12 /srv/caviar/caviar-deployment/vendor/magento/module-elasticsearch-7/SearchAdapter/Adapter.php(117): Magento\Elasticsearch7\Model\Client\Elasticsearch->query()
#13 /srv/caviar/caviar-deployment/vendor/magento/module-search/Model/SearchEngine.php(42): Magento\Elasticsearch7\SearchAdapter\Adapter->query()
#14 /srv/caviar/caviar-deployment/vendor/magento/framework/Search/Search.php(85): Magento\Search\Model\SearchEngine->search()
#15 /srv/caviar/caviar-deployment/vendor/magento/module-catalog-search/Model/ResourceModel/Fulltext/Collection.php(464): Magento\Framework\Search\Search->search()
#16 /srv/caviar/caviar-deployment/vendor/magento/framework/Data/Collection/AbstractDb.php(343): Magento\CatalogSearch\Model\ResourceModel\Fulltext\Collection->_renderFiltersBefore()
#17 /srv/caviar/caviar-deployment/vendor/magento/module-catalog-search/Model/ResourceModel/Fulltext/Collection.php(582): Magento\Framework\Data\Collection\AbstractDb->_renderFilters()
#18 /srv/caviar/caviar-deployment/vendor/magento/module-eav/Model/Entity/Collection/AbstractCollection.php(929): Magento\CatalogSearch\Model\ResourceModel\Fulltext\Collection->_renderFilters()
#19 /srv/caviar/caviar-deployment/vendor/magento/module-catalog/Model/ResourceModel/Product/Collection.php(801): Magento\Eav\Model\Entity\Collection\AbstractCollection->load()
#20 /srv/caviar/caviar-deployment/vendor/magento/framework/Interception/Interceptor.php(58): Magento\Catalog\Model\ResourceModel\Product\Collection->load()
#21 /srv/caviar/caviar-deployment/vendor/magento/framework/Interception/Interceptor.php(138): Magento\CatalogSearch\Model\ResourceModel\Fulltext\Collection\Interceptor->___callParent()
#22 /srv/caviar/caviar-deployment/vendor/magento/framework/Interception/Interceptor.php(153): Magento\CatalogSearch\Model\ResourceModel\Fulltext\Collection\Interceptor->Magento\Framework\Interception\{closure}()
#23 /srv/caviar/caviar-deployment/generated/code/Magento/CatalogSearch/Model/ResourceModel/Fulltext/Collection/Interceptor.php(41): Magento\CatalogSearch\Model\ResourceModel\Fulltext\Collection\Interceptor->___callPlugins()
#24 /srv/caviar/caviar-deployment/vendor/magento/module-catalog/Block/Product/ListProduct.php(199): Magento\CatalogSearch\Model\ResourceModel\Fulltext\Collection\Interceptor->load()
#25 /srv/caviar/caviar-deployment/vendor/magento/framework/View/Element/AbstractBlock.php(1127): Magento\Catalog\Block\Product\ListProduct->_beforeToHtml()
#26 /srv/caviar/caviar-deployment/vendor/magento/framework/View/Element/AbstractBlock.php(1132): Magento\Framework\View\Element\AbstractBlock->Magento\Framework\View\Element\{closure}()
#27 /srv/caviar/caviar-deployment/vendor/magento/framework/View/Element/AbstractBlock.php(676): Magento\Framework\View\Element\AbstractBlock->_loadCache()
#28 /srv/caviar/caviar-deployment/vendor/magento/framework/View/Layout.php(578): Magento\Framework\View\Element\AbstractBlock->toHtml()
#29 /srv/caviar/caviar-deployment/vendor/magento/framework/View/Layout.php(555): Magento\Framework\View\Layout->_renderBlock()
#30 /srv/caviar/caviar-deployment/vendor/magento/framework/View/Layout.php(510): Magento\Framework\View\Layout->renderNonCachedElement()
#31 /srv/caviar/caviar-deployment/vendor/magento/framework/View/Element/AbstractBlock.php(523): Magento\Framework\View\Layout->renderElement()
#32 /srv/caviar/caviar-deployment/vendor/magento/module-catalog/Block/Category/View.php(100): Magento\Framework\View\Element\AbstractBlock->getChildHtml()
#33 /srv/caviar/caviar-deployment/vendor/magento/module-catalog/view/frontend/templates/category/products.phtml(15): Magento\Catalog\Block\Category\View->getProductListHtml()
#34 /srv/caviar/caviar-deployment/vendor/magento/framework/View/TemplateEngine/Php.php(71): include('...')
#35 /srv/caviar/caviar-deployment/vendor/magento/framework/View/Element/Template.php(263): Magento\Framework\View\TemplateEngine\Php->render()
#36 /srv/caviar/caviar-deployment/vendor/magento/framework/View/Element/Template.php(293): Magento\Framework\View\Element\Template->fetchView()
#37 /srv/caviar/caviar-deployment/vendor/magento/framework/View/Element/AbstractBlock.php(1128): Magento\Framework\View\Element\Template->_toHtml()
#38 /srv/caviar/caviar-deployment/vendor/magento/framework/View/Element/AbstractBlock.php(1132): Magento\Framework\View\Element\AbstractBlock->Magento\Framework\View\Element\{closure}()
#39 /srv/caviar/caviar-deployment/vendor/magento/framework/View/Element/AbstractBlock.php(676): Magento\Framework\View\Element\AbstractBlock->_loadCache()
#40 /srv/caviar/caviar-deployment/vendor/magento/framework/View/Layout.php(578): Magento\Framework\View\Element\AbstractBlock->toHtml()
#41 /srv/caviar/caviar-deployment/vendor/magento/framework/View/Layout.php(555): Magento\Framework\View\Layout->_renderBlock()
#42 /srv/caviar/caviar-deployment/vendor/magento/framework/View/Layout.php(510): Magento\Framework\View\Layout->renderNonCachedElement()
#43 /srv/caviar/caviar-deployment/vendor/magento/framework/View/Layout.php(606): Magento\Framework\View\Layout->renderElement()
#44 /srv/caviar/caviar-deployment/vendor/magento/framework/View/Layout.php(557): Magento\Framework\View\Layout->_renderContainer()
#45 /srv/caviar/caviar-deployment/vendor/magento/framework/View/Layout.php(510): Magento\Framework\View\Layout->renderNonCachedElement()
#46 /srv/caviar/caviar-deployment/vendor/magento/framework/View/Layout.php(606): Magento\Framework\View\Layout->renderElement()
#47 /srv/caviar/caviar-deployment/vendor/magento/framework/View/Layout.php(557): Magento\Framework\View\Layout->_renderContainer()
#48 /srv/caviar/caviar-deployment/vendor/magento/framework/View/Layout.php(510): Magento\Framework\View\Layout->renderNonCachedElement()
#49 /srv/caviar/caviar-deployment/vendor/magento/framework/View/Layout.php(606): Magento\Framework\View\Layout->renderElement()
#50 /srv/caviar/caviar-deployment/vendor/magento/framework/View/Layout.php(557): Magento\Framework\View\Layout->_renderContainer()
#51 /srv/caviar/caviar-deployment/vendor/magento/framework/View/Layout.php(510): Magento\Framework\View\Layout->renderNonCachedElement()
#52 /srv/caviar/caviar-deployment/vendor/magento/framework/View/Layout.php(606): Magento\Framework\View\Layout->renderElement()
#53 /srv/caviar/caviar-deployment/vendor/magento/framework/View/Layout.php(557): Magento\Framework\View\Layout->_renderContainer()
#54 /srv/caviar/caviar-deployment/vendor/magento/framework/View/Layout.php(510): Magento\Framework\View\Layout->renderNonCachedElement()
#55 /srv/caviar/caviar-deployment/vendor/magento/framework/View/Layout.php(606): Magento\Framework\View\Layout->renderElement()
#56 /srv/caviar/caviar-deployment/vendor/magento/framework/View/Layout.php(557): Magento\Framework\View\Layout->_renderContainer()
#57 /srv/caviar/caviar-deployment/vendor/magento/framework/View/Layout.php(510): Magento\Framework\View\Layout->renderNonCachedElement()
#58 /srv/caviar/caviar-deployment/vendor/magento/framework/View/Layout.php(606): Magento\Framework\View\Layout->renderElement()
#59 /srv/caviar/caviar-deployment/vendor/magento/framework/View/Layout.php(557): Magento\Framework\View\Layout->_renderContainer()
#60 /srv/caviar/caviar-deployment/vendor/magento/framework/View/Layout.php(510): Magento\Framework\View\Layout->renderNonCachedElement()
#61 /srv/caviar/caviar-deployment/vendor/magento/framework/View/Layout.php(975): Magento\Framework\View\Layout->renderElement()
#62 /srv/caviar/caviar-deployment/vendor/magento/framework/Interception/Interceptor.php(58): Magento\Framework\View\Layout->getOutput()
#63 /srv/caviar/caviar-deployment/vendor/magento/framework/Interception/Interceptor.php(138): Magento\Framework\View\Layout\Interceptor->___callParent()
#64 /srv/caviar/caviar-deployment/vendor/magento/framework/Interception/Interceptor.php(153): Magento\Framework\View\Layout\Interceptor->Magento\Framework\Interception\{closure}()
#65 /srv/caviar/caviar-deployment/generated/code/Magento/Framework/View/Layout/Interceptor.php(41): Magento\Framework\View\Layout\Interceptor->___callPlugins()
#66 /srv/caviar/caviar-deployment/vendor/magento/framework/View/Result/Page.php(260): Magento\Framework\View\Layout\Interceptor->getOutput()
#67 /srv/caviar/caviar-deployment/vendor/magento/framework/View/Result/Layout.php(171): Magento\Framework\View\Result\Page->render()
#68 /srv/caviar/caviar-deployment/vendor/magento/framework/Interception/Interceptor.php(58): Magento\Framework\View\Result\Layout->renderResult()
#69 /srv/caviar/caviar-deployment/vendor/magento/framework/Interception/Interceptor.php(138): Magento\Framework\View\Result\Page\Interceptor->___callParent()
#70 /srv/caviar/caviar-deployment/vendor/magento/framework/Interception/Interceptor.php(153): Magento\Framework\View\Result\Page\Interceptor->Magento\Framework\Interception\{closure}()
#71 /srv/caviar/caviar-deployment/generated/code/Magento/Framework/View/Result/Page/Interceptor.php(32): Magento\Framework\View\Result\Page\Interceptor->___callPlugins()
#72 /srv/caviar/caviar-deployment/vendor/magento/framework/App/Http.php(120): Magento\Framework\View\Result\Page\Interceptor->renderResult()
#73 /srv/caviar/caviar-deployment/vendor/magento/framework/App/Bootstrap.php(264): Magento\Framework\App\Http->launch()
#74 /srv/caviar/caviar-deployment/pub/index.php(30): Magento\Framework\App\Bootstrap->run()
#75 {main} {"exception":"[object] (Elasticsearch\\Common\\Exceptions\\NoNodesAvailableException(code: 0): No alive nodes found in your cluster at /srv/caviar/caviar-deployment/vendor/elasticsearch/elasticsearch/src/Elasticsearch/ConnectionPool/StaticNoPingConnectionPool.php:64)"} []
[2025-10-10T13:54:17.668181+00:00] main.CRITICAL: Elasticsearch\Common\Exceptions\NoNodesAvailableException: No alive nodes found in your cluster in /srv/caviar/caviar-deployment/vendor/elasticsearch/elasticsearch/src/Elasticsearch/ConnectionPool/StaticNoPingConnectionPool.php:64
Stack trace:
#0 /srv/caviar/caviar-deployment/vendor/elasticsearch/elasticsearch/src/Elasticsearch/Transport.php(82): Elasticsearch\ConnectionPool\StaticNoPingConnectionPool->nextConnection()
#1 /srv/caviar/caviar-deployment/vendor/elasticsearch/elasticsearch/src/Elasticsearch/Transport.php(99): Elasticsearch\Transport->getConnection()
#2 /srv/caviar/caviar-deployment/vendor/elasticsearch/elasticsearch/src/Elasticsearch/Connections/Connection.php(296): Elasticsearch\Transport->performRequest()
#3 /srv/caviar/caviar-deployment/vendor/react/promise/src/Internal/FulfilledPromise.php(47): Elasticsearch\Connections\Connection->Elasticsearch\Connections\{closure}()
#4 /srv/caviar/caviar-deployment/vendor/ezimuel/ringphp/src/Future/CompletedFutureValue.php(66): React\Promise\Internal\FulfilledPromise->then()
#5 /srv/caviar/caviar-deployment/vendor/ezimuel/ringphp/src/Core.php(341): GuzzleHttp\Ring\Future\CompletedFutureValue->then()
#6 /srv/caviar/caviar-deployment/vendor/elasticsearch/elasticsearch/src/Elasticsearch/Connections/Connection.php(264): GuzzleHttp\Ring\Core::proxy()
#7 /srv/caviar/caviar-deployment/vendor/elasticsearch/elasticsearch/src/Elasticsearch/Connections/Connection.php(241): Elasticsearch\Connections\Connection->Elasticsearch\Connections\{closure}()
#8 /srv/caviar/caviar-deployment/vendor/elasticsearch/elasticsearch/src/Elasticsearch/Transport.php(109): Elasticsearch\Connections\Connection->performRequest()
#9 /srv/caviar/caviar-deployment/vendor/elasticsearch/elasticsearch/src/Elasticsearch/Client.php(1924): Elasticsearch\Transport->performRequest()
#10 /srv/caviar/caviar-deployment/vendor/elasticsearch/elasticsearch/src/Elasticsearch/Client.php(1353): Elasticsearch\Client->performRequest()
#11 /srv/caviar/caviar-deployment/vendor/magento/module-elasticsearch-7/Model/Client/Elasticsearch.php(338): Elasticsearch\Client->search()
#12 /srv/caviar/caviar-deployment/vendor/magento/module-elasticsearch-7/SearchAdapter/Adapter.php(117): Magento\Elasticsearch7\Model\Client\Elasticsearch->query()
#13 /srv/caviar/caviar-deployment/vendor/magento/module-search/Model/SearchEngine.php(42): Magento\Elasticsearch7\SearchAdapter\Adapter->query()
#14 /srv/caviar/caviar-deployment/vendor/magento/framework/Search/Search.php(85): Magento\Search\Model\SearchEngine->search()
#15 /srv/caviar/caviar-deployment/vendor/magento/module-catalog-search/Model/ResourceModel/Fulltext/Collection.php(464): Magento\Framework\Search\Search->search()
#16 /srv/caviar/caviar-deployment/vendor/magento/framework/Data/Collection/AbstractDb.php(343): Magento\CatalogSearch\Model\ResourceModel\Fulltext\Collection->_renderFiltersBefore()
#17 /srv/caviar/caviar-deployment/vendor/magento/module-catalog-search/Model/ResourceModel/Fulltext/Collection.php(582): Magento\Framework\Data\Collection\AbstractDb->_renderFilters()
#18 /srv/caviar/caviar-deployment/vendor/magento/module-eav/Model/Entity/Collection/AbstractCollection.php(929): Magento\CatalogSearch\Model\ResourceModel\Fulltext\Collection->_renderFilters()
#19 /srv/caviar/caviar-deployment/vendor/magento/module-catalog/Model/ResourceModel/Product/Collection.php(801): Magento\Eav\Model\Entity\Collection\AbstractCollection->load()
#20 /srv/caviar/caviar-deployment/vendor/magento/framework/Interception/Interceptor.php(58): Magento\Catalog\Model\ResourceModel\Product\Collection->load()
#21 /srv/caviar/caviar-deployment/vendor/magento/framework/Interception/Interceptor.php(138): Magento\CatalogSearch\Model\ResourceModel\Fulltext\Collection\Interceptor->___callParent()
#22 /srv/caviar/caviar-deployment/vendor/magento/framework/Interception/Interceptor.php(153): Magento\CatalogSearch\Model\ResourceModel\Fulltext\Collection\Interceptor->Magento\Framework\Interception\{closure}()
#23 /srv/caviar/caviar-deployment/generated/code/Magento/CatalogSearch/Model/ResourceModel/Fulltext/Collection/Interceptor.php(41): Magento\CatalogSearch\Model\ResourceModel\Fulltext\Collection\Interceptor->___callPlugins()
#24 /srv/caviar/caviar-deployment/vendor/magento/module-catalog/Block/Product/ListProduct.php(199): Magento\CatalogSearch\Model\ResourceModel\Fulltext\Collection\Interceptor->load()
#25 /srv/caviar/caviar-deployment/vendor/magento/framework/View/Element/AbstractBlock.php(1127): Magento\Catalog\Block\Product\ListProduct->_beforeToHtml()
#26 /srv/caviar/caviar-deployment/vendor/magento/framework/View/Element/AbstractBlock.php(1132): Magento\Framework\View\Element\AbstractBlock->Magento\Framework\View\Element\{closure}()
#27 /srv/caviar/caviar-deployment/vendor/magento/framework/View/Element/AbstractBlock.php(676): Magento\Framework\View\Element\AbstractBlock->_loadCache()
#28 /srv/caviar/caviar-deployment/vendor/magento/framework/View/Layout.php(578): Magento\Framework\View\Element\AbstractBlock->toHtml()
#29 /srv/caviar/caviar-deployment/vendor/magento/framework/View/Layout.php(555): Magento\Framework\View\Layout->_renderBlock()
#30 /srv/caviar/caviar-deployment/vendor/magento/framework/View/Layout.php(510): Magento\Framework\View\Layout->renderNonCachedElement()
#31 /srv/caviar/caviar-deployment/vendor/magento/framework/View/Element/AbstractBlock.php(523): Magento\Framework\View\Layout->renderElement()
#32 /srv/caviar/caviar-deployment/vendor/magento/module-catalog/Block/Category/View.php(100): Magento\Framework\View\Element\AbstractBlock->getChildHtml()
#33 /srv/caviar/caviar-deployment/vendor/magento/module-catalog/view/frontend/templates/category/products.phtml(15): Magento\Catalog\Block\Category\View->getProductListHtml()
#34 /srv/caviar/caviar-deployment/vendor/magento/framework/View/TemplateEngine/Php.php(71): include('...')
#35 /srv/caviar/caviar-deployment/vendor/magento/framework/View/Element/Template.php(263): Magento\Framework\View\TemplateEngine\Php->render()
#36 /srv/caviar/caviar-deployment/vendor/magento/framework/View/Element/Template.php(293): Magento\Framework\View\Element\Template->fetchView()
#37 /srv/caviar/caviar-deployment/vendor/magento/framework/View/Element/AbstractBlock.php(1128): Magento\Framework\View\Element\Template->_toHtml()
#38 /srv/caviar/caviar-deployment/vendor/magento/framework/View/Element/AbstractBlock.php(1132): Magento\Framework\View\Element\AbstractBlock->Magento\Framework\View\Element\{closure}()
#39 /srv/caviar/caviar-deployment/vendor/magento/framework/View/Element/AbstractBlock.php(676): Magento\Framework\View\Element\AbstractBlock->_loadCache()
#40 /srv/caviar/caviar-deployment/vendor/magento/framework/View/Layout.php(578): Magento\Framework\View\Element\AbstractBlock->toHtml()
#41 /srv/caviar/caviar-deployment/vendor/magento/framework/View/Layout.php(555): Magento\Framework\View\Layout->_renderBlock()
#42 /srv/caviar/caviar-deployment/vendor/magento/framework/View/Layout.php(510): Magento\Framework\View\Layout->renderNonCachedElement()
#43 /srv/caviar/caviar-deployment/vendor/magento/framework/View/Layout.php(606): Magento\Framework\View\Layout->renderElement()
#44 /srv/caviar/caviar-deployment/vendor/magento/framework/View/Layout.php(557): Magento\Framework\View\Layout->_renderContainer()
#45 /srv/caviar/caviar-deployment/vendor/magento/framework/View/Layout.php(510): Magento\Framework\View\Layout->renderNonCachedElement()
#46 /srv/caviar/caviar-deployment/vendor/magento/framework/View/Layout.php(606): Magento\Framework\View\Layout->renderElement()
#47 /srv/caviar/caviar-deployment/vendor/magento/framework/View/Layout.php(557): Magento\Framework\View\Layout->_renderContainer()
#48 /srv/caviar/caviar-deployment/vendor/magento/framework/View/Layout.php(510): Magento\Framework\View\Layout->renderNonCachedElement()
#49 /srv/caviar/caviar-deployment/vendor/magento/framework/View/Layout.php(606): Magento\Framework\View\Layout->renderElement()
#50 /srv/caviar/caviar-deployment/vendor/magento/framework/View/Layout.php(557): Magento\Framework\View\Layout->_renderContainer()
#51 /srv/caviar/caviar-deployment/vendor/magento/framework/View/Layout.php(510): Magento\Framework\View\Layout->renderNonCachedElement()
#52 /srv/caviar/caviar-deployment/vendor/magento/framework/View/Layout.php(606): Magento\Framework\View\Layout->renderElement()
#53 /srv/caviar/caviar-deployment/vendor/magento/framework/View/Layout.php(557): Magento\Framework\View\Layout->_renderContainer()
#54 /srv/caviar/caviar-deployment/vendor/magento/framework/View/Layout.php(510): Magento\Framework\View\Layout->renderNonCachedElement()
#55 /srv/caviar/caviar-deployment/vendor/magento/framework/View/Layout.php(606): Magento\Framework\View\Layout->renderElement()
#56 /srv/caviar/caviar-deployment/vendor/magento/framework/View/Layout.php(557): Magento\Framework\View\Layout->_renderContainer()
#57 /srv/caviar/caviar-deployment/vendor/magento/framework/View/Layout.php(510): Magento\Framework\View\Layout->renderNonCachedElement()
#58 /srv/caviar/caviar-deployment/vendor/magento/framework/View/Layout.php(606): Magento\Framework\View\Layout->renderElement()
#59 /srv/caviar/caviar-deployment/vendor/magento/framework/View/Layout.php(557): Magento\Framework\View\Layout->_renderContainer()
#60 /srv/caviar/caviar-deployment/vendor/magento/framework/View/Layout.php(510): Magento\Framework\View\Layout->renderNonCachedElement()
#61 /srv/caviar/caviar-deployment/vendor/magento/framework/View/Layout.php(975): Magento\Framework\View\Layout->renderElement()
#62 /srv/caviar/caviar-deployment/vendor/magento/framework/Interception/Interceptor.php(58): Magento\Framework\View\Layout->getOutput()
#63 /srv/caviar/caviar-deployment/vendor/magento/framework/Interception/Interceptor.php(138): Magento\Framework\View\Layout\Interceptor->___callParent()
#64 /srv/caviar/caviar-deployment/vendor/magento/framework/Interception/Interceptor.php(153): Magento\Framework\View\Layout\Interceptor->Magento\Framework\Interception\{closure}()
#65 /srv/caviar/caviar-deployment/generated/code/Magento/Framework/View/Layout/Interceptor.php(41): Magento\Framework\View\Layout\Interceptor->___callPlugins()
#66 /srv/caviar/caviar-deployment/vendor/magento/framework/View/Result/Page.php(260): Magento\Framework\View\Layout\Interceptor->getOutput()
#67 /srv/caviar/caviar-deployment/vendor/magento/framework/View/Result/Layout.php(171): Magento\Framework\View\Result\Page->render()
#68 /srv/caviar/caviar-deployment/vendor/magento/framework/Interception/Interceptor.php(58): Magento\Framework\View\Result\Layout->renderResult()
#69 /srv/caviar/caviar-deployment/vendor/magento/framework/Interception/Interceptor.php(138): Magento\Framework\View\Result\Page\Interceptor->___callParent()
#70 /srv/caviar/caviar-deployment/vendor/magento/framework/Interception/Interceptor.php(153): Magento\Framework\View\Result\Page\Interceptor->Magento\Framework\Interception\{closure}()
#71 /srv/caviar/caviar-deployment/generated/code/Magento/Framework/View/Result/Page/Interceptor.php(32): Magento\Framework\View\Result\Page\Interceptor->___callPlugins()
#72 /srv/caviar/caviar-deployment/vendor/magento/framework/App/Http.php(120): Magento\Framework\View\Result\Page\Interceptor->renderResult()
#73 /srv/caviar/caviar-deployment/vendor/magento/framework/App/Bootstrap.php(264): Magento\Framework\App\Http->launch()
#74 /srv/caviar/caviar-deployment/pub/index.php(30): Magento\Framework\App\Bootstrap->run()
#75 {main} {"exception":"[object] (Elasticsearch\\Common\\Exceptions\\NoNodesAvailableException(code: 0): No alive nodes found in your cluster at /srv/caviar/caviar-deployment/vendor/elasticsearch/elasticsearch/src/Elasticsearch/ConnectionPool/StaticNoPingConnectionPool.php:64)"} []
[2025-10-10T13:54:18.828999+00:00] main.CRITICAL: Elasticsearch\Common\Exceptions\NoNodesAvailableException: No alive nodes found in your cluster in /srv/caviar/caviar-deployment/vendor/elasticsearch/elasticsearch/src/Elasticsearch/ConnectionPool/StaticNoPingConnectionPool.php:64
Stack trace:
#0 /srv/caviar/caviar-deployment/vendor/elasticsearch/elasticsearch/src/Elasticsearch/Transport.php(82): Elasticsearch\ConnectionPool\StaticNoPingConnectionPool->nextConnection()
#1 /srv/caviar/caviar-deployment/vendor/elasticsearch/elasticsearch/src/Elasticsearch/Transport.php(99): Elasticsearch\Transport->getConnection()
#2 /srv/caviar/caviar-deployment/vendor/elasticsearch/elasticsearch/src/Elasticsearch/Connections/Connection.php(296): Elasticsearch\Transport->performRequest()
#3 /srv/caviar/caviar-deployment/vendor/react/promise/src/Internal/FulfilledPromise.php(47): Elasticsearch\Connections\Connection->Elasticsearch\Connections\{closure}()
#4 /srv/caviar/caviar-deployment/vendor/ezimuel/ringphp/src/Future/CompletedFutureValue.php(66): React\Promise\Internal\FulfilledPromise->then()
#5 /srv/caviar/caviar-deployment/vendor/ezimuel/ringphp/src/Core.php(341): GuzzleHttp\Ring\Future\CompletedFutureValue->then()
#6 /srv/caviar/caviar-deployment/vendor/elasticsearch/elasticsearch/src/Elasticsearch/Connections/Connection.php(264): GuzzleHttp\Ring\Core::proxy()
#7 /srv/caviar/caviar-deployment/vendor/elasticsearch/elasticsearch/src/Elasticsearch/Connections/Connection.php(241): Elasticsearch\Connections\Connection->Elasticsearch\Connections\{closure}()
#8 /srv/caviar/caviar-deployment/vendor/elasticsearch/elasticsearch/src/Elasticsearch/Transport.php(109): Elasticsearch\Connections\Connection->performRequest()
#9 /srv/caviar/caviar-deployment/vendor/elasticsearch/elasticsearch/src/Elasticsearch/Client.php(1924): Elasticsearch\Transport->performRequest()
#10 /srv/caviar/caviar-deployment/vendor/elasticsearch/elasticsearch/src/Elasticsearch/Client.php(1353): Elasticsearch\Client->performRequest()
#11 /srv/caviar/caviar-deployment/vendor/magento/module-elasticsearch-7/Model/Client/Elasticsearch.php(338): Elasticsearch\Client->search()
#12 /srv/caviar/caviar-deployment/vendor/magento/module-elasticsearch-7/SearchAdapter/Adapter.php(117): Magento\Elasticsearch7\Model\Client\Elasticsearch->query()
#13 /srv/caviar/caviar-deployment/vendor/magento/module-search/Model/SearchEngine.php(42): Magento\Elasticsearch7\SearchAdapter\Adapter->query()
#14 /srv/caviar/caviar-deployment/vendor/magento/framework/Search/Search.php(85): Magento\Search\Model\SearchEngine->search()
#15 /srv/caviar/caviar-deployment/vendor/magento/module-catalog-search/Model/ResourceModel/Fulltext/Collection.php(464): Magento\Framework\Search\Search->search()
#16 /srv/caviar/caviar-deployment/vendor/magento/framework/Data/Collection/AbstractDb.php(343): Magento\CatalogSearch\Model\ResourceModel\Fulltext\Collection->_renderFiltersBefore()
#17 /srv/caviar/caviar-deployment/vendor/magento/module-catalog-search/Model/ResourceModel/Fulltext/Collection.php(582): Magento\Framework\Data\Collection\AbstractDb->_renderFilters()
#18 /srv/caviar/caviar-deployment/vendor/magento/module-eav/Model/Entity/Collection/AbstractCollection.php(929): Magento\CatalogSearch\Model\ResourceModel\Fulltext\Collection->_renderFilters()
#19 /srv/caviar/caviar-deployment/vendor/magento/module-catalog/Model/ResourceModel/Product/Collection.php(801): Magento\Eav\Model\Entity\Collection\AbstractCollection->load()
#20 /srv/caviar/caviar-deployment/vendor/magento/framework/Interception/Interceptor.php(58): Magento\Catalog\Model\ResourceModel\Product\Collection->load()
#21 /srv/caviar/caviar-deployment/vendor/magento/framework/Interception/Interceptor.php(138): Magento\CatalogSearch\Model\ResourceModel\Fulltext\Collection\Interceptor->___callParent()
#22 /srv/caviar/caviar-deployment/vendor/magento/framework/Interception/Interceptor.php(153): Magento\CatalogSearch\Model\ResourceModel\Fulltext\Collection\Interceptor->Magento\Framework\Interception\{closure}()
#23 /srv/caviar/caviar-deployment/generated/code/Magento/CatalogSearch/Model/ResourceModel/Fulltext/Collection/Interceptor.php(41): Magento\CatalogSearch\Model\ResourceModel\Fulltext\Collection\Interceptor->___callPlugins()
#24 /srv/caviar/caviar-deployment/vendor/magento/module-catalog/Block/Product/ListProduct.php(199): Magento\CatalogSearch\Model\ResourceModel\Fulltext\Collection\Interceptor->load()
#25 /srv/caviar/caviar-deployment/vendor/magento/framework/View/Element/AbstractBlock.php(1127): Magento\Catalog\Block\Product\ListProduct->_beforeToHtml()
#26 /srv/caviar/caviar-deployment/vendor/magento/framework/View/Element/AbstractBlock.php(1132): Magento\Framework\View\Element\AbstractBlock->Magento\Framework\View\Element\{closure}()
#27 /srv/caviar/caviar-deployment/vendor/magento/framework/View/Element/AbstractBlock.php(676): Magento\Framework\View\Element\AbstractBlock->_loadCache()
#28 /srv/caviar/caviar-deployment/vendor/magento/framework/View/Layout.php(578): Magento\Framework\View\Element\AbstractBlock->toHtml()
#29 /srv/caviar/caviar-deployment/vendor/magento/framework/View/Layout.php(555): Magento\Framework\View\Layout->_renderBlock()
#30 /srv/caviar/caviar-deployment/vendor/magento/framework/View/Layout.php(510): Magento\Framework\View\Layout->renderNonCachedElement()
#31 /srv/caviar/caviar-deployment/vendor/magento/framework/View/Element/AbstractBlock.php(523): Magento\Framework\View\Layout->renderElement()
#32 /srv/caviar/caviar-deployment/vendor/magento/module-catalog/Block/Category/View.php(100): Magento\Framework\View\Element\AbstractBlock->getChildHtml()
#33 /srv/caviar/caviar-deployment/vendor/magento/module-catalog/view/frontend/templates/category/products.phtml(15): Magento\Catalog\Block\Category\View->getProductListHtml()
#34 /srv/caviar/caviar-deployment/vendor/magento/framework/View/TemplateEngine/Php.php(71): include('...')
#35 /srv/caviar/caviar-deployment/vendor/magento/framework/View/Element/Template.php(263): Magento\Framework\View\TemplateEngine\Php->render()
#36 /srv/caviar/caviar-deployment/vendor/magento/framework/View/Element/Template.php(293): Magento\Framework\View\Element\Template->fetchView()
#37 /srv/caviar/caviar-deployment/vendor/magento/framework/View/Element/AbstractBlock.php(1128): Magento\Framework\View\Element\Template->_toHtml()
#38 /srv/caviar/caviar-deployment/vendor/magento/framework/View/Element/AbstractBlock.php(1132): Magento\Framework\View\Element\AbstractBlock->Magento\Framework\View\Element\{closure}()
#39 /srv/caviar/caviar-deployment/vendor/magento/framework/View/Element/AbstractBlock.php(676): Magento\Framework\View\Element\AbstractBlock->_loadCache()
#40 /srv/caviar/caviar-deployment/vendor/magento/framework/View/Layout.php(578): Magento\Framework\View\Element\AbstractBlock->toHtml()
#41 /srv/caviar/caviar-deployment/vendor/magento/framework/View/Layout.php(555): Magento\Framework\View\Layout->_renderBlock()
#42 /srv/caviar/caviar-deployment/vendor/magento/framework/View/Layout.php(510): Magento\Framework\View\Layout->renderNonCachedElement()
#43 /srv/caviar/caviar-deployment/vendor/magento/framework/View/Layout.php(606): Magento\Framework\View\Layout->renderElement()
#44 /srv/caviar/caviar-deployment/vendor/magento/framework/View/Layout.php(557): Magento\Framework\View\Layout->_renderContainer()
#45 /srv/caviar/caviar-deployment/vendor/magento/framework/View/Layout.php(510): Magento\Framework\View\Layout->renderNonCachedElement()
#46 /srv/caviar/caviar-deployment/vendor/magento/framework/View/Layout.php(606): Magento\Framework\View\Layout->renderElement()
#47 /srv/caviar/caviar-deployment/vendor/magento/framework/View/Layout.php(557): Magento\Framework\View\Layout->_renderContainer()
#48 /srv/caviar/caviar-deployment/vendor/magento/framework/View/Layout.php(510): Magento\Framework\View\Layout->renderNonCachedElement()
#49 /srv/caviar/caviar-deployment/vendor/magento/framework/View/Layout.php(606): Magento\Framework\View\Layout->renderElement()
#50 /srv/caviar/caviar-deployment/vendor/magento/framework/View/Layout.php(557): Magento\Framework\View\Layout->_renderContainer()
#51 /srv/caviar/caviar-deployment/vendor/magento/framework/View/Layout.php(510): Magento\Framework\View\Layout->renderNonCachedElement()
#52 /srv/caviar/caviar-deployment/vendor/magento/framework/View/Layout.php(606): Magento\Framework\View\Layout->renderElement()
#53 /srv/caviar/caviar-deployment/vendor/magento/framework/View/Layout.php(557): Magento\Framework\View\Layout->_renderContainer()
#54 /srv/caviar/caviar-deployment/vendor/magento/framework/View/Layout.php(510): Magento\Framework\View\Layout->renderNonCachedElement()
#55 /srv/caviar/caviar-deployment/vendor/magento/framework/View/Layout.php(606): Magento\Framework\View\Layout->renderElement()
#56 /srv/caviar/caviar-deployment/vendor/magento/framework/View/Layout.php(557): Magento\Framework\View\Layout->_renderContainer()
#57 /srv/caviar/caviar-deployment/vendor/magento/framework/View/Layout.php(510): Magento\Framework\View\Layout->renderNonCachedElement()
#58 /srv/caviar/caviar-deployment/vendor/magento/framework/View/Layout.php(606): Magento\Framework\View\Layout->renderElement()
#59 /srv/caviar/caviar-deployment/vendor/magento/framework/View/Layout.php(557): Magento\Framework\View\Layout->_renderContainer()
#60 /srv/caviar/caviar-deployment/vendor/magento/framework/View/Layout.php(510): Magento\Framework\View\Layout->renderNonCachedElement()
#61 /srv/caviar/caviar-deployment/vendor/magento/framework/View/Layout.php(975): Magento\Framework\View\Layout->renderElement()
#62 /srv/caviar/caviar-deployment/vendor/magento/framework/Interception/Interceptor.php(58): Magento\Framework\View\Layout->getOutput()
#63 /srv/caviar/caviar-deployment/vendor/magento/framework/Interception/Interceptor.php(138): Magento\Framework\View\Layout\Interceptor->___callParent()
#64 /srv/caviar/caviar-deployment/vendor/magento/framework/Interception/Interceptor.php(153): Magento\Framework\View\Layout\Interceptor->Magento\Framework\Interception\{closure}()
#65 /srv/caviar/caviar-deployment/generated/code/Magento/Framework/View/Layout/Interceptor.php(41): Magento\Framework\View\Layout\Interceptor->___callPlugins()
#66 /srv/caviar/caviar-deployment/vendor/magento/framework/View/Result/Page.php(260): Magento\Framework\View\Layout\Interceptor->getOutput()
#67 /srv/caviar/caviar-deployment/vendor/magento/framework/View/Result/Layout.php(171): Magento\Framework\View\Result\Page->render()
#68 /srv/caviar/caviar-deployment/vendor/magento/framework/Interception/Interceptor.php(58): Magento\Framework\View\Result\Layout->renderResult()
#69 /srv/caviar/caviar-deployment/vendor/magento/framework/Interception/Interceptor.php(138): Magento\Framework\View\Result\Page\Interceptor->___callParent()
#70 /srv/caviar/caviar-deployment/vendor/magento/framework/Interception/Interceptor.php(153): Magento\Framework\View\Result\Page\Interceptor->Magento\Framework\Interception\{closure}()
#71 /srv/caviar/caviar-deployment/generated/code/Magento/Framework/View/Result/Page/Interceptor.php(32): Magento\Framework\View\Result\Page\Interceptor->___callPlugins()
#72 /srv/caviar/caviar-deployment/vendor/magento/framework/App/Http.php(120): Magento\Framework\View\Result\Page\Interceptor->renderResult()
#73 /srv/caviar/caviar-deployment/vendor/magento/framework/App/Bootstrap.php(264): Magento\Framework\App\Http->launch()
#74 /srv/caviar/caviar-deployment/pub/index.php(30): Magento\Framework\App\Bootstrap->run()
#75 {main} {"exception":"[object] (Elasticsearch\\Common\\Exceptions\\NoNodesAvailableException(code: 0): No alive nodes found in your cluster at /srv/caviar/caviar-deployment/vendor/elasticsearch/elasticsearch/src/Elasticsearch/ConnectionPool/StaticNoPingConnectionPool.php:64)"} []
[2025-10-10T13:54:20.576867+00:00] main.CRITICAL: Elasticsearch\Common\Exceptions\ServerErrorResponseException: {"error":{"root_cause":[{"type":"no_shard_available_action_exception","reason":"[node-1][127.0.0.1:9300][indices:data/read/search[phase/query]]","index_uuid":"EG5WMoGoSFu3ckWD5Cby9w","shard":"0","index":"magento2_product_1_v37"}],"type":"search_phase_execution_exception","reason":"all shards failed","phase":"query","grouped":true,"failed_shards":[{"shard":0,"index":"magento2_product_1_v37","node":"BaXw2vpOSoyjiizuYvqCFA","reason":{"type":"no_shard_available_action_exception","reason":"[node-1][127.0.0.1:9300][indices:data/read/search[phase/query]]","index_uuid":"EG5WMoGoSFu3ckWD5Cby9w","shard":"0","index":"magento2_product_1_v37"}}]},"status":503} in /srv/caviar/caviar-deployment/vendor/elasticsearch/elasticsearch/src/Elasticsearch/Connections/Connection.php:726
Stack trace:
#0 /srv/caviar/caviar-deployment/vendor/elasticsearch/elasticsearch/src/Elasticsearch/Connections/Connection.php(336): Elasticsearch\Connections\Connection->process5xxError()
#1 /srv/caviar/caviar-deployment/vendor/react/promise/src/Internal/FulfilledPromise.php(47): Elasticsearch\Connections\Connection->Elasticsearch\Connections\{closure}()
#2 /srv/caviar/caviar-deployment/vendor/ezimuel/ringphp/src/Future/CompletedFutureValue.php(66): React\Promise\Internal\FulfilledPromise->then()
#3 /srv/caviar/caviar-deployment/vendor/ezimuel/ringphp/src/Core.php(341): GuzzleHttp\Ring\Future\CompletedFutureValue->then()
#4 /srv/caviar/caviar-deployment/vendor/elasticsearch/elasticsearch/src/Elasticsearch/Connections/Connection.php(264): GuzzleHttp\Ring\Core::proxy()
#5 /srv/caviar/caviar-deployment/vendor/elasticsearch/elasticsearch/src/Elasticsearch/Connections/Connection.php(241): Elasticsearch\Connections\Connection->Elasticsearch\Connections\{closure}()
#6 /srv/caviar/caviar-deployment/vendor/elasticsearch/elasticsearch/src/Elasticsearch/Transport.php(109): Elasticsearch\Connections\Connection->performRequest()
#7 /srv/caviar/caviar-deployment/vendor/elasticsearch/elasticsearch/src/Elasticsearch/Client.php(1924): Elasticsearch\Transport->performRequest()
#8 /srv/caviar/caviar-deployment/vendor/elasticsearch/elasticsearch/src/Elasticsearch/Client.php(1353): Elasticsearch\Client->performRequest()
#9 /srv/caviar/caviar-deployment/vendor/magento/module-elasticsearch-7/Model/Client/Elasticsearch.php(338): Elasticsearch\Client->search()
#10 /srv/caviar/caviar-deployment/vendor/magento/module-elasticsearch-7/SearchAdapter/Adapter.php(117): Magento\Elasticsearch7\Model\Client\Elasticsearch->query()
#11 /srv/caviar/caviar-deployment/vendor/magento/module-search/Model/SearchEngine.php(42): Magento\Elasticsearch7\SearchAdapter\Adapter->query()
#12 /srv/caviar/caviar-deployment/vendor/magento/framework/Search/Search.php(85): Magento\Search\Model\SearchEngine->search()
#13 /srv/caviar/caviar-deployment/vendor/magento/module-catalog-search/Model/ResourceModel/Fulltext/Collection.php(464): Magento\Framework\Search\Search->search()
#14 /srv/caviar/caviar-deployment/vendor/magento/framework/Data/Collection/AbstractDb.php(343): Magento\CatalogSearch\Model\ResourceModel\Fulltext\Collection->_renderFiltersBefore()
#15 /srv/caviar/caviar-deployment/vendor/magento/module-catalog-search/Model/ResourceModel/Fulltext/Collection.php(582): Magento\Framework\Data\Collection\AbstractDb->_renderFilters()
#16 /srv/caviar/caviar-deployment/vendor/magento/module-eav/Model/Entity/Collection/AbstractCollection.php(929): Magento\CatalogSearch\Model\ResourceModel\Fulltext\Collection->_renderFilters()
#17 /srv/caviar/caviar-deployment/vendor/magento/module-catalog/Model/ResourceModel/Product/Collection.php(801): Magento\Eav\Model\Entity\Collection\AbstractCollection->load()
#18 /srv/caviar/caviar-deployment/vendor/magento/framework/Interception/Interceptor.php(58): Magento\Catalog\Model\ResourceModel\Product\Collection->load()
#19 /srv/caviar/caviar-deployment/vendor/magento/framework/Interception/Interceptor.php(138): Magento\CatalogSearch\Model\ResourceModel\Fulltext\Collection\Interceptor->___callParent()
#20 /srv/caviar/caviar-deployment/vendor/magento/framework/Interception/Interceptor.php(153): Magento\CatalogSearch\Model\ResourceModel\Fulltext\Collection\Interceptor->Magento\Framework\Interception\{closure}()
#21 /srv/caviar/caviar-deployment/generated/code/Magento/CatalogSearch/Model/ResourceModel/Fulltext/Collection/Interceptor.php(41): Magento\CatalogSearch\Model\ResourceModel\Fulltext\Collection\Interceptor->___callPlugins()
#22 /srv/caviar/caviar-deployment/vendor/magento/module-catalog/Block/Product/ListProduct.php(199): Magento\CatalogSearch\Model\ResourceModel\Fulltext\Collection\Interceptor->load()
#23 /srv/caviar/caviar-deployment/vendor/magento/framework/View/Element/AbstractBlock.php(1127): Magento\Catalog\Block\Product\ListProduct->_beforeToHtml()
#24 /srv/caviar/caviar-deployment/vendor/magento/framework/View/Element/AbstractBlock.php(1132): Magento\Framework\View\Element\AbstractBlock->Magento\Framework\View\Element\{closure}()
#25 /srv/caviar/caviar-deployment/vendor/magento/framework/View/Element/AbstractBlock.php(676): Magento\Framework\View\Element\AbstractBlock->_loadCache()
#26 /srv/caviar/caviar-deployment/vendor/magento/framework/View/Layout.php(578): Magento\Framework\View\Element\AbstractBlock->toHtml()
#27 /srv/caviar/caviar-deployment/vendor/magento/framework/View/Layout.php(555): Magento\Framework\View\Layout->_renderBlock()
#28 /srv/caviar/caviar-deployment/vendor/magento/framework/View/Layout.php(510): Magento\Framework\View\Layout->renderNonCachedElement()
#29 /srv/caviar/caviar-deployment/vendor/magento/framework/View/Element/AbstractBlock.php(523): Magento\Framework\View\Layout->renderElement()
#30 /srv/caviar/caviar-deployment/vendor/magento/module-catalog/Block/Category/View.php(100): Magento\Framework\View\Element\AbstractBlock->getChildHtml()
#31 /srv/caviar/caviar-deployment/vendor/magento/module-catalog/view/frontend/templates/category/products.phtml(15): Magento\Catalog\Block\Category\View->getProductListHtml()
#32 /srv/caviar/caviar-deployment/vendor/magento/framework/View/TemplateEngine/Php.php(71): include('...')
#33 /srv/caviar/caviar-deployment/vendor/magento/framework/View/Element/Template.php(263): Magento\Framework\View\TemplateEngine\Php->render()
#34 /srv/caviar/caviar-deployment/vendor/magento/framework/View/Element/Template.php(293): Magento\Framework\View\Element\Template->fetchView()
#35 /srv/caviar/caviar-deployment/vendor/magento/framework/View/Element/AbstractBlock.php(1128): Magento\Framework\View\Element\Template->_toHtml()
#36 /srv/caviar/caviar-deployment/vendor/magento/framework/View/Element/AbstractBlock.php(1132): Magento\Framework\View\Element\AbstractBlock->Magento\Framework\View\Element\{closure}()
#37 /srv/caviar/caviar-deployment/vendor/magento/framework/View/Element/AbstractBlock.php(676): Magento\Framework\View\Element\AbstractBlock->_loadCache()
#38 /srv/caviar/caviar-deployment/vendor/magento/framework/View/Layout.php(578): Magento\Framework\View\Element\AbstractBlock->toHtml()
#39 /srv/caviar/caviar-deployment/vendor/magento/framework/View/Layout.php(555): Magento\Framework\View\Layout->_renderBlock()
#40 /srv/caviar/caviar-deployment/vendor/magento/framework/View/Layout.php(510): Magento\Framework\View\Layout->renderNonCachedElement()
#41 /srv/caviar/caviar-deployment/vendor/magento/framework/View/Layout.php(606): Magento\Framework\View\Layout->renderElement()
#42 /srv/caviar/caviar-deployment/vendor/magento/framework/View/Layout.php(557): Magento\Framework\View\Layout->_renderContainer()
#43 /srv/caviar/caviar-deployment/vendor/magento/framework/View/Layout.php(510): Magento\Framework\View\Layout->renderNonCachedElement()
#44 /srv/caviar/caviar-deployment/vendor/magento/framework/View/Layout.php(606): Magento\Framework\View\Layout->renderElement()
#45 /srv/caviar/caviar-deployment/vendor/magento/framework/View/Layout.php(557): Magento\Framework\View\Layout->_renderContainer()
#46 /srv/caviar/caviar-deployment/vendor/magento/framework/View/Layout.php(510): Magento\Framework\View\Layout->renderNonCachedElement()
#47 /srv/caviar/caviar-deployment/vendor/magento/framework/View/Layout.php(606): Magento\Framework\View\Layout->renderElement()
#48 /srv/caviar/caviar-deployment/vendor/magento/framework/View/Layout.php(557): Magento\Framework\View\Layout->_renderContainer()
#49 /srv/caviar/caviar-deployment/vendor/magento/framework/View/Layout.php(510): Magento\Framework\View\Layout->renderNonCachedElement()
#50 /srv/caviar/caviar-deployment/vendor/magento/framework/View/Layout.php(606): Magento\Framework\View\Layout->renderElement()
#51 /srv/caviar/caviar-deployment/vendor/magento/framework/View/Layout.php(557): Magento\Framework\View\Layout->_renderContainer()
#52 /srv/caviar/caviar-deployment/vendor/magento/framework/View/Layout.php(510): Magento\Framework\View\Layout->renderNonCachedElement()
#53 /srv/caviar/caviar-deployment/vendor/magento/framework/View/Layout.php(606): Magento\Framework\View\Layout->renderElement()
#54 /srv/caviar/caviar-deployment/vendor/magento/framework/View/Layout.php(557): Magento\Framework\View\Layout->_renderContainer()
#55 /srv/caviar/caviar-deployment/vendor/magento/framework/View/Layout.php(510): Magento\Framework\View\Layout->renderNonCachedElement()
#56 /srv/caviar/caviar-deployment/vendor/magento/framework/View/Layout.php(606): Magento\Framework\View\Layout->renderElement()
#57 /srv/caviar/caviar-deployment/vendor/magento/framework/View/Layout.php(557): Magento\Framework\View\Layout->_renderContainer()
#58 /srv/caviar/caviar-deployment/vendor/magento/framework/View/Layout.php(510): Magento\Framework\View\Layout->renderNonCachedElement()
#59 /srv/caviar/caviar-deployment/vendor/magento/framework/View/Layout.php(975): Magento\Framework\View\Layout->renderElement()
#60 /srv/caviar/caviar-deployment/vendor/magento/framework/Interception/Interceptor.php(58): Magento\Framework\View\Layout->getOutput()
#61 /srv/caviar/caviar-deployment/vendor/magento/framework/Interception/Interceptor.php(138): Magento\Framework\View\Layout\Interceptor->___callParent()
#62 /srv/caviar/caviar-deployment/vendor/magento/framework/Interception/Interceptor.php(153): Magento\Framework\View\Layout\Interceptor->Magento\Framework\Interception\{closure}()
#63 /srv/caviar/caviar-deployment/generated/code/Magento/Framework/View/Layout/Interceptor.php(41): Magento\Framework\View\Layout\Interceptor->___callPlugins()
#64 /srv/caviar/caviar-deployment/vendor/magento/framework/View/Result/Page.php(260): Magento\Framework\View\Layout\Interceptor->getOutput()
#65 /srv/caviar/caviar-deployment/vendor/magento/framework/View/Result/Layout.php(171): Magento\Framework\View\Result\Page->render()
#66 /srv/caviar/caviar-deployment/vendor/magento/framework/Interception/Interceptor.php(58): Magento\Framework\View\Result\Layout->renderResult()
#67 /srv/caviar/caviar-deployment/vendor/magento/framework/Interception/Interceptor.php(138): Magento\Framework\View\Result\Page\Interceptor->___callParent()
#68 /srv/caviar/caviar-deployment/vendor/magento/framework/Interception/Interceptor.php(153): Magento\Framework\View\Result\Page\Interceptor->Magento\Framework\Interception\{closure}()
#69 /srv/caviar/caviar-deployment/generated/code/Magento/Framework/View/Result/Page/Interceptor.php(32): Magento\Framework\View\Result\Page\Interceptor->___callPlugins()
#70 /srv/caviar/caviar-deployment/vendor/magento/framework/App/Http.php(120): Magento\Framework\View\Result\Page\Interceptor->renderResult()
#71 /srv/caviar/caviar-deployment/vendor/magento/framework/App/Bootstrap.php(264): Magento\Framework\App\Http->launch()
#72 /srv/caviar/caviar-deployment/pub/index.php(30): Magento\Framework\App\Bootstrap->run()
#73 {main} {"exception":"[object] (Elasticsearch\\Common\\Exceptions\\ServerErrorResponseException(code: 503): {\"error\":{\"root_cause\":[{\"type\":\"no_shard_available_action_exception\",\"reason\":\"[node-1][127.0.0.1:9300][indices:data/read/search[phase/query]]\",\"index_uuid\":\"EG5WMoGoSFu3ckWD5Cby9w\",\"shard\":\"0\",\"index\":\"magento2_product_1_v37\"}],\"type\":\"search_phase_execution_exception\",\"reason\":\"all shards failed\",\"phase\":\"query\",\"grouped\":true,\"failed_shards\":[{\"shard\":0,\"index\":\"magento2_product_1_v37\",\"node\":\"BaXw2vpOSoyjiizuYvqCFA\",\"reason\":{\"type\":\"no_shard_available_action_exception\",\"reason\":\"[node-1][127.0.0.1:9300][indices:data/read/search[phase/query]]\",\"index_uuid\":\"EG5WMoGoSFu3ckWD5Cby9w\",\"shard\":\"0\",\"index\":\"magento2_product_1_v37\"}}]},\"status\":503} at /srv/caviar/caviar-deployment/vendor/elasticsearch/elasticsearch/src/Elasticsearch/Connections/Connection.php:726)"} []
[2025-10-10T13:54:36.429148+00:00] main.CRITICAL: Exception: Warning: file_put_contents(/srv/caviar/caviar-deployment/var/cache//mage-tags/mage---841_CONFIG): Failed to open stream: Permission denied in /srv/caviar/caviar-deployment/vendor/colinmollenhour/cache-backend-file/File.php on line 710 in /srv/caviar/caviar-deployment/vendor/magento/framework/App/ErrorHandler.php:62
Stack trace:
#0 [internal function]: Magento\Framework\App\ErrorHandler->handler()
#1 /srv/caviar/caviar-deployment/vendor/colinmollenhour/cache-backend-file/File.php(710): file_put_contents()
#2 /srv/caviar/caviar-deployment/vendor/colinmollenhour/cache-backend-file/File.php(204): Cm_Cache_Backend_File->_updateIdsTags()
#3 /srv/caviar/caviar-deployment/vendor/magento/zend-cache/library/Zend/Cache/Core.php(390): Cm_Cache_Backend_File->save()
#4 /srv/caviar/caviar-deployment/vendor/magento/framework/Cache/Core.php(74): Zend_Cache_Core->save()
#5 /srv/caviar/caviar-deployment/vendor/magento/framework/Cache/Frontend/Adapter/Zend.php(63): Magento\Framework\Cache\Core->save()
#6 /srv/caviar/caviar-deployment/vendor/magento/framework/Cache/Frontend/Decorator/Bare.php(75): Magento\Framework\Cache\Frontend\Adapter\Zend->save()
#7 /srv/caviar/caviar-deployment/vendor/magento/framework/Cache/Frontend/Decorator/TagScope.php(52): Magento\Framework\Cache\Frontend\Decorator\Bare->save()
#8 /srv/caviar/caviar-deployment/vendor/magento/framework/Cache/Frontend/Decorator/Bare.php(75): Magento\Framework\Cache\Frontend\Decorator\TagScope->save()
#9 /srv/caviar/caviar-deployment/vendor/magento/framework/Cache/Frontend/Decorator/Bare.php(75): Magento\Framework\Cache\Frontend\Decorator\Bare->save()
#10 /srv/caviar/caviar-deployment/vendor/magento/framework/App/Cache/Type/AccessProxy.php(85): Magento\Framework\Cache\Frontend\Decorator\Bare->save()
#11 /srv/caviar/caviar-deployment/vendor/magento/framework/Cache/Frontend/Decorator/Bare.php(75): Magento\Framework\App\Cache\Type\AccessProxy->save()
#12 /srv/caviar/caviar-deployment/vendor/magento/framework/Cache/Frontend/Decorator/TagScope.php(52): Magento\Framework\Cache\Frontend\Decorator\Bare->save()
#13 /srv/caviar/caviar-deployment/vendor/magento/framework/Config/Data.php(106): Magento\Framework\Cache\Frontend\Decorator\TagScope->save()
#14 /srv/caviar/caviar-deployment/vendor/magento/framework/Config/Data.php(93): Magento\Framework\Config\Data->initData()
#15 /srv/caviar/caviar-deployment/vendor/magento/module-cron/Model/Groups/Config/Data.php(29): Magento\Framework\Config\Data->__construct()
#16 /srv/caviar/caviar-deployment/vendor/magento/framework/ObjectManager/Factory/AbstractFactory.php(121): Magento\Cron\Model\Groups\Config\Data->__construct()
#17 /srv/caviar/caviar-deployment/vendor/magento/framework/ObjectManager/Factory/Compiled.php(108): Magento\Framework\ObjectManager\Factory\AbstractFactory->createObject()
#18 /srv/caviar/caviar-deployment/vendor/magento/framework/ObjectManager/Factory/Compiled.php(150): Magento\Framework\ObjectManager\Factory\Compiled->create()
#19 /srv/caviar/caviar-deployment/vendor/magento/framework/ObjectManager/Factory/Compiled.php(79): Magento\Framework\ObjectManager\Factory\Compiled->get()
#20 /srv/caviar/caviar-deployment/vendor/magento/framework/ObjectManager/ObjectManager.php(70): Magento\Framework\ObjectManager\Factory\Compiled->create()
#21 /srv/caviar/caviar-deployment/vendor/magento/framework/Interception/PluginList/PluginList.php(173): Magento\Framework\ObjectManager\ObjectManager->get()
#22 /srv/caviar/caviar-deployment/vendor/magento/framework/Interception/Interceptor.php(144): Magento\Framework\Interception\PluginList\PluginList->getPlugin()
#23 /srv/caviar/caviar-deployment/vendor/magento/framework/Interception/Interceptor.php(153): Magento\Framework\App\Config\Initial\Converter\Interceptor->Magento\Framework\Interception\{closure}()
#24 /srv/caviar/caviar-deployment/generated/code/Magento/Framework/App/Config/Initial/Converter/Interceptor.php(23): Magento\Framework\App\Config\Initial\Converter\Interceptor->___callPlugins()
#25 /srv/caviar/caviar-deployment/vendor/magento/framework/App/Config/Initial/Reader.php(123): Magento\Framework\App\Config\Initial\Converter\Interceptor->convert()
#26 /srv/caviar/caviar-deployment/generated/code/Magento/Framework/App/Config/Initial/Reader/Proxy.php(95): Magento\Framework\App\Config\Initial\Reader->read()
#27 /srv/caviar/caviar-deployment/vendor/magento/framework/App/Config/Initial.php(56): Magento\Framework\App\Config\Initial\Reader\Proxy->read()
#28 /srv/caviar/caviar-deployment/vendor/magento/framework/ObjectManager/Factory/AbstractFactory.php(121): Magento\Framework\App\Config\Initial->__construct()
#29 /srv/caviar/caviar-deployment/vendor/magento/framework/ObjectManager/Factory/Compiled.php(108): Magento\Framework\ObjectManager\Factory\AbstractFactory->createObject()
#30 /srv/caviar/caviar-deployment/vendor/magento/framework/ObjectManager/Factory/Compiled.php(150): Magento\Framework\ObjectManager\Factory\Compiled->create()
#31 /srv/caviar/caviar-deployment/vendor/magento/framework/ObjectManager/Factory/Compiled.php(79): Magento\Framework\ObjectManager\Factory\Compiled->get()
#32 /srv/caviar/caviar-deployment/vendor/magento/framework/ObjectManager/Factory/Compiled.php(150): Magento\Framework\ObjectManager\Factory\Compiled->create()
#33 /srv/caviar/caviar-deployment/vendor/magento/framework/ObjectManager/Factory/Compiled.php(125): Magento\Framework\ObjectManager\Factory\Compiled->get()
#34 /srv/caviar/caviar-deployment/vendor/magento/framework/ObjectManager/Factory/Compiled.php(86): Magento\Framework\ObjectManager\Factory\Compiled->parseArray()
#35 /srv/caviar/caviar-deployment/vendor/magento/framework/ObjectManager/Factory/Compiled.php(150): Magento\Framework\ObjectManager\Factory\Compiled->create()
#36 /srv/caviar/caviar-deployment/vendor/magento/framework/ObjectManager/Factory/Compiled.php(79): Magento\Framework\ObjectManager\Factory\Compiled->get()
#37 /srv/caviar/caviar-deployment/vendor/magento/framework/ObjectManager/ObjectManager.php(70): Magento\Framework\ObjectManager\Factory\Compiled->create()
#38 /srv/caviar/caviar-deployment/generated/code/Magento/Config/App/Config/Type/System/Reader/Proxy.php(84): Magento\Framework\ObjectManager\ObjectManager->get()
#39 /srv/caviar/caviar-deployment/generated/code/Magento/Config/App/Config/Type/System/Reader/Proxy.php(95): Magento\Config\App\Config\Type\System\Reader\Proxy->_getSubject()
#40 /srv/caviar/caviar-deployment/vendor/magento/module-config/App/Config/Type/System.php(395): Magento\Config\App\Config\Type\System\Reader\Proxy->read()
#41 /srv/caviar/caviar-deployment/vendor/magento/framework/Cache/LockGuardedCacheLoader.php(136): Magento\Config\App\Config\Type\System->readData()
#42 /srv/caviar/caviar-deployment/vendor/magento/module-config/App/Config/Type/System.php(277): Magento\Framework\Cache\LockGuardedCacheLoader->lockedLoadData()
#43 /srv/caviar/caviar-deployment/vendor/magento/module-config/App/Config/Type/System.php(207): Magento\Config\App\Config\Type\System->loadDefaultScopeData()
#44 /srv/caviar/caviar-deployment/vendor/magento/module-config/App/Config/Type/System.php(181): Magento\Config\App\Config\Type\System->getWithParts()
#45 /srv/caviar/caviar-deployment/vendor/magento/framework/App/Config.php(132): Magento\Config\App\Config\Type\System->get()
#46 /srv/caviar/caviar-deployment/vendor/magento/framework/App/Config.php(80): Magento\Framework\App\Config->get()
#47 /srv/caviar/caviar-deployment/vendor/magento/framework/App/Config.php(93): Magento\Framework\App\Config->getValue()
#48 /srv/caviar/caviar-deployment/vendor/magento/module-new-relic-reporting/Model/Config.php(94): Magento\Framework\App\Config->isSetFlag()
#49 /srv/caviar/caviar-deployment/vendor/magento/module-new-relic-reporting/Plugin/HttpPlugin.php(49): Magento\NewRelicReporting\Model\Config->isNewRelicEnabled()
#50 /srv/caviar/caviar-deployment/vendor/magento/framework/Interception/Interceptor.php(121): Magento\NewRelicReporting\Plugin\HttpPlugin->beforeCatchException()
#51 /srv/caviar/caviar-deployment/vendor/magento/framework/Interception/Interceptor.php(153): Magento\Framework\App\Http\Interceptor->Magento\Framework\Interception\{closure}()
#52 /srv/caviar/caviar-deployment/generated/code/Magento/Framework/App/Http/Interceptor.php(32): Magento\Framework\App\Http\Interceptor->___callPlugins()
#53 /srv/caviar/caviar-deployment/vendor/magento/framework/App/Bootstrap.php(270): Magento\Framework\App\Http\Interceptor->catchException()
#54 /srv/caviar/caviar-deployment/pub/index.php(30): Magento\Framework\App\Bootstrap->run()
#55 {main} {"exception":"[object] (Exception(code: 0): Warning: file_put_contents(/srv/caviar/caviar-deployment/var/cache//mage-tags/mage---841_CONFIG): Failed to open stream: Permission denied in /srv/caviar/caviar-deployment/vendor/colinmollenhour/cache-backend-file/File.php on line 710 at /srv/caviar/caviar-deployment/vendor/magento/framework/App/ErrorHandler.php:62)"} []
[2025-10-10T13:54:54.898780+00:00] main.CRITICAL: ReflectionException: Class "Magento\Store\Model\StoreManagerInterface\Proxy" does not exist in /srv/caviar/caviar-deployment/vendor/magento/framework/Code/Reader/ClassReader.php:34
Stack trace:
#0 /srv/caviar/caviar-deployment/vendor/magento/framework/Code/Reader/ClassReader.php(34): ReflectionClass->__construct()
#1 /srv/caviar/caviar-deployment/vendor/magento/framework/ObjectManager/Definition/Runtime.php(54): Magento\Framework\Code\Reader\ClassReader->getConstructor()
#2 /srv/caviar/caviar-deployment/vendor/magento/framework/ObjectManager/Factory/Dynamic/Developer.php(48): Magento\Framework\ObjectManager\Definition\Runtime->getParameters()
#3 /srv/caviar/caviar-deployment/vendor/magento/framework/ObjectManager/ObjectManager.php(70): Magento\Framework\ObjectManager\Factory\Dynamic\Developer->create()
#4 /srv/caviar/caviar-deployment/vendor/magento/framework/ObjectManager/Factory/AbstractFactory.php(170): Magento\Framework\ObjectManager\ObjectManager->get()
#5 /srv/caviar/caviar-deployment/vendor/magento/framework/ObjectManager/Factory/AbstractFactory.php(276): Magento\Framework\ObjectManager\Factory\AbstractFactory->resolveArgument()
#6 /srv/caviar/caviar-deployment/vendor/magento/framework/ObjectManager/Factory/AbstractFactory.php(239): Magento\Framework\ObjectManager\Factory\AbstractFactory->getResolvedArgument()
#7 /srv/caviar/caviar-deployment/vendor/magento/framework/ObjectManager/Factory/Dynamic/Developer.php(34): Magento\Framework\ObjectManager\Factory\AbstractFactory->resolveArgumentsInRuntime()
#8 /srv/caviar/caviar-deployment/vendor/magento/framework/ObjectManager/Factory/Dynamic/Developer.php(59): Magento\Framework\ObjectManager\Factory\Dynamic\Developer->_resolveArguments()
#9 /srv/caviar/caviar-deployment/vendor/magento/framework/ObjectManager/ObjectManager.php(70): Magento\Framework\ObjectManager\Factory\Dynamic\Developer->create()
#10 /srv/caviar/caviar-deployment/vendor/magento/framework/ObjectManager/Factory/AbstractFactory.php(206): Magento\Framework\ObjectManager\ObjectManager->get()
#11 /srv/caviar/caviar-deployment/vendor/magento/framework/ObjectManager/Factory/AbstractFactory.php(182): Magento\Framework\ObjectManager\Factory\AbstractFactory->parseArray()
#12 /srv/caviar/caviar-deployment/vendor/magento/framework/ObjectManager/Factory/AbstractFactory.php(276): Magento\Framework\ObjectManager\Factory\AbstractFactory->resolveArgument()
#13 /srv/caviar/caviar-deployment/vendor/magento/framework/ObjectManager/Factory/AbstractFactory.php(239): Magento\Framework\ObjectManager\Factory\AbstractFactory->getResolvedArgument()
#14 /srv/caviar/caviar-deployment/vendor/magento/framework/ObjectManager/Factory/Dynamic/Developer.php(34): Magento\Framework\ObjectManager\Factory\AbstractFactory->resolveArgumentsInRuntime()
#15 /srv/caviar/caviar-deployment/vendor/magento/framework/ObjectManager/Factory/Dynamic/Developer.php(59): Magento\Framework\ObjectManager\Factory\Dynamic\Developer->_resolveArguments()
#16 /srv/caviar/caviar-deployment/vendor/magento/framework/ObjectManager/ObjectManager.php(70): Magento\Framework\ObjectManager\Factory\Dynamic\Developer->create()
#17 /srv/caviar/caviar-deployment/vendor/magento/framework/ObjectManager/Factory/AbstractFactory.php(170): Magento\Framework\ObjectManager\ObjectManager->get()
#18 /srv/caviar/caviar-deployment/vendor/magento/framework/ObjectManager/Factory/AbstractFactory.php(276): Magento\Framework\ObjectManager\Factory\AbstractFactory->resolveArgument()
#19 /srv/caviar/caviar-deployment/vendor/magento/framework/ObjectManager/Factory/AbstractFactory.php(239): Magento\Framework\ObjectManager\Factory\AbstractFactory->getResolvedArgument()
#20 /srv/caviar/caviar-deployment/vendor/magento/framework/ObjectManager/Factory/Dynamic/Developer.php(34): Magento\Framework\ObjectManager\Factory\AbstractFactory->resolveArgumentsInRuntime()
#21 /srv/caviar/caviar-deployment/vendor/magento/framework/ObjectManager/Factory/Dynamic/Developer.php(59): Magento\Framework\ObjectManager\Factory\Dynamic\Developer->_resolveArguments()
#22 /srv/caviar/caviar-deployment/vendor/magento/framework/ObjectManager/ObjectManager.php(70): Magento\Framework\ObjectManager\Factory\Dynamic\Developer->create()
#23 /srv/caviar/caviar-deployment/vendor/magento/framework/ObjectManager/Factory/AbstractFactory.php(170): Magento\Framework\ObjectManager\ObjectManager->get()
#24 /srv/caviar/caviar-deployment/vendor/magento/framework/ObjectManager/Factory/AbstractFactory.php(276): Magento\Framework\ObjectManager\Factory\AbstractFactory->resolveArgument()
#25 /srv/caviar/caviar-deployment/vendor/magento/framework/ObjectManager/Factory/AbstractFactory.php(239): Magento\Framework\ObjectManager\Factory\AbstractFactory->getResolvedArgument()
#26 /srv/caviar/caviar-deployment/vendor/magento/framework/ObjectManager/Factory/Dynamic/Developer.php(34): Magento\Framework\ObjectManager\Factory\AbstractFactory->resolveArgumentsInRuntime()
#27 /srv/caviar/caviar-deployment/vendor/magento/framework/ObjectManager/Factory/Dynamic/Developer.php(59): Magento\Framework\ObjectManager\Factory\Dynamic\Developer->_resolveArguments()
#28 /srv/caviar/caviar-deployment/vendor/magento/framework/ObjectManager/ObjectManager.php(70): Magento\Framework\ObjectManager\Factory\Dynamic\Developer->create()
#29 /srv/caviar/caviar-deployment/vendor/magento/framework/ObjectManager/Factory/AbstractFactory.php(170): Magento\Framework\ObjectManager\ObjectManager->get()
#30 /srv/caviar/caviar-deployment/vendor/magento/framework/ObjectManager/Factory/AbstractFactory.php(276): Magento\Framework\ObjectManager\Factory\AbstractFactory->resolveArgument()
#31 /srv/caviar/caviar-deployment/vendor/magento/framework/ObjectManager/Factory/AbstractFactory.php(239): Magento\Framework\ObjectManager\Factory\AbstractFactory->getResolvedArgument()
#32 /srv/caviar/caviar-deployment/vendor/magento/framework/ObjectManager/Factory/Dynamic/Developer.php(34): Magento\Framework\ObjectManager\Factory\AbstractFactory->resolveArgumentsInRuntime()
#33 /srv/caviar/caviar-deployment/vendor/magento/framework/ObjectManager/Factory/Dynamic/Developer.php(59): Magento\Framework\ObjectManager\Factory\Dynamic\Developer->_resolveArguments()
#34 /srv/caviar/caviar-deployment/vendor/magento/framework/ObjectManager/ObjectManager.php(70): Magento\Framework\ObjectManager\Factory\Dynamic\Developer->create()
#35 /srv/caviar/caviar-deployment/vendor/magento/framework/ObjectManager/Factory/AbstractFactory.php(170): Magento\Framework\ObjectManager\ObjectManager->get()
#36 /srv/caviar/caviar-deployment/vendor/magento/framework/ObjectManager/Factory/AbstractFactory.php(276): Magento\Framework\ObjectManager\Factory\AbstractFactory->resolveArgument()
#37 /srv/caviar/caviar-deployment/vendor/magento/framework/ObjectManager/Factory/AbstractFactory.php(239): Magento\Framework\ObjectManager\Factory\AbstractFactory->getResolvedArgument()
#38 /srv/caviar/caviar-deployment/vendor/magento/framework/ObjectManager/Factory/Dynamic/Developer.php(34): Magento\Framework\ObjectManager\Factory\AbstractFactory->resolveArgumentsInRuntime()
#39 /srv/caviar/caviar-deployment/vendor/magento/framework/ObjectManager/Factory/Dynamic/Developer.php(59): Magento\Framework\ObjectManager\Factory\Dynamic\Developer->_resolveArguments()
#40 /srv/caviar/caviar-deployment/vendor/magento/framework/ObjectManager/ObjectManager.php(70): Magento\Framework\ObjectManager\Factory\Dynamic\Developer->create()
#41 /srv/caviar/caviar-deployment/vendor/magento/framework/Interception/PluginList/PluginList.php(173): Magento\Framework\ObjectManager\ObjectManager->get()
#42 /srv/caviar/caviar-deployment/vendor/magento/framework/Interception/Interceptor.php(119): Magento\Framework\Interception\PluginList\PluginList->getPlugin()
#43 /srv/caviar/caviar-deployment/vendor/magento/framework/Interception/Interceptor.php(153): Magento\Framework\App\Http\Interceptor->Magento\Framework\Interception\{closure}()
#44 /srv/caviar/caviar-deployment/generated/code/Magento/Framework/App/Http/Interceptor.php(32): Magento\Framework\App\Http\Interceptor->___callPlugins()
#45 /srv/caviar/caviar-deployment/vendor/magento/framework/App/Bootstrap.php(270): Magento\Framework\App\Http\Interceptor->catchException()
#46 /srv/caviar/caviar-deployment/pub/index.php(30): Magento\Framework\App\Bootstrap->run()
#47 {main} {"exception":"[object] (ReflectionException(code: -1): Class \"Magento\\Store\\Model\\StoreManagerInterface\\Proxy\" does not exist at /srv/caviar/caviar-deployment/vendor/magento/framework/Code/Reader/ClassReader.php:34)"} []
[2025-10-10T13:55:00.898969+00:00] main.CRITICAL: ReflectionException: Class "Magento\Store\Model\StoreManagerInterface\Proxy" does not exist in /srv/caviar/caviar-deployment/vendor/magento/framework/Code/Reader/ClassReader.php:34
Stack trace:
#0 /srv/caviar/caviar-deployment/vendor/magento/framework/Code/Reader/ClassReader.php(34): ReflectionClass->__construct()
#1 /srv/caviar/caviar-deployment/vendor/magento/framework/ObjectManager/Definition/Runtime.php(54): Magento\Framework\Code\Reader\ClassReader->getConstructor()
#2 /srv/caviar/caviar-deployment/vendor/magento/framework/ObjectManager/Factory/Dynamic/Developer.php(48): Magento\Framework\ObjectManager\Definition\Runtime->getParameters()
#3 /srv/caviar/caviar-deployment/vendor/magento/framework/ObjectManager/ObjectManager.php(70): Magento\Framework\ObjectManager\Factory\Dynamic\Developer->create()
#4 /srv/caviar/caviar-deployment/vendor/magento/framework/ObjectManager/Factory/AbstractFactory.php(170): Magento\Framework\ObjectManager\ObjectManager->get()
#5 /srv/caviar/caviar-deployment/vendor/magento/framework/ObjectManager/Factory/AbstractFactory.php(276): Magento\Framework\ObjectManager\Factory\AbstractFactory->resolveArgument()
#6 /srv/caviar/caviar-deployment/vendor/magento/framework/ObjectManager/Factory/AbstractFactory.php(239): Magento\Framework\ObjectManager\Factory\AbstractFactory->getResolvedArgument()
#7 /srv/caviar/caviar-deployment/vendor/magento/framework/ObjectManager/Factory/Dynamic/Developer.php(34): Magento\Framework\ObjectManager\Factory\AbstractFactory->resolveArgumentsInRuntime()
#8 /srv/caviar/caviar-deployment/vendor/magento/framework/ObjectManager/Factory/Dynamic/Developer.php(59): Magento\Framework\ObjectManager\Factory\Dynamic\Developer->_resolveArguments()
#9 /srv/caviar/caviar-deployment/vendor/magento/framework/ObjectManager/ObjectManager.php(70): Magento\Framework\ObjectManager\Factory\Dynamic\Developer->create()
#10 /srv/caviar/caviar-deployment/vendor/magento/framework/ObjectManager/Factory/AbstractFactory.php(206): Magento\Framework\ObjectManager\ObjectManager->get()
#11 /srv/caviar/caviar-deployment/vendor/magento/framework/ObjectManager/Factory/AbstractFactory.php(182): Magento\Framework\ObjectManager\Factory\AbstractFactory->parseArray()
#12 /srv/caviar/caviar-deployment/vendor/magento/framework/ObjectManager/Factory/AbstractFactory.php(276): Magento\Framework\ObjectManager\Factory\AbstractFactory->resolveArgument()
#13 /srv/caviar/caviar-deployment/vendor/magento/framework/ObjectManager/Factory/AbstractFactory.php(239): Magento\Framework\ObjectManager\Factory\AbstractFactory->getResolvedArgument()
#14 /srv/caviar/caviar-deployment/vendor/magento/framework/ObjectManager/Factory/Dynamic/Developer.php(34): Magento\Framework\ObjectManager\Factory\AbstractFactory->resolveArgumentsInRuntime()
#15 /srv/caviar/caviar-deployment/vendor/magento/framework/ObjectManager/Factory/Dynamic/Developer.php(59): Magento\Framework\ObjectManager\Factory\Dynamic\Developer->_resolveArguments()
#16 /srv/caviar/caviar-deployment/vendor/magento/framework/ObjectManager/ObjectManager.php(70): Magento\Framework\ObjectManager\Factory\Dynamic\Developer->create()
#17 /srv/caviar/caviar-deployment/vendor/magento/framework/ObjectManager/Factory/AbstractFactory.php(170): Magento\Framework\ObjectManager\ObjectManager->get()
#18 /srv/caviar/caviar-deployment/vendor/magento/framework/ObjectManager/Factory/AbstractFactory.php(276): Magento\Framework\ObjectManager\Factory\AbstractFactory->resolveArgument()
#19 /srv/caviar/caviar-deployment/vendor/magento/framework/ObjectManager/Factory/AbstractFactory.php(239): Magento\Framework\ObjectManager\Factory\AbstractFactory->getResolvedArgument()
#20 /srv/caviar/caviar-deployment/vendor/magento/framework/ObjectManager/Factory/Dynamic/Developer.php(34): Magento\Framework\ObjectManager\Factory\AbstractFactory->resolveArgumentsInRuntime()
#21 /srv/caviar/caviar-deployment/vendor/magento/framework/ObjectManager/Factory/Dynamic/Developer.php(59): Magento\Framework\ObjectManager\Factory\Dynamic\Developer->_resolveArguments()
#22 /srv/caviar/caviar-deployment/vendor/magento/framework/ObjectManager/ObjectManager.php(70): Magento\Framework\ObjectManager\Factory\Dynamic\Developer->create()
#23 /srv/caviar/caviar-deployment/vendor/magento/framework/ObjectManager/Factory/AbstractFactory.php(170): Magento\Framework\ObjectManager\ObjectManager->get()
#24 /srv/caviar/caviar-deployment/vendor/magento/framework/ObjectManager/Factory/AbstractFactory.php(276): Magento\Framework\ObjectManager\Factory\AbstractFactory->resolveArgument()
#25 /srv/caviar/caviar-deployment/vendor/magento/framework/ObjectManager/Factory/AbstractFactory.php(239): Magento\Framework\ObjectManager\Factory\AbstractFactory->getResolvedArgument()
#26 /srv/caviar/caviar-deployment/vendor/magento/framework/ObjectManager/Factory/Dynamic/Developer.php(34): Magento\Framework\ObjectManager\Factory\AbstractFactory->resolveArgumentsInRuntime()
#27 /srv/caviar/caviar-deployment/vendor/magento/framework/ObjectManager/Factory/Dynamic/Developer.php(59): Magento\Framework\ObjectManager\Factory\Dynamic\Developer->_resolveArguments()
#28 /srv/caviar/caviar-deployment/vendor/magento/framework/ObjectManager/ObjectManager.php(70): Magento\Framework\ObjectManager\Factory\Dynamic\Developer->create()
#29 /srv/caviar/caviar-deployment/vendor/magento/framework/ObjectManager/Factory/AbstractFactory.php(170): Magento\Framework\ObjectManager\ObjectManager->get()
#30 /srv/caviar/caviar-deployment/vendor/magento/framework/ObjectManager/Factory/AbstractFactory.php(276): Magento\Framework\ObjectManager\Factory\AbstractFactory->resolveArgument()
#31 /srv/caviar/caviar-deployment/vendor/magento/framework/ObjectManager/Factory/AbstractFactory.php(239): Magento\Framework\ObjectManager\Factory\AbstractFactory->getResolvedArgument()
#32 /srv/caviar/caviar-deployment/vendor/magento/framework/ObjectManager/Factory/Dynamic/Developer.php(34): Magento\Framework\ObjectManager\Factory\AbstractFactory->resolveArgumentsInRuntime()
#33 /srv/caviar/caviar-deployment/vendor/magento/framework/ObjectManager/Factory/Dynamic/Developer.php(59): Magento\Framework\ObjectManager\Factory\Dynamic\Developer->_resolveArguments()
#34 /srv/caviar/caviar-deployment/vendor/magento/framework/ObjectManager/ObjectManager.php(70): Magento\Framework\ObjectManager\Factory\Dynamic\Developer->create()
#35 /srv/caviar/caviar-deployment/vendor/magento/framework/ObjectManager/Factory/AbstractFactory.php(170): Magento\Framework\ObjectManager\ObjectManager->get()
#36 /srv/caviar/caviar-deployment/vendor/magento/framework/ObjectManager/Factory/AbstractFactory.php(276): Magento\Framework\ObjectManager\Factory\AbstractFactory->resolveArgument()
#37 /srv/caviar/caviar-deployment/vendor/magento/framework/ObjectManager/Factory/AbstractFactory.php(239): Magento\Framework\ObjectManager\Factory\AbstractFactory->getResolvedArgument()
#38 /srv/caviar/caviar-deployment/vendor/magento/framework/ObjectManager/Factory/Dynamic/Developer.php(34): Magento\Framework\ObjectManager\Factory\AbstractFactory->resolveArgumentsInRuntime()
#39 /srv/caviar/caviar-deployment/vendor/magento/framework/ObjectManager/Factory/Dynamic/Developer.php(59): Magento\Framework\ObjectManager\Factory\Dynamic\Developer->_resolveArguments()
#40 /srv/caviar/caviar-deployment/vendor/magento/framework/ObjectManager/ObjectManager.php(70): Magento\Framework\ObjectManager\Factory\Dynamic\Developer->create()
#41 /srv/caviar/caviar-deployment/vendor/magento/framework/Interception/PluginList/PluginList.php(173): Magento\Framework\ObjectManager\ObjectManager->get()
#42 /srv/caviar/caviar-deployment/vendor/magento/framework/Interception/Interceptor.php(119): Magento\Framework\Interception\PluginList\PluginList->getPlugin()
#43 /srv/caviar/caviar-deployment/vendor/magento/framework/Interception/Interceptor.php(153): Magento\Framework\App\Http\Interceptor->Magento\Framework\Interception\{closure}()
#44 /srv/caviar/caviar-deployment/generated/code/Magento/Framework/App/Http/Interceptor.php(32): Magento\Framework\App\Http\Interceptor->___callPlugins()
#45 /srv/caviar/caviar-deployment/vendor/magento/framework/App/Bootstrap.php(270): Magento\Framework\App\Http\Interceptor->catchException()
#46 /srv/caviar/caviar-deployment/pub/index.php(30): Magento\Framework\App\Bootstrap->run()
#47 {main} {"exception":"[object] (ReflectionException(code: -1): Class \"Magento\\Store\\Model\\StoreManagerInterface\\Proxy\" does not exist at /srv/caviar/caviar-deployment/vendor/magento/framework/Code/Reader/ClassReader.php:34)"} []
[2025-10-10T13:55:01.735171+00:00] main.CRITICAL: ReflectionException: Class "Magento\Store\Model\StoreManagerInterface\Proxy" does not exist in /srv/caviar/caviar-deployment/vendor/magento/framework/Code/Reader/ClassReader.php:34
Stack trace:
#0 /srv/caviar/caviar-deployment/vendor/magento/framework/Code/Reader/ClassReader.php(34): ReflectionClass->__construct()
#1 /srv/caviar/caviar-deployment/vendor/magento/framework/ObjectManager/Definition/Runtime.php(54): Magento\Framework\Code\Reader\ClassReader->getConstructor()
#2 /srv/caviar/caviar-deployment/vendor/magento/framework/ObjectManager/Factory/Dynamic/Developer.php(48): Magento\Framework\ObjectManager\Definition\Runtime->getParameters()
#3 /srv/caviar/caviar-deployment/vendor/magento/framework/ObjectManager/ObjectManager.php(70): Magento\Framework\ObjectManager\Factory\Dynamic\Developer->create()
#4 /srv/caviar/caviar-deployment/vendor/magento/framework/ObjectManager/Factory/AbstractFactory.php(170): Magento\Framework\ObjectManager\ObjectManager->get()
#5 /srv/caviar/caviar-deployment/vendor/magento/framework/ObjectManager/Factory/AbstractFactory.php(276): Magento\Framework\ObjectManager\Factory\AbstractFactory->resolveArgument()
#6 /srv/caviar/caviar-deployment/vendor/magento/framework/ObjectManager/Factory/AbstractFactory.php(239): Magento\Framework\ObjectManager\Factory\AbstractFactory->getResolvedArgument()
#7 /srv/caviar/caviar-deployment/vendor/magento/framework/ObjectManager/Factory/Dynamic/Developer.php(34): Magento\Framework\ObjectManager\Factory\AbstractFactory->resolveArgumentsInRuntime()
#8 /srv/caviar/caviar-deployment/vendor/magento/framework/ObjectManager/Factory/Dynamic/Developer.php(59): Magento\Framework\ObjectManager\Factory\Dynamic\Developer->_resolveArguments()
#9 /srv/caviar/caviar-deployment/vendor/magento/framework/ObjectManager/ObjectManager.php(70): Magento\Framework\ObjectManager\Factory\Dynamic\Developer->create()
#10 /srv/caviar/caviar-deployment/vendor/magento/framework/ObjectManager/Factory/AbstractFactory.php(206): Magento\Framework\ObjectManager\ObjectManager->get()
#11 /srv/caviar/caviar-deployment/vendor/magento/framework/ObjectManager/Factory/AbstractFactory.php(182): Magento\Framework\ObjectManager\Factory\AbstractFactory->parseArray()
#12 /srv/caviar/caviar-deployment/vendor/magento/framework/ObjectManager/Factory/AbstractFactory.php(276): Magento\Framework\ObjectManager\Factory\AbstractFactory->resolveArgument()
#13 /srv/caviar/caviar-deployment/vendor/magento/framework/ObjectManager/Factory/AbstractFactory.php(239): Magento\Framework\ObjectManager\Factory\AbstractFactory->getResolvedArgument()
#14 /srv/caviar/caviar-deployment/vendor/magento/framework/ObjectManager/Factory/Dynamic/Developer.php(34): Magento\Framework\ObjectManager\Factory\AbstractFactory->resolveArgumentsInRuntime()
#15 /srv/caviar/caviar-deployment/vendor/magento/framework/ObjectManager/Factory/Dynamic/Developer.php(59): Magento\Framework\ObjectManager\Factory\Dynamic\Developer->_resolveArguments()
#16 /srv/caviar/caviar-deployment/vendor/magento/framework/ObjectManager/ObjectManager.php(70): Magento\Framework\ObjectManager\Factory\Dynamic\Developer->create()
#17 /srv/caviar/caviar-deployment/vendor/magento/framework/ObjectManager/Factory/AbstractFactory.php(170): Magento\Framework\ObjectManager\ObjectManager->get()
#18 /srv/caviar/caviar-deployment/vendor/magento/framework/ObjectManager/Factory/AbstractFactory.php(276): Magento\Framework\ObjectManager\Factory\AbstractFactory->resolveArgument()
#19 /srv/caviar/caviar-deployment/vendor/magento/framework/ObjectManager/Factory/AbstractFactory.php(239): Magento\Framework\ObjectManager\Factory\AbstractFactory->getResolvedArgument()
#20 /srv/caviar/caviar-deployment/vendor/magento/framework/ObjectManager/Factory/Dynamic/Developer.php(34): Magento\Framework\ObjectManager\Factory\AbstractFactory->resolveArgumentsInRuntime()
#21 /srv/caviar/caviar-deployment/vendor/magento/framework/ObjectManager/Factory/Dynamic/Developer.php(59): Magento\Framework\ObjectManager\Factory\Dynamic\Developer->_resolveArguments()
#22 /srv/caviar/caviar-deployment/vendor/magento/framework/ObjectManager/ObjectManager.php(70): Magento\Framework\ObjectManager\Factory\Dynamic\Developer->create()
#23 /srv/caviar/caviar-deployment/vendor/magento/framework/ObjectManager/Factory/AbstractFactory.php(170): Magento\Framework\ObjectManager\ObjectManager->get()
#24 /srv/caviar/caviar-deployment/vendor/magento/framework/ObjectManager/Factory/AbstractFactory.php(276): Magento\Framework\ObjectManager\Factory\AbstractFactory->resolveArgument()
#25 /srv/caviar/caviar-deployment/vendor/magento/framework/ObjectManager/Factory/AbstractFactory.php(239): Magento\Framework\ObjectManager\Factory\AbstractFactory->getResolvedArgument()
#26 /srv/caviar/caviar-deployment/vendor/magento/framework/ObjectManager/Factory/Dynamic/Developer.php(34): Magento\Framework\ObjectManager\Factory\AbstractFactory->resolveArgumentsInRuntime()
#27 /srv/caviar/caviar-deployment/vendor/magento/framework/ObjectManager/Factory/Dynamic/Developer.php(59): Magento\Framework\ObjectManager\Factory\Dynamic\Developer->_resolveArguments()
#28 /srv/caviar/caviar-deployment/vendor/magento/framework/ObjectManager/ObjectManager.php(70): Magento\Framework\ObjectManager\Factory\Dynamic\Developer->create()
#29 /srv/caviar/caviar-deployment/vendor/magento/framework/ObjectManager/Factory/AbstractFactory.php(170): Magento\Framework\ObjectManager\ObjectManager->get()
#30 /srv/caviar/caviar-deployment/vendor/magento/framework/ObjectManager/Factory/AbstractFactory.php(276): Magento\Framework\ObjectManager\Factory\AbstractFactory->resolveArgument()
#31 /srv/caviar/caviar-deployment/vendor/magento/framework/ObjectManager/Factory/AbstractFactory.php(239): Magento\Framework\ObjectManager\Factory\AbstractFactory->getResolvedArgument()
#32 /srv/caviar/caviar-deployment/vendor/magento/framework/ObjectManager/Factory/Dynamic/Developer.php(34): Magento\Framework\ObjectManager\Factory\AbstractFactory->resolveArgumentsInRuntime()
#33 /srv/caviar/caviar-deployment/vendor/magento/framework/ObjectManager/Factory/Dynamic/Developer.php(59): Magento\Framework\ObjectManager\Factory\Dynamic\Developer->_resolveArguments()
#34 /srv/caviar/caviar-deployment/vendor/magento/framework/ObjectManager/ObjectManager.php(70): Magento\Framework\ObjectManager\Factory\Dynamic\Developer->create()
#35 /srv/caviar/caviar-deployment/vendor/magento/framework/ObjectManager/Factory/AbstractFactory.php(170): Magento\Framework\ObjectManager\ObjectManager->get()
#36 /srv/caviar/caviar-deployment/vendor/magento/framework/ObjectManager/Factory/AbstractFactory.php(276): Magento\Framework\ObjectManager\Factory\AbstractFactory->resolveArgument()
#37 /srv/caviar/caviar-deployment/vendor/magento/framework/ObjectManager/Factory/AbstractFactory.php(239): Magento\Framework\ObjectManager\Factory\AbstractFactory->getResolvedArgument()
#38 /srv/caviar/caviar-deployment/vendor/magento/framework/ObjectManager/Factory/Dynamic/Developer.php(34): Magento\Framework\ObjectManager\Factory\AbstractFactory->resolveArgumentsInRuntime()
#39 /srv/caviar/caviar-deployment/vendor/magento/framework/ObjectManager/Factory/Dynamic/Developer.php(59): Magento\Framework\ObjectManager\Factory\Dynamic\Developer->_resolveArguments()
#40 /srv/caviar/caviar-deployment/vendor/magento/framework/ObjectManager/ObjectManager.php(70): Magento\Framework\ObjectManager\Factory\Dynamic\Developer->create()
#41 /srv/caviar/caviar-deployment/vendor/magento/framework/Interception/PluginList/PluginList.php(173): Magento\Framework\ObjectManager\ObjectManager->get()
#42 /srv/caviar/caviar-deployment/vendor/magento/framework/Interception/Interceptor.php(119): Magento\Framework\Interception\PluginList\PluginList->getPlugin()
#43 /srv/caviar/caviar-deployment/vendor/magento/framework/Interception/Interceptor.php(153): Magento\Framework\App\Http\Interceptor->Magento\Framework\Interception\{closure}()
#44 /srv/caviar/caviar-deployment/generated/code/Magento/Framework/App/Http/Interceptor.php(32): Magento\Framework\App\Http\Interceptor->___callPlugins()
#45 /srv/caviar/caviar-deployment/vendor/magento/framework/App/Bootstrap.php(270): Magento\Framework\App\Http\Interceptor->catchException()
#46 /srv/caviar/caviar-deployment/pub/index.php(30): Magento\Framework\App\Bootstrap->run()
#47 {main} {"exception":"[object] (ReflectionException(code: -1): Class \"Magento\\Store\\Model\\StoreManagerInterface\\Proxy\" does not exist at /srv/caviar/caviar-deployment/vendor/magento/framework/Code/Reader/ClassReader.php:34)"} []
[2025-10-10T13:55:03.229288+00:00] main.CRITICAL: ReflectionException: Class "Magento\Store\Model\StoreManagerInterface\Proxy" does not exist in /srv/caviar/caviar-deployment/vendor/magento/framework/Code/Reader/ClassReader.php:34
Stack trace:
#0 /srv/caviar/caviar-deployment/vendor/magento/framework/Code/Reader/ClassReader.php(34): ReflectionClass->__construct()
#1 /srv/caviar/caviar-deployment/vendor/magento/framework/ObjectManager/Definition/Runtime.php(54): Magento\Framework\Code\Reader\ClassReader->getConstructor()
#2 /srv/caviar/caviar-deployment/vendor/magento/framework/ObjectManager/Factory/Dynamic/Developer.php(48): Magento\Framework\ObjectManager\Definition\Runtime->getParameters()
#3 /srv/caviar/caviar-deployment/vendor/magento/framework/ObjectManager/ObjectManager.php(70): Magento\Framework\ObjectManager\Factory\Dynamic\Developer->create()
#4 /srv/caviar/caviar-deployment/vendor/magento/framework/ObjectManager/Factory/AbstractFactory.php(170): Magento\Framework\ObjectManager\ObjectManager->get()
#5 /srv/caviar/caviar-deployment/vendor/magento/framework/ObjectManager/Factory/AbstractFactory.php(276): Magento\Framework\ObjectManager\Factory\AbstractFactory->resolveArgument()
#6 /srv/caviar/caviar-deployment/vendor/magento/framework/ObjectManager/Factory/AbstractFactory.php(239): Magento\Framework\ObjectManager\Factory\AbstractFactory->getResolvedArgument()
#7 /srv/caviar/caviar-deployment/vendor/magento/framework/ObjectManager/Factory/Dynamic/Developer.php(34): Magento\Framework\ObjectManager\Factory\AbstractFactory->resolveArgumentsInRuntime()
#8 /srv/caviar/caviar-deployment/vendor/magento/framework/ObjectManager/Factory/Dynamic/Developer.php(59): Magento\Framework\ObjectManager\Factory\Dynamic\Developer->_resolveArguments()
#9 /srv/caviar/caviar-deployment/vendor/magento/framework/ObjectManager/ObjectManager.php(70): Magento\Framework\ObjectManager\Factory\Dynamic\Developer->create()
#10 /srv/caviar/caviar-deployment/vendor/magento/framework/ObjectManager/Factory/AbstractFactory.php(206): Magento\Framework\ObjectManager\ObjectManager->get()
#11 /srv/caviar/caviar-deployment/vendor/magento/framework/ObjectManager/Factory/AbstractFactory.php(182): Magento\Framework\ObjectManager\Factory\AbstractFactory->parseArray()
#12 /srv/caviar/caviar-deployment/vendor/magento/framework/ObjectManager/Factory/AbstractFactory.php(276): Magento\Framework\ObjectManager\Factory\AbstractFactory->resolveArgument()
#13 /srv/caviar/caviar-deployment/vendor/magento/framework/ObjectManager/Factory/AbstractFactory.php(239): Magento\Framework\ObjectManager\Factory\AbstractFactory->getResolvedArgument()
#14 /srv/caviar/caviar-deployment/vendor/magento/framework/ObjectManager/Factory/Dynamic/Developer.php(34): Magento\Framework\ObjectManager\Factory\AbstractFactory->resolveArgumentsInRuntime()
#15 /srv/caviar/caviar-deployment/vendor/magento/framework/ObjectManager/Factory/Dynamic/Developer.php(59): Magento\Framework\ObjectManager\Factory\Dynamic\Developer->_resolveArguments()
#16 /srv/caviar/caviar-deployment/vendor/magento/framework/ObjectManager/ObjectManager.php(70): Magento\Framework\ObjectManager\Factory\Dynamic\Developer->create()
#17 /srv/caviar/caviar-deployment/vendor/magento/framework/ObjectManager/Factory/AbstractFactory.php(170): Magento\Framework\ObjectManager\ObjectManager->get()
#18 /srv/caviar/caviar-deployment/vendor/magento/framework/ObjectManager/Factory/AbstractFactory.php(276): Magento\Framework\ObjectManager\Factory\AbstractFactory->resolveArgument()
#19 /srv/caviar/caviar-deployment/vendor/magento/framework/ObjectManager/Factory/AbstractFactory.php(239): Magento\Framework\ObjectManager\Factory\AbstractFactory->getResolvedArgument()
#20 /srv/caviar/caviar-deployment/vendor/magento/framework/ObjectManager/Factory/Dynamic/Developer.php(34): Magento\Framework\ObjectManager\Factory\AbstractFactory->resolveArgumentsInRuntime()
#21 /srv/caviar/caviar-deployment/vendor/magento/framework/ObjectManager/Factory/Dynamic/Developer.php(59): Magento\Framework\ObjectManager\Factory\Dynamic\Developer->_resolveArguments()
#22 /srv/caviar/caviar-deployment/vendor/magento/framework/ObjectManager/ObjectManager.php(70): Magento\Framework\ObjectManager\Factory\Dynamic\Developer->create()
#23 /srv/caviar/caviar-deployment/vendor/magento/framework/ObjectManager/Factory/AbstractFactory.php(170): Magento\Framework\ObjectManager\ObjectManager->get()
#24 /srv/caviar/caviar-deployment/vendor/magento/framework/ObjectManager/Factory/AbstractFactory.php(276): Magento\Framework\ObjectManager\Factory\AbstractFactory->resolveArgument()
#25 /srv/caviar/caviar-deployment/vendor/magento/framework/ObjectManager/Factory/AbstractFactory.php(239): Magento\Framework\ObjectManager\Factory\AbstractFactory->getResolvedArgument()
#26 /srv/caviar/caviar-deployment/vendor/magento/framework/ObjectManager/Factory/Dynamic/Developer.php(34): Magento\Framework\ObjectManager\Factory\AbstractFactory->resolveArgumentsInRuntime()
#27 /srv/caviar/caviar-deployment/vendor/magento/framework/ObjectManager/Factory/Dynamic/Developer.php(59): Magento\Framework\ObjectManager\Factory\Dynamic\Developer->_resolveArguments()
#28 /srv/caviar/caviar-deployment/vendor/magento/framework/ObjectManager/ObjectManager.php(70): Magento\Framework\ObjectManager\Factory\Dynamic\Developer->create()
#29 /srv/caviar/caviar-deployment/vendor/magento/framework/ObjectManager/Factory/AbstractFactory.php(170): Magento\Framework\ObjectManager\ObjectManager->get()
#30 /srv/caviar/caviar-deployment/vendor/magento/framework/ObjectManager/Factory/AbstractFactory.php(276): Magento\Framework\ObjectManager\Factory\AbstractFactory->resolveArgument()
#31 /srv/caviar/caviar-deployment/vendor/magento/framework/ObjectManager/Factory/AbstractFactory.php(239): Magento\Framework\ObjectManager\Factory\AbstractFactory->getResolvedArgument()
#32 /srv/caviar/caviar-deployment/vendor/magento/framework/ObjectManager/Factory/Dynamic/Developer.php(34): Magento\Framework\ObjectManager\Factory\AbstractFactory->resolveArgumentsInRuntime()
#33 /srv/caviar/caviar-deployment/vendor/magento/framework/ObjectManager/Factory/Dynamic/Developer.php(59): Magento\Framework\ObjectManager\Factory\Dynamic\Developer->_resolveArguments()
#34 /srv/caviar/caviar-deployment/vendor/magento/framework/ObjectManager/ObjectManager.php(70): Magento\Framework\ObjectManager\Factory\Dynamic\Developer->create()
#35 /srv/caviar/caviar-deployment/vendor/magento/framework/ObjectManager/Factory/AbstractFactory.php(170): Magento\Framework\ObjectManager\ObjectManager->get()
#36 /srv/caviar/caviar-deployment/vendor/magento/framework/ObjectManager/Factory/AbstractFactory.php(276): Magento\Framework\ObjectManager\Factory\AbstractFactory->resolveArgument()
#37 /srv/caviar/caviar-deployment/vendor/magento/framework/ObjectManager/Factory/AbstractFactory.php(239): Magento\Framework\ObjectManager\Factory\AbstractFactory->getResolvedArgument()
#38 /srv/caviar/caviar-deployment/vendor/magento/framework/ObjectManager/Factory/Dynamic/Developer.php(34): Magento\Framework\ObjectManager\Factory\AbstractFactory->resolveArgumentsInRuntime()
#39 /srv/caviar/caviar-deployment/vendor/magento/framework/ObjectManager/Factory/Dynamic/Developer.php(59): Magento\Framework\ObjectManager\Factory\Dynamic\Developer->_resolveArguments()
#40 /srv/caviar/caviar-deployment/vendor/magento/framework/ObjectManager/ObjectManager.php(70): Magento\Framework\ObjectManager\Factory\Dynamic\Developer->create()
#41 /srv/caviar/caviar-deployment/vendor/magento/framework/Interception/PluginList/PluginList.php(173): Magento\Framework\ObjectManager\ObjectManager->get()
#42 /srv/caviar/caviar-deployment/vendor/magento/framework/Interception/Interceptor.php(119): Magento\Framework\Interception\PluginList\PluginList->getPlugin()
#43 /srv/caviar/caviar-deployment/vendor/magento/framework/Interception/Interceptor.php(153): Magento\Framework\App\Http\Interceptor->Magento\Framework\Interception\{closure}()
#44 /srv/caviar/caviar-deployment/generated/code/Magento/Framework/App/Http/Interceptor.php(32): Magento\Framework\App\Http\Interceptor->___callPlugins()
#45 /srv/caviar/caviar-deployment/vendor/magento/framework/App/Bootstrap.php(270): Magento\Framework\App\Http\Interceptor->catchException()
#46 /srv/caviar/caviar-deployment/pub/index.php(30): Magento\Framework\App\Bootstrap->run()
#47 {main} {"exception":"[object] (ReflectionException(code: -1): Class \"Magento\\Store\\Model\\StoreManagerInterface\\Proxy\" does not exist at /srv/caviar/caviar-deployment/vendor/magento/framework/Code/Reader/ClassReader.php:34)"} []
[2025-10-10T13:55:13.324999+00:00] main.CRITICAL: ReflectionException: Class "Magento\Store\Model\StoreManagerInterface\Proxy" does not exist in /srv/caviar/caviar-deployment/vendor/magento/framework/Code/Reader/ClassReader.php:34
Stack trace:
#0 /srv/caviar/caviar-deployment/vendor/magento/framework/Code/Reader/ClassReader.php(34): ReflectionClass->__construct()
#1 /srv/caviar/caviar-deployment/vendor/magento/framework/ObjectManager/Definition/Runtime.php(54): Magento\Framework\Code\Reader\ClassReader->getConstructor()
#2 /srv/caviar/caviar-deployment/vendor/magento/framework/ObjectManager/Factory/Dynamic/Developer.php(48): Magento\Framework\ObjectManager\Definition\Runtime->getParameters()
#3 /srv/caviar/caviar-deployment/vendor/magento/framework/ObjectManager/ObjectManager.php(70): Magento\Framework\ObjectManager\Factory\Dynamic\Developer->create()
#4 /srv/caviar/caviar-deployment/vendor/magento/framework/ObjectManager/Factory/AbstractFactory.php(170): Magento\Framework\ObjectManager\ObjectManager->get()
#5 /srv/caviar/caviar-deployment/vendor/magento/framework/ObjectManager/Factory/AbstractFactory.php(276): Magento\Framework\ObjectManager\Factory\AbstractFactory->resolveArgument()
#6 /srv/caviar/caviar-deployment/vendor/magento/framework/ObjectManager/Factory/AbstractFactory.php(239): Magento\Framework\ObjectManager\Factory\AbstractFactory->getResolvedArgument()
#7 /srv/caviar/caviar-deployment/vendor/magento/framework/ObjectManager/Factory/Dynamic/Developer.php(34): Magento\Framework\ObjectManager\Factory\AbstractFactory->resolveArgumentsInRuntime()
#8 /srv/caviar/caviar-deployment/vendor/magento/framework/ObjectManager/Factory/Dynamic/Developer.php(59): Magento\Framework\ObjectManager\Factory\Dynamic\Developer->_resolveArguments()
#9 /srv/caviar/caviar-deployment/vendor/magento/framework/ObjectManager/ObjectManager.php(70): Magento\Framework\ObjectManager\Factory\Dynamic\Developer->create()
#10 /srv/caviar/caviar-deployment/vendor/magento/framework/ObjectManager/Factory/AbstractFactory.php(206): Magento\Framework\ObjectManager\ObjectManager->get()
#11 /srv/caviar/caviar-deployment/vendor/magento/framework/ObjectManager/Factory/AbstractFactory.php(182): Magento\Framework\ObjectManager\Factory\AbstractFactory->parseArray()
#12 /srv/caviar/caviar-deployment/vendor/magento/framework/ObjectManager/Factory/AbstractFactory.php(276): Magento\Framework\ObjectManager\Factory\AbstractFactory->resolveArgument()
#13 /srv/caviar/caviar-deployment/vendor/magento/framework/ObjectManager/Factory/AbstractFactory.php(239): Magento\Framework\ObjectManager\Factory\AbstractFactory->getResolvedArgument()
#14 /srv/caviar/caviar-deployment/vendor/magento/framework/ObjectManager/Factory/Dynamic/Developer.php(34): Magento\Framework\ObjectManager\Factory\AbstractFactory->resolveArgumentsInRuntime()
#15 /srv/caviar/caviar-deployment/vendor/magento/framework/ObjectManager/Factory/Dynamic/Developer.php(59): Magento\Framework\ObjectManager\Factory\Dynamic\Developer->_resolveArguments()
#16 /srv/caviar/caviar-deployment/vendor/magento/framework/ObjectManager/ObjectManager.php(70): Magento\Framework\ObjectManager\Factory\Dynamic\Developer->create()
#17 /srv/caviar/caviar-deployment/vendor/magento/framework/ObjectManager/Factory/AbstractFactory.php(170): Magento\Framework\ObjectManager\ObjectManager->get()
#18 /srv/caviar/caviar-deployment/vendor/magento/framework/ObjectManager/Factory/AbstractFactory.php(276): Magento\Framework\ObjectManager\Factory\AbstractFactory->resolveArgument()
#19 /srv/caviar/caviar-deployment/vendor/magento/framework/ObjectManager/Factory/AbstractFactory.php(239): Magento\Framework\ObjectManager\Factory\AbstractFactory->getResolvedArgument()
#20 /srv/caviar/caviar-deployment/vendor/magento/framework/ObjectManager/Factory/Dynamic/Developer.php(34): Magento\Framework\ObjectManager\Factory\AbstractFactory->resolveArgumentsInRuntime()
#21 /srv/caviar/caviar-deployment/vendor/magento/framework/ObjectManager/Factory/Dynamic/Developer.php(59): Magento\Framework\ObjectManager\Factory\Dynamic\Developer->_resolveArguments()
#22 /srv/caviar/caviar-deployment/vendor/magento/framework/ObjectManager/ObjectManager.php(70): Magento\Framework\ObjectManager\Factory\Dynamic\Developer->create()
#23 /srv/caviar/caviar-deployment/vendor/magento/framework/ObjectManager/Factory/AbstractFactory.php(170): Magento\Framework\ObjectManager\ObjectManager->get()
#24 /srv/caviar/caviar-deployment/vendor/magento/framework/ObjectManager/Factory/AbstractFactory.php(276): Magento\Framework\ObjectManager\Factory\AbstractFactory->resolveArgument()
#25 /srv/caviar/caviar-deployment/vendor/magento/framework/ObjectManager/Factory/AbstractFactory.php(239): Magento\Framework\ObjectManager\Factory\AbstractFactory->getResolvedArgument()
#26 /srv/caviar/caviar-deployment/vendor/magento/framework/ObjectManager/Factory/Dynamic/Developer.php(34): Magento\Framework\ObjectManager\Factory\AbstractFactory->resolveArgumentsInRuntime()
#27 /srv/caviar/caviar-deployment/vendor/magento/framework/ObjectManager/Factory/Dynamic/Developer.php(59): Magento\Framework\ObjectManager\Factory\Dynamic\Developer->_resolveArguments()
#28 /srv/caviar/caviar-deployment/vendor/magento/framework/ObjectManager/ObjectManager.php(70): Magento\Framework\ObjectManager\Factory\Dynamic\Developer->create()
#29 /srv/caviar/caviar-deployment/vendor/magento/framework/ObjectManager/Factory/AbstractFactory.php(170): Magento\Framework\ObjectManager\ObjectManager->get()
#30 /srv/caviar/caviar-deployment/vendor/magento/framework/ObjectManager/Factory/AbstractFactory.php(276): Magento\Framework\ObjectManager\Factory\AbstractFactory->resolveArgument()
#31 /srv/caviar/caviar-deployment/vendor/magento/framework/ObjectManager/Factory/AbstractFactory.php(239): Magento\Framework\ObjectManager\Factory\AbstractFactory->getResolvedArgument()
#32 /srv/caviar/caviar-deployment/vendor/magento/framework/ObjectManager/Factory/Dynamic/Developer.php(34): Magento\Framework\ObjectManager\Factory\AbstractFactory->resolveArgumentsInRuntime()
#33 /srv/caviar/caviar-deployment/vendor/magento/framework/ObjectManager/Factory/Dynamic/Developer.php(59): Magento\Framework\ObjectManager\Factory\Dynamic\Developer->_resolveArguments()
#34 /srv/caviar/caviar-deployment/vendor/magento/framework/ObjectManager/ObjectManager.php(70): Magento\Framework\ObjectManager\Factory\Dynamic\Developer->create()
#35 /srv/caviar/caviar-deployment/vendor/magento/framework/ObjectManager/Factory/AbstractFactory.php(170): Magento\Framework\ObjectManager\ObjectManager->get()
#36 /srv/caviar/caviar-deployment/vendor/magento/framework/ObjectManager/Factory/AbstractFactory.php(276): Magento\Framework\ObjectManager\Factory\AbstractFactory->resolveArgument()
#37 /srv/caviar/caviar-deployment/vendor/magento/framework/ObjectManager/Factory/AbstractFactory.php(239): Magento\Framework\ObjectManager\Factory\AbstractFactory->getResolvedArgument()
#38 /srv/caviar/caviar-deployment/vendor/magento/framework/ObjectManager/Factory/Dynamic/Developer.php(34): Magento\Framework\ObjectManager\Factory\AbstractFactory->resolveArgumentsInRuntime()
#39 /srv/caviar/caviar-deployment/vendor/magento/framework/ObjectManager/Factory/Dynamic/Developer.php(59): Magento\Framework\ObjectManager\Factory\Dynamic\Developer->_resolveArguments()
#40 /srv/caviar/caviar-deployment/vendor/magento/framework/ObjectManager/ObjectManager.php(70): Magento\Framework\ObjectManager\Factory\Dynamic\Developer->create()
#41 /srv/caviar/caviar-deployment/vendor/magento/framework/Interception/PluginList/PluginList.php(173): Magento\Framework\ObjectManager\ObjectManager->get()
#42 /srv/caviar/caviar-deployment/vendor/magento/framework/Interception/Interceptor.php(119): Magento\Framework\Interception\PluginList\PluginList->getPlugin()
#43 /srv/caviar/caviar-deployment/vendor/magento/framework/Interception/Interceptor.php(153): Magento\Framework\App\Http\Interceptor->Magento\Framework\Interception\{closure}()
#44 /srv/caviar/caviar-deployment/generated/code/Magento/Framework/App/Http/Interceptor.php(32): Magento\Framework\App\Http\Interceptor->___callPlugins()
#45 /srv/caviar/caviar-deployment/vendor/magento/framework/App/Bootstrap.php(270): Magento\Framework\App\Http\Interceptor->catchException()
#46 /srv/caviar/caviar-deployment/pub/index.php(30): Magento\Framework\App\Bootstrap->run()
#47 {main} {"exception":"[object] (ReflectionException(code: -1): Class \"Magento\\Store\\Model\\StoreManagerInterface\\Proxy\" does not exist at /srv/caviar/caviar-deployment/vendor/magento/framework/Code/Reader/ClassReader.php:34)"} []
[2025-10-10T13:55:20.600153+00:00] main.CRITICAL: ReflectionException: Class "Magento\Framework\App\Config\ConfigSourceAggregated\Proxy" does not exist in /srv/caviar/caviar-deployment/vendor/magento/framework/Code/Reader/ClassReader.php:34
Stack trace:
#0 /srv/caviar/caviar-deployment/vendor/magento/framework/Code/Reader/ClassReader.php(34): ReflectionClass->__construct()
#1 /srv/caviar/caviar-deployment/vendor/magento/framework/ObjectManager/Definition/Runtime.php(54): Magento\Framework\Code\Reader\ClassReader->getConstructor()
#2 /srv/caviar/caviar-deployment/vendor/magento/framework/ObjectManager/Factory/Dynamic/Developer.php(48): Magento\Framework\ObjectManager\Definition\Runtime->getParameters()
#3 /srv/caviar/caviar-deployment/vendor/magento/framework/ObjectManager/ObjectManager.php(70): Magento\Framework\ObjectManager\Factory\Dynamic\Developer->create()
#4 /srv/caviar/caviar-deployment/vendor/magento/framework/ObjectManager/Factory/AbstractFactory.php(170): Magento\Framework\ObjectManager\ObjectManager->get()
#5 /srv/caviar/caviar-deployment/vendor/magento/framework/ObjectManager/Factory/AbstractFactory.php(276): Magento\Framework\ObjectManager\Factory\AbstractFactory->resolveArgument()
#6 /srv/caviar/caviar-deployment/vendor/magento/framework/ObjectManager/Factory/AbstractFactory.php(239): Magento\Framework\ObjectManager\Factory\AbstractFactory->getResolvedArgument()
#7 /srv/caviar/caviar-deployment/vendor/magento/framework/ObjectManager/Factory/Dynamic/Developer.php(34): Magento\Framework\ObjectManager\Factory\AbstractFactory->resolveArgumentsInRuntime()
#8 /srv/caviar/caviar-deployment/vendor/magento/framework/ObjectManager/Factory/Dynamic/Developer.php(59): Magento\Framework\ObjectManager\Factory\Dynamic\Developer->_resolveArguments()
#9 /srv/caviar/caviar-deployment/vendor/magento/framework/ObjectManager/ObjectManager.php(70): Magento\Framework\ObjectManager\Factory\Dynamic\Developer->create()
#10 /srv/caviar/caviar-deployment/vendor/magento/framework/ObjectManager/Factory/AbstractFactory.php(206): Magento\Framework\ObjectManager\ObjectManager->get()
#11 /srv/caviar/caviar-deployment/vendor/magento/framework/ObjectManager/Factory/AbstractFactory.php(182): Magento\Framework\ObjectManager\Factory\AbstractFactory->parseArray()
#12 /srv/caviar/caviar-deployment/vendor/magento/framework/ObjectManager/Factory/AbstractFactory.php(276): Magento\Framework\ObjectManager\Factory\AbstractFactory->resolveArgument()
#13 /srv/caviar/caviar-deployment/vendor/magento/framework/ObjectManager/Factory/AbstractFactory.php(239): Magento\Framework\ObjectManager\Factory\AbstractFactory->getResolvedArgument()
#14 /srv/caviar/caviar-deployment/vendor/magento/framework/ObjectManager/Factory/Dynamic/Developer.php(34): Magento\Framework\ObjectManager\Factory\AbstractFactory->resolveArgumentsInRuntime()
#15 /srv/caviar/caviar-deployment/vendor/magento/framework/ObjectManager/Factory/Dynamic/Developer.php(59): Magento\Framework\ObjectManager\Factory\Dynamic\Developer->_resolveArguments()
#16 /srv/caviar/caviar-deployment/vendor/magento/framework/ObjectManager/ObjectManager.php(70): Magento\Framework\ObjectManager\Factory\Dynamic\Developer->create()
#17 /srv/caviar/caviar-deployment/vendor/magento/framework/ObjectManager/Factory/AbstractFactory.php(170): Magento\Framework\ObjectManager\ObjectManager->get()
#18 /srv/caviar/caviar-deployment/vendor/magento/framework/ObjectManager/Factory/AbstractFactory.php(276): Magento\Framework\ObjectManager\Factory\AbstractFactory->resolveArgument()
#19 /srv/caviar/caviar-deployment/vendor/magento/framework/ObjectManager/Factory/AbstractFactory.php(239): Magento\Framework\ObjectManager\Factory\AbstractFactory->getResolvedArgument()
#20 /srv/caviar/caviar-deployment/vendor/magento/framework/ObjectManager/Factory/Dynamic/Developer.php(34): Magento\Framework\ObjectManager\Factory\AbstractFactory->resolveArgumentsInRuntime()
#21 /srv/caviar/caviar-deployment/vendor/magento/framework/ObjectManager/Factory/Dynamic/Developer.php(59): Magento\Framework\ObjectManager\Factory\Dynamic\Developer->_resolveArguments()
#22 /srv/caviar/caviar-deployment/vendor/magento/framework/ObjectManager/ObjectManager.php(70): Magento\Framework\ObjectManager\Factory\Dynamic\Developer->create()
#23 /srv/caviar/caviar-deployment/vendor/magento/framework/ObjectManager/Factory/AbstractFactory.php(170): Magento\Framework\ObjectManager\ObjectManager->get()
#24 /srv/caviar/caviar-deployment/vendor/magento/framework/ObjectManager/Factory/AbstractFactory.php(276): Magento\Framework\ObjectManager\Factory\AbstractFactory->resolveArgument()
#25 /srv/caviar/caviar-deployment/vendor/magento/framework/ObjectManager/Factory/AbstractFactory.php(239): Magento\Framework\ObjectManager\Factory\AbstractFactory->getResolvedArgument()
#26 /srv/caviar/caviar-deployment/vendor/magento/framework/ObjectManager/Factory/Dynamic/Developer.php(34): Magento\Framework\ObjectManager\Factory\AbstractFactory->resolveArgumentsInRuntime()
#27 /srv/caviar/caviar-deployment/vendor/magento/framework/ObjectManager/Factory/Dynamic/Developer.php(59): Magento\Framework\ObjectManager\Factory\Dynamic\Developer->_resolveArguments()
#28 /srv/caviar/caviar-deployment/vendor/magento/framework/ObjectManager/ObjectManager.php(70): Magento\Framework\ObjectManager\Factory\Dynamic\Developer->create()
#29 /srv/caviar/caviar-deployment/vendor/magento/framework/Interception/PluginList/PluginList.php(173): Magento\Framework\ObjectManager\ObjectManager->get()
#30 /srv/caviar/caviar-deployment/vendor/magento/framework/Interception/Interceptor.php(119): Magento\Framework\Interception\PluginList\PluginList->getPlugin()
#31 /srv/caviar/caviar-deployment/vendor/magento/framework/Interception/Interceptor.php(153): Magento\Framework\App\Http\Interceptor->Magento\Framework\Interception\{closure}()
#32 /srv/caviar/caviar-deployment/generated/code/Magento/Framework/App/Http/Interceptor.php(32): Magento\Framework\App\Http\Interceptor->___callPlugins()
#33 /srv/caviar/caviar-deployment/vendor/magento/framework/App/Bootstrap.php(270): Magento\Framework\App\Http\Interceptor->catchException()
#34 /srv/caviar/caviar-deployment/pub/index.php(30): Magento\Framework\App\Bootstrap->run()
#35 {main} {"exception":"[object] (ReflectionException(code: -1): Class \"Magento\\Framework\\App\\Config\\ConfigSourceAggregated\\Proxy\" does not exist at /srv/caviar/caviar-deployment/vendor/magento/framework/Code/Reader/ClassReader.php:34)"} []
[2025-10-10T13:55:21.287151+00:00] main.CRITICAL: ReflectionException: Class "Magento\Framework\App\Config\ConfigSourceAggregated\Proxy" does not exist in /srv/caviar/caviar-deployment/vendor/magento/framework/Code/Reader/ClassReader.php:34
Stack trace:
#0 /srv/caviar/caviar-deployment/vendor/magento/framework/Code/Reader/ClassReader.php(34): ReflectionClass->__construct()
#1 /srv/caviar/caviar-deployment/vendor/magento/framework/ObjectManager/Definition/Runtime.php(54): Magento\Framework\Code\Reader\ClassReader->getConstructor()
#2 /srv/caviar/caviar-deployment/vendor/magento/framework/ObjectManager/Factory/Dynamic/Developer.php(48): Magento\Framework\ObjectManager\Definition\Runtime->getParameters()
#3 /srv/caviar/caviar-deployment/vendor/magento/framework/ObjectManager/ObjectManager.php(70): Magento\Framework\ObjectManager\Factory\Dynamic\Developer->create()
#4 /srv/caviar/caviar-deployment/vendor/magento/framework/ObjectManager/Factory/AbstractFactory.php(170): Magento\Framework\ObjectManager\ObjectManager->get()
#5 /srv/caviar/caviar-deployment/vendor/magento/framework/ObjectManager/Factory/AbstractFactory.php(276): Magento\Framework\ObjectManager\Factory\AbstractFactory->resolveArgument()
#6 /srv/caviar/caviar-deployment/vendor/magento/framework/ObjectManager/Factory/AbstractFactory.php(239): Magento\Framework\ObjectManager\Factory\AbstractFactory->getResolvedArgument()
#7 /srv/caviar/caviar-deployment/vendor/magento/framework/ObjectManager/Factory/Dynamic/Developer.php(34): Magento\Framework\ObjectManager\Factory\AbstractFactory->resolveArgumentsInRuntime()
#8 /srv/caviar/caviar-deployment/vendor/magento/framework/ObjectManager/Factory/Dynamic/Developer.php(59): Magento\Framework\ObjectManager\Factory\Dynamic\Developer->_resolveArguments()
#9 /srv/caviar/caviar-deployment/vendor/magento/framework/ObjectManager/ObjectManager.php(70): Magento\Framework\ObjectManager\Factory\Dynamic\Developer->create()
#10 /srv/caviar/caviar-deployment/vendor/magento/framework/ObjectManager/Factory/AbstractFactory.php(206): Magento\Framework\ObjectManager\ObjectManager->get()
#11 /srv/caviar/caviar-deployment/vendor/magento/framework/ObjectManager/Factory/AbstractFactory.php(182): Magento\Framework\ObjectManager\Factory\AbstractFactory->parseArray()
#12 /srv/caviar/caviar-deployment/vendor/magento/framework/ObjectManager/Factory/AbstractFactory.php(276): Magento\Framework\ObjectManager\Factory\AbstractFactory->resolveArgument()
#13 /srv/caviar/caviar-deployment/vendor/magento/framework/ObjectManager/Factory/AbstractFactory.php(239): Magento\Framework\ObjectManager\Factory\AbstractFactory->getResolvedArgument()
#14 /srv/caviar/caviar-deployment/vendor/magento/framework/ObjectManager/Factory/Dynamic/Developer.php(34): Magento\Framework\ObjectManager\Factory\AbstractFactory->resolveArgumentsInRuntime()
#15 /srv/caviar/caviar-deployment/vendor/magento/framework/ObjectManager/Factory/Dynamic/Developer.php(59): Magento\Framework\ObjectManager\Factory\Dynamic\Developer->_resolveArguments()
#16 /srv/caviar/caviar-deployment/vendor/magento/framework/ObjectManager/ObjectManager.php(70): Magento\Framework\ObjectManager\Factory\Dynamic\Developer->create()
#17 /srv/caviar/caviar-deployment/vendor/magento/framework/ObjectManager/Factory/AbstractFactory.php(170): Magento\Framework\ObjectManager\ObjectManager->get()
#18 /srv/caviar/caviar-deployment/vendor/magento/framework/ObjectManager/Factory/AbstractFactory.php(276): Magento\Framework\ObjectManager\Factory\AbstractFactory->resolveArgument()
#19 /srv/caviar/caviar-deployment/vendor/magento/framework/ObjectManager/Factory/AbstractFactory.php(239): Magento\Framework\ObjectManager\Factory\AbstractFactory->getResolvedArgument()
#20 /srv/caviar/caviar-deployment/vendor/magento/framework/ObjectManager/Factory/Dynamic/Developer.php(34): Magento\Framework\ObjectManager\Factory\AbstractFactory->resolveArgumentsInRuntime()
#21 /srv/caviar/caviar-deployment/vendor/magento/framework/ObjectManager/Factory/Dynamic/Developer.php(59): Magento\Framework\ObjectManager\Factory\Dynamic\Developer->_resolveArguments()
#22 /srv/caviar/caviar-deployment/vendor/magento/framework/ObjectManager/ObjectManager.php(70): Magento\Framework\ObjectManager\Factory\Dynamic\Developer->create()
#23 /srv/caviar/caviar-deployment/vendor/magento/framework/ObjectManager/Factory/AbstractFactory.php(170): Magento\Framework\ObjectManager\ObjectManager->get()
#24 /srv/caviar/caviar-deployment/vendor/magento/framework/ObjectManager/Factory/AbstractFactory.php(276): Magento\Framework\ObjectManager\Factory\AbstractFactory->resolveArgument()
#25 /srv/caviar/caviar-deployment/vendor/magento/framework/ObjectManager/Factory/AbstractFactory.php(239): Magento\Framework\ObjectManager\Factory\AbstractFactory->getResolvedArgument()
#26 /srv/caviar/caviar-deployment/vendor/magento/framework/ObjectManager/Factory/Dynamic/Developer.php(34): Magento\Framework\ObjectManager\Factory\AbstractFactory->resolveArgumentsInRuntime()
#27 /srv/caviar/caviar-deployment/vendor/magento/framework/ObjectManager/Factory/Dynamic/Developer.php(59): Magento\Framework\ObjectManager\Factory\Dynamic\Developer->_resolveArguments()
#28 /srv/caviar/caviar-deployment/vendor/magento/framework/ObjectManager/ObjectManager.php(70): Magento\Framework\ObjectManager\Factory\Dynamic\Developer->create()
#29 /srv/caviar/caviar-deployment/vendor/magento/framework/Interception/PluginList/PluginList.php(173): Magento\Framework\ObjectManager\ObjectManager->get()
#30 /srv/caviar/caviar-deployment/vendor/magento/framework/Interception/Interceptor.php(119): Magento\Framework\Interception\PluginList\PluginList->getPlugin()
#31 /srv/caviar/caviar-deployment/vendor/magento/framework/Interception/Interceptor.php(153): Magento\Framework\App\Http\Interceptor->Magento\Framework\Interception\{closure}()
#32 /srv/caviar/caviar-deployment/generated/code/Magento/Framework/App/Http/Interceptor.php(32): Magento\Framework\App\Http\Interceptor->___callPlugins()
#33 /srv/caviar/caviar-deployment/vendor/magento/framework/App/Bootstrap.php(270): Magento\Framework\App\Http\Interceptor->catchException()
#34 /srv/caviar/caviar-deployment/pub/index.php(30): Magento\Framework\App\Bootstrap->run()
#35 {main} {"exception":"[object] (ReflectionException(code: -1): Class \"Magento\\Framework\\App\\Config\\ConfigSourceAggregated\\Proxy\" does not exist at /srv/caviar/caviar-deployment/vendor/magento/framework/Code/Reader/ClassReader.php:34)"} []
[2025-10-10T13:55:21.440035+00:00] main.CRITICAL: ReflectionException: Class "Magento\Framework\App\Config\ConfigSourceAggregated\Proxy" does not exist in /srv/caviar/caviar-deployment/vendor/magento/framework/Code/Reader/ClassReader.php:34
Stack trace:
#0 /srv/caviar/caviar-deployment/vendor/magento/framework/Code/Reader/ClassReader.php(34): ReflectionClass->__construct()
#1 /srv/caviar/caviar-deployment/vendor/magento/framework/ObjectManager/Definition/Runtime.php(54): Magento\Framework\Code\Reader\ClassReader->getConstructor()
#2 /srv/caviar/caviar-deployment/vendor/magento/framework/ObjectManager/Factory/Dynamic/Developer.php(48): Magento\Framework\ObjectManager\Definition\Runtime->getParameters()
#3 /srv/caviar/caviar-deployment/vendor/magento/framework/ObjectManager/ObjectManager.php(70): Magento\Framework\ObjectManager\Factory\Dynamic\Developer->create()
#4 /srv/caviar/caviar-deployment/vendor/magento/framework/ObjectManager/Factory/AbstractFactory.php(170): Magento\Framework\ObjectManager\ObjectManager->get()
#5 /srv/caviar/caviar-deployment/vendor/magento/framework/ObjectManager/Factory/AbstractFactory.php(276): Magento\Framework\ObjectManager\Factory\AbstractFactory->resolveArgument()
#6 /srv/caviar/caviar-deployment/vendor/magento/framework/ObjectManager/Factory/AbstractFactory.php(239): Magento\Framework\ObjectManager\Factory\AbstractFactory->getResolvedArgument()
#7 /srv/caviar/caviar-deployment/vendor/magento/framework/ObjectManager/Factory/Dynamic/Developer.php(34): Magento\Framework\ObjectManager\Factory\AbstractFactory->resolveArgumentsInRuntime()
#8 /srv/caviar/caviar-deployment/vendor/magento/framework/ObjectManager/Factory/Dynamic/Developer.php(59): Magento\Framework\ObjectManager\Factory\Dynamic\Developer->_resolveArguments()
#9 /srv/caviar/caviar-deployment/vendor/magento/framework/ObjectManager/ObjectManager.php(70): Magento\Framework\ObjectManager\Factory\Dynamic\Developer->create()
#10 /srv/caviar/caviar-deployment/vendor/magento/framework/ObjectManager/Factory/AbstractFactory.php(206): Magento\Framework\ObjectManager\ObjectManager->get()
#11 /srv/caviar/caviar-deployment/vendor/magento/framework/ObjectManager/Factory/AbstractFactory.php(182): Magento\Framework\ObjectManager\Factory\AbstractFactory->parseArray()
#12 /srv/caviar/caviar-deployment/vendor/magento/framework/ObjectManager/Factory/AbstractFactory.php(276): Magento\Framework\ObjectManager\Factory\AbstractFactory->resolveArgument()
#13 /srv/caviar/caviar-deployment/vendor/magento/framework/ObjectManager/Factory/AbstractFactory.php(239): Magento\Framework\ObjectManager\Factory\AbstractFactory->getResolvedArgument()
#14 /srv/caviar/caviar-deployment/vendor/magento/framework/ObjectManager/Factory/Dynamic/Developer.php(34): Magento\Framework\ObjectManager\Factory\AbstractFactory->resolveArgumentsInRuntime()
#15 /srv/caviar/caviar-deployment/vendor/magento/framework/ObjectManager/Factory/Dynamic/Developer.php(59): Magento\Framework\ObjectManager\Factory\Dynamic\Developer->_resolveArguments()
#16 /srv/caviar/caviar-deployment/vendor/magento/framework/ObjectManager/ObjectManager.php(70): Magento\Framework\ObjectManager\Factory\Dynamic\Developer->create()
#17 /srv/caviar/caviar-deployment/vendor/magento/framework/ObjectManager/Factory/AbstractFactory.php(170): Magento\Framework\ObjectManager\ObjectManager->get()
#18 /srv/caviar/caviar-deployment/vendor/magento/framework/ObjectManager/Factory/AbstractFactory.php(276): Magento\Framework\ObjectManager\Factory\AbstractFactory->resolveArgument()
#19 /srv/caviar/caviar-deployment/vendor/magento/framework/ObjectManager/Factory/AbstractFactory.php(239): Magento\Framework\ObjectManager\Factory\AbstractFactory->getResolvedArgument()
#20 /srv/caviar/caviar-deployment/vendor/magento/framework/ObjectManager/Factory/Dynamic/Developer.php(34): Magento\Framework\ObjectManager\Factory\AbstractFactory->resolveArgumentsInRuntime()
#21 /srv/caviar/caviar-deployment/vendor/magento/framework/ObjectManager/Factory/Dynamic/Developer.php(59): Magento\Framework\ObjectManager\Factory\Dynamic\Developer->_resolveArguments()
#22 /srv/caviar/caviar-deployment/vendor/magento/framework/ObjectManager/ObjectManager.php(70): Magento\Framework\ObjectManager\Factory\Dynamic\Developer->create()
#23 /srv/caviar/caviar-deployment/vendor/magento/framework/ObjectManager/Factory/AbstractFactory.php(170): Magento\Framework\ObjectManager\ObjectManager->get()
#24 /srv/caviar/caviar-deployment/vendor/magento/framework/ObjectManager/Factory/AbstractFactory.php(276): Magento\Framework\ObjectManager\Factory\AbstractFactory->resolveArgument()
#25 /srv/caviar/caviar-deployment/vendor/magento/framework/ObjectManager/Factory/AbstractFactory.php(239): Magento\Framework\ObjectManager\Factory\AbstractFactory->getResolvedArgument()
#26 /srv/caviar/caviar-deployment/vendor/magento/framework/ObjectManager/Factory/Dynamic/Developer.php(34): Magento\Framework\ObjectManager\Factory\AbstractFactory->resolveArgumentsInRuntime()
#27 /srv/caviar/caviar-deployment/vendor/magento/framework/ObjectManager/Factory/Dynamic/Developer.php(59): Magento\Framework\ObjectManager\Factory\Dynamic\Developer->_resolveArguments()
#28 /srv/caviar/caviar-deployment/vendor/magento/framework/ObjectManager/ObjectManager.php(70): Magento\Framework\ObjectManager\Factory\Dynamic\Developer->create()
#29 /srv/caviar/caviar-deployment/vendor/magento/framework/Interception/PluginList/PluginList.php(173): Magento\Framework\ObjectManager\ObjectManager->get()
#30 /srv/caviar/caviar-deployment/vendor/magento/framework/Interception/Interceptor.php(119): Magento\Framework\Interception\PluginList\PluginList->getPlugin()
#31 /srv/caviar/caviar-deployment/vendor/magento/framework/Interception/Interceptor.php(153): Magento\Framework\App\Http\Interceptor->Magento\Framework\Interception\{closure}()
#32 /srv/caviar/caviar-deployment/generated/code/Magento/Framework/App/Http/Interceptor.php(32): Magento\Framework\App\Http\Interceptor->___callPlugins()
#33 /srv/caviar/caviar-deployment/vendor/magento/framework/App/Bootstrap.php(270): Magento\Framework\App\Http\Interceptor->catchException()
#34 /srv/caviar/caviar-deployment/pub/index.php(30): Magento\Framework\App\Bootstrap->run()
#35 {main} {"exception":"[object] (ReflectionException(code: -1): Class \"Magento\\Framework\\App\\Config\\ConfigSourceAggregated\\Proxy\" does not exist at /srv/caviar/caviar-deployment/vendor/magento/framework/Code/Reader/ClassReader.php:34)"} []
[2025-10-10T13:55:21.879475+00:00] main.CRITICAL: ReflectionException: Class "Magento\PageCache\Model\Config\Interceptor" does not exist in /srv/caviar/caviar-deployment/vendor/magento/framework/Code/Reader/ClassReader.php:34
Stack trace:
#0 /srv/caviar/caviar-deployment/vendor/magento/framework/Code/Reader/ClassReader.php(34): ReflectionClass->__construct()
#1 /srv/caviar/caviar-deployment/vendor/magento/framework/ObjectManager/Definition/Runtime.php(54): Magento\Framework\Code\Reader\ClassReader->getConstructor()
#2 /srv/caviar/caviar-deployment/vendor/magento/framework/ObjectManager/Factory/Dynamic/Developer.php(48): Magento\Framework\ObjectManager\Definition\Runtime->getParameters()
#3 /srv/caviar/caviar-deployment/vendor/magento/framework/ObjectManager/ObjectManager.php(70): Magento\Framework\ObjectManager\Factory\Dynamic\Developer->create()
#4 /srv/caviar/caviar-deployment/vendor/magento/framework/ObjectManager/Factory/AbstractFactory.php(170): Magento\Framework\ObjectManager\ObjectManager->get()
#5 /srv/caviar/caviar-deployment/vendor/magento/framework/ObjectManager/Factory/AbstractFactory.php(276): Magento\Framework\ObjectManager\Factory\AbstractFactory->resolveArgument()
#6 /srv/caviar/caviar-deployment/vendor/magento/framework/ObjectManager/Factory/AbstractFactory.php(239): Magento\Framework\ObjectManager\Factory\AbstractFactory->getResolvedArgument()
#7 /srv/caviar/caviar-deployment/vendor/magento/framework/ObjectManager/Factory/Dynamic/Developer.php(34): Magento\Framework\ObjectManager\Factory\AbstractFactory->resolveArgumentsInRuntime()
#8 /srv/caviar/caviar-deployment/vendor/magento/framework/ObjectManager/Factory/Dynamic/Developer.php(59): Magento\Framework\ObjectManager\Factory\Dynamic\Developer->_resolveArguments()
#9 /srv/caviar/caviar-deployment/vendor/magento/framework/ObjectManager/ObjectManager.php(70): Magento\Framework\ObjectManager\Factory\Dynamic\Developer->create()
#10 /srv/caviar/caviar-deployment/vendor/magento/framework/Interception/PluginList/PluginList.php(173): Magento\Framework\ObjectManager\ObjectManager->get()
#11 /srv/caviar/caviar-deployment/vendor/magento/framework/Interception/Interceptor.php(133): Magento\Framework\Interception\PluginList\PluginList->getPlugin()
#12 /srv/caviar/caviar-deployment/vendor/magento/framework/Interception/Interceptor.php(153): Magento\Framework\App\FrontController\Interceptor->Magento\Framework\Interception\{closure}()
#13 /srv/caviar/caviar-deployment/generated/code/Magento/Framework/App/FrontController/Interceptor.php(23): Magento\Framework\App\FrontController\Interceptor->___callPlugins()
#14 /srv/caviar/caviar-deployment/vendor/magento/framework/App/Http.php(116): Magento\Framework\App\FrontController\Interceptor->dispatch()
#15 /srv/caviar/caviar-deployment/generated/code/Magento/Framework/App/Http/Interceptor.php(23): Magento\Framework\App\Http->launch()
#16 /srv/caviar/caviar-deployment/vendor/magento/framework/App/Bootstrap.php(264): Magento\Framework\App\Http\Interceptor->launch()
#17 /srv/caviar/caviar-deployment/pub/index.php(30): Magento\Framework\App\Bootstrap->run()
#18 {main} {"report_id":"10fab35a0589c8d08c5529a44f2cfc2c47aec0710af7321a74663ba1b368b7e4","exception":"[object] (ReflectionException(code: -1): Class \"Magento\\PageCache\\Model\\Config\\Interceptor\" does not exist at /srv/caviar/caviar-deployment/vendor/magento/framework/Code/Reader/ClassReader.php:34)"} []
[2025-10-10T13:55:22.922172+00:00] main.CRITICAL: ReflectionException: Class "Magento\PageCache\Model\Config\Interceptor" does not exist in /srv/caviar/caviar-deployment/vendor/magento/framework/Code/Reader/ClassReader.php:34
Stack trace:
#0 /srv/caviar/caviar-deployment/vendor/magento/framework/Code/Reader/ClassReader.php(34): ReflectionClass->__construct()
#1 /srv/caviar/caviar-deployment/vendor/magento/framework/ObjectManager/Definition/Runtime.php(54): Magento\Framework\Code\Reader\ClassReader->getConstructor()
#2 /srv/caviar/caviar-deployment/vendor/magento/framework/ObjectManager/Factory/Dynamic/Developer.php(48): Magento\Framework\ObjectManager\Definition\Runtime->getParameters()
#3 /srv/caviar/caviar-deployment/vendor/magento/framework/ObjectManager/ObjectManager.php(70): Magento\Framework\ObjectManager\Factory\Dynamic\Developer->create()
#4 /srv/caviar/caviar-deployment/vendor/magento/framework/ObjectManager/Factory/AbstractFactory.php(170): Magento\Framework\ObjectManager\ObjectManager->get()
#5 /srv/caviar/caviar-deployment/vendor/magento/framework/ObjectManager/Factory/AbstractFactory.php(276): Magento\Framework\ObjectManager\Factory\AbstractFactory->resolveArgument()
#6 /srv/caviar/caviar-deployment/vendor/magento/framework/ObjectManager/Factory/AbstractFactory.php(239): Magento\Framework\ObjectManager\Factory\AbstractFactory->getResolvedArgument()
#7 /srv/caviar/caviar-deployment/vendor/magento/framework/ObjectManager/Factory/Dynamic/Developer.php(34): Magento\Framework\ObjectManager\Factory\AbstractFactory->resolveArgumentsInRuntime()
#8 /srv/caviar/caviar-deployment/vendor/magento/framework/ObjectManager/Factory/Dynamic/Developer.php(59): Magento\Framework\ObjectManager\Factory\Dynamic\Developer->_resolveArguments()
#9 /srv/caviar/caviar-deployment/vendor/magento/framework/ObjectManager/ObjectManager.php(70): Magento\Framework\ObjectManager\Factory\Dynamic\Developer->create()
#10 /srv/caviar/caviar-deployment/vendor/magento/framework/Interception/PluginList/PluginList.php(173): Magento\Framework\ObjectManager\ObjectManager->get()
#11 /srv/caviar/caviar-deployment/vendor/magento/framework/Interception/Interceptor.php(133): Magento\Framework\Interception\PluginList\PluginList->getPlugin()
#12 /srv/caviar/caviar-deployment/vendor/magento/framework/Interception/Interceptor.php(153): Magento\Framework\App\FrontController\Interceptor->Magento\Framework\Interception\{closure}()
#13 /srv/caviar/caviar-deployment/generated/code/Magento/Framework/App/FrontController/Interceptor.php(23): Magento\Framework\App\FrontController\Interceptor->___callPlugins()
#14 /srv/caviar/caviar-deployment/vendor/magento/framework/App/Http.php(116): Magento\Framework\App\FrontController\Interceptor->dispatch()
#15 /srv/caviar/caviar-deployment/generated/code/Magento/Framework/App/Http/Interceptor.php(23): Magento\Framework\App\Http->launch()
#16 /srv/caviar/caviar-deployment/vendor/magento/framework/App/Bootstrap.php(264): Magento\Framework\App\Http\Interceptor->launch()
#17 /srv/caviar/caviar-deployment/pub/index.php(30): Magento\Framework\App\Bootstrap->run()
#18 {main} {"report_id":"f8e7c345f3739d150c71cd7d8385400467f66307d6bc1f0153adcf45911fce97","exception":"[object] (ReflectionException(code: -1): Class \"Magento\\PageCache\\Model\\Config\\Interceptor\" does not exist at /srv/caviar/caviar-deployment/vendor/magento/framework/Code/Reader/ClassReader.php:34)"} []
[2025-10-10T13:55:24.635959+00:00] main.CRITICAL: ReflectionException: Class "Magento\Backend\Model\Auth\Interceptor" does not exist in /srv/caviar/caviar-deployment/vendor/magento/framework/Code/Reader/ClassReader.php:34
Stack trace:
#0 /srv/caviar/caviar-deployment/vendor/magento/framework/Code/Reader/ClassReader.php(34): ReflectionClass->__construct()
#1 /srv/caviar/caviar-deployment/vendor/magento/framework/ObjectManager/Definition/Runtime.php(54): Magento\Framework\Code\Reader\ClassReader->getConstructor()
#2 /srv/caviar/caviar-deployment/vendor/magento/framework/ObjectManager/Factory/Dynamic/Developer.php(48): Magento\Framework\ObjectManager\Definition\Runtime->getParameters()
#3 /srv/caviar/caviar-deployment/vendor/magento/framework/ObjectManager/ObjectManager.php(70): Magento\Framework\ObjectManager\Factory\Dynamic\Developer->create()
#4 /srv/caviar/caviar-deployment/vendor/magento/framework/ObjectManager/Factory/AbstractFactory.php(170): Magento\Framework\ObjectManager\ObjectManager->get()
#5 /srv/caviar/caviar-deployment/vendor/magento/framework/ObjectManager/Factory/AbstractFactory.php(276): Magento\Framework\ObjectManager\Factory\AbstractFactory->resolveArgument()
#6 /srv/caviar/caviar-deployment/vendor/magento/framework/ObjectManager/Factory/AbstractFactory.php(239): Magento\Framework\ObjectManager\Factory\AbstractFactory->getResolvedArgument()
#7 /srv/caviar/caviar-deployment/vendor/magento/framework/ObjectManager/Factory/Dynamic/Developer.php(34): Magento\Framework\ObjectManager\Factory\AbstractFactory->resolveArgumentsInRuntime()
#8 /srv/caviar/caviar-deployment/vendor/magento/framework/ObjectManager/Factory/Dynamic/Developer.php(59): Magento\Framework\ObjectManager\Factory\Dynamic\Developer->_resolveArguments()
#9 /srv/caviar/caviar-deployment/vendor/magento/framework/ObjectManager/ObjectManager.php(70): Magento\Framework\ObjectManager\Factory\Dynamic\Developer->create()
#10 /srv/caviar/caviar-deployment/vendor/magento/framework/ObjectManager/Factory/AbstractFactory.php(206): Magento\Framework\ObjectManager\ObjectManager->get()
#11 /srv/caviar/caviar-deployment/vendor/magento/framework/ObjectManager/Factory/AbstractFactory.php(182): Magento\Framework\ObjectManager\Factory\AbstractFactory->parseArray()
#12 /srv/caviar/caviar-deployment/vendor/magento/framework/ObjectManager/Factory/AbstractFactory.php(276): Magento\Framework\ObjectManager\Factory\AbstractFactory->resolveArgument()
#13 /srv/caviar/caviar-deployment/vendor/magento/framework/ObjectManager/Factory/AbstractFactory.php(239): Magento\Framework\ObjectManager\Factory\AbstractFactory->getResolvedArgument()
#14 /srv/caviar/caviar-deployment/vendor/magento/framework/ObjectManager/Factory/Dynamic/Developer.php(34): Magento\Framework\ObjectManager\Factory\AbstractFactory->resolveArgumentsInRuntime()
#15 /srv/caviar/caviar-deployment/vendor/magento/framework/ObjectManager/Factory/Dynamic/Developer.php(59): Magento\Framework\ObjectManager\Factory\Dynamic\Developer->_resolveArguments()
#16 /srv/caviar/caviar-deployment/vendor/magento/framework/ObjectManager/ObjectManager.php(70): Magento\Framework\ObjectManager\Factory\Dynamic\Developer->create()
#17 /srv/caviar/caviar-deployment/vendor/magento/framework/App/FrontController.php(109): Magento\Framework\ObjectManager\ObjectManager->get()
#18 /srv/caviar/caviar-deployment/generated/code/Magento/Framework/App/FrontController/Interceptor.php(14): Magento\Framework\App\FrontController->__construct()
#19 /srv/caviar/caviar-deployment/vendor/magento/framework/ObjectManager/Factory/AbstractFactory.php(121): Magento\Framework\App\FrontController\Interceptor->__construct()
#20 /srv/caviar/caviar-deployment/vendor/magento/framework/ObjectManager/Factory/Dynamic/Developer.php(66): Magento\Framework\ObjectManager\Factory\AbstractFactory->createObject()
#21 /srv/caviar/caviar-deployment/vendor/magento/framework/ObjectManager/ObjectManager.php(70): Magento\Framework\ObjectManager\Factory\Dynamic\Developer->create()
#22 /srv/caviar/caviar-deployment/vendor/magento/framework/App/Http.php(115): Magento\Framework\ObjectManager\ObjectManager->get()
#23 /srv/caviar/caviar-deployment/generated/code/Magento/Framework/App/Http/Interceptor.php(23): Magento\Framework\App\Http->launch()
#24 /srv/caviar/caviar-deployment/vendor/magento/framework/App/Bootstrap.php(264): Magento\Framework\App\Http\Interceptor->launch()
#25 /srv/caviar/caviar-deployment/pub/index.php(30): Magento\Framework\App\Bootstrap->run()
#26 {main} {"report_id":"ebc6e97b65098e48b01150d6e8b7c8c43fdc1cd1f3745ba59f98f047c835c444","exception":"[object] (ReflectionException(code: -1): Class \"Magento\\Backend\\Model\\Auth\\Interceptor\" does not exist at /srv/caviar/caviar-deployment/vendor/magento/framework/Code/Reader/ClassReader.php:34)"} []
[2025-10-10T13:55:34.630644+00:00] main.CRITICAL: ReflectionException: Class "Magento\Backend\Model\Auth\Interceptor" does not exist in /srv/caviar/caviar-deployment/vendor/magento/framework/Code/Reader/ClassReader.php:34
Stack trace:
#0 /srv/caviar/caviar-deployment/vendor/magento/framework/Code/Reader/ClassReader.php(34): ReflectionClass->__construct()
#1 /srv/caviar/caviar-deployment/vendor/magento/framework/ObjectManager/Definition/Runtime.php(54): Magento\Framework\Code\Reader\ClassReader->getConstructor()
#2 /srv/caviar/caviar-deployment/vendor/magento/framework/ObjectManager/Factory/Dynamic/Developer.php(48): Magento\Framework\ObjectManager\Definition\Runtime->getParameters()
#3 /srv/caviar/caviar-deployment/vendor/magento/framework/ObjectManager/ObjectManager.php(70): Magento\Framework\ObjectManager\Factory\Dynamic\Developer->create()
#4 /srv/caviar/caviar-deployment/vendor/magento/framework/ObjectManager/Factory/AbstractFactory.php(170): Magento\Framework\ObjectManager\ObjectManager->get()
#5 /srv/caviar/caviar-deployment/vendor/magento/framework/ObjectManager/Factory/AbstractFactory.php(276): Magento\Framework\ObjectManager\Factory\AbstractFactory->resolveArgument()
#6 /srv/caviar/caviar-deployment/vendor/magento/framework/ObjectManager/Factory/AbstractFactory.php(239): Magento\Framework\ObjectManager\Factory\AbstractFactory->getResolvedArgument()
#7 /srv/caviar/caviar-deployment/vendor/magento/framework/ObjectManager/Factory/Dynamic/Developer.php(34): Magento\Framework\ObjectManager\Factory\AbstractFactory->resolveArgumentsInRuntime()
#8 /srv/caviar/caviar-deployment/vendor/magento/framework/ObjectManager/Factory/Dynamic/Developer.php(59): Magento\Framework\ObjectManager\Factory\Dynamic\Developer->_resolveArguments()
#9 /srv/caviar/caviar-deployment/vendor/magento/framework/ObjectManager/ObjectManager.php(70): Magento\Framework\ObjectManager\Factory\Dynamic\Developer->create()
#10 /srv/caviar/caviar-deployment/vendor/magento/framework/ObjectManager/Factory/AbstractFactory.php(206): Magento\Framework\ObjectManager\ObjectManager->get()
#11 /srv/caviar/caviar-deployment/vendor/magento/framework/ObjectManager/Factory/AbstractFactory.php(182): Magento\Framework\ObjectManager\Factory\AbstractFactory->parseArray()
#12 /srv/caviar/caviar-deployment/vendor/magento/framework/ObjectManager/Factory/AbstractFactory.php(276): Magento\Framework\ObjectManager\Factory\AbstractFactory->resolveArgument()
#13 /srv/caviar/caviar-deployment/vendor/magento/framework/ObjectManager/Factory/AbstractFactory.php(239): Magento\Framework\ObjectManager\Factory\AbstractFactory->getResolvedArgument()
#14 /srv/caviar/caviar-deployment/vendor/magento/framework/ObjectManager/Factory/Dynamic/Developer.php(34): Magento\Framework\ObjectManager\Factory\AbstractFactory->resolveArgumentsInRuntime()
#15 /srv/caviar/caviar-deployment/vendor/magento/framework/ObjectManager/Factory/Dynamic/Developer.php(59): Magento\Framework\ObjectManager\Factory\Dynamic\Developer->_resolveArguments()
#16 /srv/caviar/caviar-deployment/vendor/magento/framework/ObjectManager/ObjectManager.php(70): Magento\Framework\ObjectManager\Factory\Dynamic\Developer->create()
#17 /srv/caviar/caviar-deployment/vendor/magento/framework/App/FrontController.php(109): Magento\Framework\ObjectManager\ObjectManager->get()
#18 /srv/caviar/caviar-deployment/generated/code/Magento/Framework/App/FrontController/Interceptor.php(14): Magento\Framework\App\FrontController->__construct()
#19 /srv/caviar/caviar-deployment/vendor/magento/framework/ObjectManager/Factory/AbstractFactory.php(121): Magento\Framework\App\FrontController\Interceptor->__construct()
#20 /srv/caviar/caviar-deployment/vendor/magento/framework/ObjectManager/Factory/Dynamic/Developer.php(66): Magento\Framework\ObjectManager\Factory\AbstractFactory->createObject()
#21 /srv/caviar/caviar-deployment/vendor/magento/framework/ObjectManager/ObjectManager.php(70): Magento\Framework\ObjectManager\Factory\Dynamic\Developer->create()
#22 /srv/caviar/caviar-deployment/vendor/magento/framework/App/Http.php(115): Magento\Framework\ObjectManager\ObjectManager->get()
#23 /srv/caviar/caviar-deployment/generated/code/Magento/Framework/App/Http/Interceptor.php(23): Magento\Framework\App\Http->launch()
#24 /srv/caviar/caviar-deployment/vendor/magento/framework/App/Bootstrap.php(264): Magento\Framework\App\Http\Interceptor->launch()
#25 /srv/caviar/caviar-deployment/pub/index.php(30): Magento\Framework\App\Bootstrap->run()
#26 {main} {"report_id":"ebc6e97b65098e48b01150d6e8b7c8c43fdc1cd1f3745ba59f98f047c835c444","exception":"[object] (ReflectionException(code: -1): Class \"Magento\\Backend\\Model\\Auth\\Interceptor\" does not exist at /srv/caviar/caviar-deployment/vendor/magento/framework/Code/Reader/ClassReader.php:34)"} []
[2025-10-10T13:55:36.915631+00:00] main.CRITICAL: ReflectionException: Class "Magento\PageCache\Model\Config\Interceptor" does not exist in /srv/caviar/caviar-deployment/vendor/magento/framework/Code/Reader/ClassReader.php:34
Stack trace:
#0 /srv/caviar/caviar-deployment/vendor/magento/framework/Code/Reader/ClassReader.php(34): ReflectionClass->__construct()
#1 /srv/caviar/caviar-deployment/vendor/magento/framework/ObjectManager/Definition/Runtime.php(54): Magento\Framework\Code\Reader\ClassReader->getConstructor()
#2 /srv/caviar/caviar-deployment/vendor/magento/framework/ObjectManager/Factory/Dynamic/Developer.php(48): Magento\Framework\ObjectManager\Definition\Runtime->getParameters()
#3 /srv/caviar/caviar-deployment/vendor/magento/framework/ObjectManager/ObjectManager.php(70): Magento\Framework\ObjectManager\Factory\Dynamic\Developer->create()
#4 /srv/caviar/caviar-deployment/vendor/magento/framework/ObjectManager/Factory/AbstractFactory.php(170): Magento\Framework\ObjectManager\ObjectManager->get()
#5 /srv/caviar/caviar-deployment/vendor/magento/framework/ObjectManager/Factory/AbstractFactory.php(276): Magento\Framework\ObjectManager\Factory\AbstractFactory->resolveArgument()
#6 /srv/caviar/caviar-deployment/vendor/magento/framework/ObjectManager/Factory/AbstractFactory.php(239): Magento\Framework\ObjectManager\Factory\AbstractFactory->getResolvedArgument()
#7 /srv/caviar/caviar-deployment/vendor/magento/framework/ObjectManager/Factory/Dynamic/Developer.php(34): Magento\Framework\ObjectManager\Factory\AbstractFactory->resolveArgumentsInRuntime()
#8 /srv/caviar/caviar-deployment/vendor/magento/framework/ObjectManager/Factory/Dynamic/Developer.php(59): Magento\Framework\ObjectManager\Factory\Dynamic\Developer->_resolveArguments()
#9 /srv/caviar/caviar-deployment/vendor/magento/framework/ObjectManager/ObjectManager.php(70): Magento\Framework\ObjectManager\Factory\Dynamic\Developer->create()
#10 /srv/caviar/caviar-deployment/vendor/magento/framework/Interception/PluginList/PluginList.php(173): Magento\Framework\ObjectManager\ObjectManager->get()
#11 /srv/caviar/caviar-deployment/vendor/magento/framework/Interception/Interceptor.php(133): Magento\Framework\Interception\PluginList\PluginList->getPlugin()
#12 /srv/caviar/caviar-deployment/vendor/magento/framework/Interception/Interceptor.php(153): Magento\Framework\App\FrontController\Interceptor->Magento\Framework\Interception\{closure}()
#13 /srv/caviar/caviar-deployment/generated/code/Magento/Framework/App/FrontController/Interceptor.php(23): Magento\Framework\App\FrontController\Interceptor->___callPlugins()
#14 /srv/caviar/caviar-deployment/vendor/magento/framework/App/Http.php(116): Magento\Framework\App\FrontController\Interceptor->dispatch()
#15 /srv/caviar/caviar-deployment/generated/code/Magento/Framework/App/Http/Interceptor.php(23): Magento\Framework\App\Http->launch()
#16 /srv/caviar/caviar-deployment/vendor/magento/framework/App/Bootstrap.php(264): Magento\Framework\App\Http\Interceptor->launch()
#17 /srv/caviar/caviar-deployment/pub/index.php(30): Magento\Framework\App\Bootstrap->run()
#18 {main} {"report_id":"d4a294dfb6c7186d4a20c6cfbcb9890a4b1ddf8a74ba401ddecfe97dbd415bad","exception":"[object] (ReflectionException(code: -1): Class \"Magento\\PageCache\\Model\\Config\\Interceptor\" does not exist at /srv/caviar/caviar-deployment/vendor/magento/framework/Code/Reader/ClassReader.php:34)"} []
[2025-10-10T13:55:37.057366+00:00] main.CRITICAL: ReflectionException: Class "Magento\PageCache\Model\Config\Interceptor" does not exist in /srv/caviar/caviar-deployment/vendor/magento/framework/Code/Reader/ClassReader.php:34
Stack trace:
#0 /srv/caviar/caviar-deployment/vendor/magento/framework/Code/Reader/ClassReader.php(34): ReflectionClass->__construct()
#1 /srv/caviar/caviar-deployment/vendor/magento/framework/ObjectManager/Definition/Runtime.php(54): Magento\Framework\Code\Reader\ClassReader->getConstructor()
#2 /srv/caviar/caviar-deployment/vendor/magento/framework/ObjectManager/Factory/Dynamic/Developer.php(48): Magento\Framework\ObjectManager\Definition\Runtime->getParameters()
#3 /srv/caviar/caviar-deployment/vendor/magento/framework/ObjectManager/ObjectManager.php(70): Magento\Framework\ObjectManager\Factory\Dynamic\Developer->create()
#4 /srv/caviar/caviar-deployment/vendor/magento/framework/ObjectManager/Factory/AbstractFactory.php(170): Magento\Framework\ObjectManager\ObjectManager->get()
#5 /srv/caviar/caviar-deployment/vendor/magento/framework/ObjectManager/Factory/AbstractFactory.php(276): Magento\Framework\ObjectManager\Factory\AbstractFactory->resolveArgument()
#6 /srv/caviar/caviar-deployment/vendor/magento/framework/ObjectManager/Factory/AbstractFactory.php(239): Magento\Framework\ObjectManager\Factory\AbstractFactory->getResolvedArgument()
#7 /srv/caviar/caviar-deployment/vendor/magento/framework/ObjectManager/Factory/Dynamic/Developer.php(34): Magento\Framework\ObjectManager\Factory\AbstractFactory->resolveArgumentsInRuntime()
#8 /srv/caviar/caviar-deployment/vendor/magento/framework/ObjectManager/Factory/Dynamic/Developer.php(59): Magento\Framework\ObjectManager\Factory\Dynamic\Developer->_resolveArguments()
#9 /srv/caviar/caviar-deployment/vendor/magento/framework/ObjectManager/ObjectManager.php(70): Magento\Framework\ObjectManager\Factory\Dynamic\Developer->create()
#10 /srv/caviar/caviar-deployment/vendor/magento/framework/Interception/PluginList/PluginList.php(173): Magento\Framework\ObjectManager\ObjectManager->get()
#11 /srv/caviar/caviar-deployment/vendor/magento/framework/Interception/Interceptor.php(133): Magento\Framework\Interception\PluginList\PluginList->getPlugin()
#12 /srv/caviar/caviar-deployment/vendor/magento/framework/Interception/Interceptor.php(153): Magento\Framework\App\FrontController\Interceptor->Magento\Framework\Interception\{closure}()
#13 /srv/caviar/caviar-deployment/generated/code/Magento/Framework/App/FrontController/Interceptor.php(23): Magento\Framework\App\FrontController\Interceptor->___callPlugins()
#14 /srv/caviar/caviar-deployment/vendor/magento/framework/App/Http.php(116): Magento\Framework\App\FrontController\Interceptor->dispatch()
#15 /srv/caviar/caviar-deployment/generated/code/Magento/Framework/App/Http/Interceptor.php(23): Magento\Framework\App\Http->launch()
#16 /srv/caviar/caviar-deployment/vendor/magento/framework/App/Bootstrap.php(264): Magento\Framework\App\Http\Interceptor->launch()
#17 /srv/caviar/caviar-deployment/pub/index.php(30): Magento\Framework\App\Bootstrap->run()
#18 {main} {"report_id":"d4a294dfb6c7186d4a20c6cfbcb9890a4b1ddf8a74ba401ddecfe97dbd415bad","exception":"[object] (ReflectionException(code: -1): Class \"Magento\\PageCache\\Model\\Config\\Interceptor\" does not exist at /srv/caviar/caviar-deployment/vendor/magento/framework/Code/Reader/ClassReader.php:34)"} []
[2025-10-10T13:55:37.835092+00:00] main.CRITICAL: ReflectionException: Class "Magento\PageCache\Model\Config\Interceptor" does not exist in /srv/caviar/caviar-deployment/vendor/magento/framework/Code/Reader/ClassReader.php:34
Stack trace:
#0 /srv/caviar/caviar-deployment/vendor/magento/framework/Code/Reader/ClassReader.php(34): ReflectionClass->__construct()
#1 /srv/caviar/caviar-deployment/vendor/magento/framework/ObjectManager/Definition/Runtime.php(54): Magento\Framework\Code\Reader\ClassReader->getConstructor()
#2 /srv/caviar/caviar-deployment/vendor/magento/framework/ObjectManager/Factory/Dynamic/Developer.php(48): Magento\Framework\ObjectManager\Definition\Runtime->getParameters()
#3 /srv/caviar/caviar-deployment/vendor/magento/framework/ObjectManager/ObjectManager.php(70): Magento\Framework\ObjectManager\Factory\Dynamic\Developer->create()
#4 /srv/caviar/caviar-deployment/vendor/magento/framework/ObjectManager/Factory/AbstractFactory.php(170): Magento\Framework\ObjectManager\ObjectManager->get()
#5 /srv/caviar/caviar-deployment/vendor/magento/framework/ObjectManager/Factory/AbstractFactory.php(276): Magento\Framework\ObjectManager\Factory\AbstractFactory->resolveArgument()
#6 /srv/caviar/caviar-deployment/vendor/magento/framework/ObjectManager/Factory/AbstractFactory.php(239): Magento\Framework\ObjectManager\Factory\AbstractFactory->getResolvedArgument()
#7 /srv/caviar/caviar-deployment/vendor/magento/framework/ObjectManager/Factory/Dynamic/Developer.php(34): Magento\Framework\ObjectManager\Factory\AbstractFactory->resolveArgumentsInRuntime()
#8 /srv/caviar/caviar-deployment/vendor/magento/framework/ObjectManager/Factory/Dynamic/Developer.php(59): Magento\Framework\ObjectManager\Factory\Dynamic\Developer->_resolveArguments()
#9 /srv/caviar/caviar-deployment/vendor/magento/framework/ObjectManager/ObjectManager.php(70): Magento\Framework\ObjectManager\Factory\Dynamic\Developer->create()
#10 /srv/caviar/caviar-deployment/vendor/magento/framework/Interception/PluginList/PluginList.php(173): Magento\Framework\ObjectManager\ObjectManager->get()
#11 /srv/caviar/caviar-deployment/vendor/magento/framework/Interception/Interceptor.php(133): Magento\Framework\Interception\PluginList\PluginList->getPlugin()
#12 /srv/caviar/caviar-deployment/vendor/magento/framework/Interception/Interceptor.php(153): Magento\Framework\App\FrontController\Interceptor->Magento\Framework\Interception\{closure}()
#13 /srv/caviar/caviar-deployment/generated/code/Magento/Framework/App/FrontController/Interceptor.php(23): Magento\Framework\App\FrontController\Interceptor->___callPlugins()
#14 /srv/caviar/caviar-deployment/vendor/magento/framework/App/Http.php(116): Magento\Framework\App\FrontController\Interceptor->dispatch()
#15 /srv/caviar/caviar-deployment/generated/code/Magento/Framework/App/Http/Interceptor.php(23): Magento\Framework\App\Http->launch()
#16 /srv/caviar/caviar-deployment/vendor/magento/framework/App/Bootstrap.php(264): Magento\Framework\App\Http\Interceptor->launch()
#17 /srv/caviar/caviar-deployment/pub/index.php(30): Magento\Framework\App\Bootstrap->run()
#18 {main} {"report_id":"d4a294dfb6c7186d4a20c6cfbcb9890a4b1ddf8a74ba401ddecfe97dbd415bad","exception":"[object] (ReflectionException(code: -1): Class \"Magento\\PageCache\\Model\\Config\\Interceptor\" does not exist at /srv/caviar/caviar-deployment/vendor/magento/framework/Code/Reader/ClassReader.php:34)"} []
[2025-10-10T13:55:39.091567+00:00] main.CRITICAL: ReflectionException: Class "Magento\PageCache\Model\Config\Interceptor" does not exist in /srv/caviar/caviar-deployment/vendor/magento/framework/Code/Reader/ClassReader.php:34
Stack trace:
#0 /srv/caviar/caviar-deployment/vendor/magento/framework/Code/Reader/ClassReader.php(34): ReflectionClass->__construct()
#1 /srv/caviar/caviar-deployment/vendor/magento/framework/ObjectManager/Definition/Runtime.php(54): Magento\Framework\Code\Reader\ClassReader->getConstructor()
#2 /srv/caviar/caviar-deployment/vendor/magento/framework/ObjectManager/Factory/Dynamic/Developer.php(48): Magento\Framework\ObjectManager\Definition\Runtime->getParameters()
#3 /srv/caviar/caviar-deployment/vendor/magento/framework/ObjectManager/ObjectManager.php(70): Magento\Framework\ObjectManager\Factory\Dynamic\Developer->create()
#4 /srv/caviar/caviar-deployment/vendor/magento/framework/ObjectManager/Factory/AbstractFactory.php(170): Magento\Framework\ObjectManager\ObjectManager->get()
#5 /srv/caviar/caviar-deployment/vendor/magento/framework/ObjectManager/Factory/AbstractFactory.php(276): Magento\Framework\ObjectManager\Factory\AbstractFactory->resolveArgument()
#6 /srv/caviar/caviar-deployment/vendor/magento/framework/ObjectManager/Factory/AbstractFactory.php(239): Magento\Framework\ObjectManager\Factory\AbstractFactory->getResolvedArgument()
#7 /srv/caviar/caviar-deployment/vendor/magento/framework/ObjectManager/Factory/Dynamic/Developer.php(34): Magento\Framework\ObjectManager\Factory\AbstractFactory->resolveArgumentsInRuntime()
#8 /srv/caviar/caviar-deployment/vendor/magento/framework/ObjectManager/Factory/Dynamic/Developer.php(59): Magento\Framework\ObjectManager\Factory\Dynamic\Developer->_resolveArguments()
#9 /srv/caviar/caviar-deployment/vendor/magento/framework/ObjectManager/ObjectManager.php(70): Magento\Framework\ObjectManager\Factory\Dynamic\Developer->create()
#10 /srv/caviar/caviar-deployment/vendor/magento/framework/Interception/PluginList/PluginList.php(173): Magento\Framework\ObjectManager\ObjectManager->get()
#11 /srv/caviar/caviar-deployment/vendor/magento/framework/Interception/Interceptor.php(133): Magento\Framework\Interception\PluginList\PluginList->getPlugin()
#12 /srv/caviar/caviar-deployment/vendor/magento/framework/Interception/Interceptor.php(153): Magento\Framework\App\FrontController\Interceptor->Magento\Framework\Interception\{closure}()
#13 /srv/caviar/caviar-deployment/generated/code/Magento/Framework/App/FrontController/Interceptor.php(23): Magento\Framework\App\FrontController\Interceptor->___callPlugins()
#14 /srv/caviar/caviar-deployment/vendor/magento/framework/App/Http.php(116): Magento\Framework\App\FrontController\Interceptor->dispatch()
#15 /srv/caviar/caviar-deployment/generated/code/Magento/Framework/App/Http/Interceptor.php(23): Magento\Framework\App\Http->launch()
#16 /srv/caviar/caviar-deployment/vendor/magento/framework/App/Bootstrap.php(264): Magento\Framework\App\Http\Interceptor->launch()
#17 /srv/caviar/caviar-deployment/pub/index.php(30): Magento\Framework\App\Bootstrap->run()
#18 {main} {"report_id":"d4a294dfb6c7186d4a20c6cfbcb9890a4b1ddf8a74ba401ddecfe97dbd415bad","exception":"[object] (ReflectionException(code: -1): Class \"Magento\\PageCache\\Model\\Config\\Interceptor\" does not exist at /srv/caviar/caviar-deployment/vendor/magento/framework/Code/Reader/ClassReader.php:34)"} []
[2025-10-10T13:55:42.074811+00:00] main.CRITICAL: ReflectionException: Class "Magento\PageCache\Model\Config\Interceptor" does not exist in /srv/caviar/caviar-deployment/vendor/magento/framework/Code/Reader/ClassReader.php:34
Stack trace:
#0 /srv/caviar/caviar-deployment/vendor/magento/framework/Code/Reader/ClassReader.php(34): ReflectionClass->__construct()
#1 /srv/caviar/caviar-deployment/vendor/magento/framework/ObjectManager/Definition/Runtime.php(54): Magento\Framework\Code\Reader\ClassReader->getConstructor()
#2 /srv/caviar/caviar-deployment/vendor/magento/framework/ObjectManager/Factory/Dynamic/Developer.php(48): Magento\Framework\ObjectManager\Definition\Runtime->getParameters()
#3 /srv/caviar/caviar-deployment/vendor/magento/framework/ObjectManager/ObjectManager.php(70): Magento\Framework\ObjectManager\Factory\Dynamic\Developer->create()
#4 /srv/caviar/caviar-deployment/vendor/magento/framework/ObjectManager/Factory/AbstractFactory.php(170): Magento\Framework\ObjectManager\ObjectManager->get()
#5 /srv/caviar/caviar-deployment/vendor/magento/framework/ObjectManager/Factory/AbstractFactory.php(276): Magento\Framework\ObjectManager\Factory\AbstractFactory->resolveArgument()
#6 /srv/caviar/caviar-deployment/vendor/magento/framework/ObjectManager/Factory/AbstractFactory.php(239): Magento\Framework\ObjectManager\Factory\AbstractFactory->getResolvedArgument()
#7 /srv/caviar/caviar-deployment/vendor/magento/framework/ObjectManager/Factory/Dynamic/Developer.php(34): Magento\Framework\ObjectManager\Factory\AbstractFactory->resolveArgumentsInRuntime()
#8 /srv/caviar/caviar-deployment/vendor/magento/framework/ObjectManager/Factory/Dynamic/Developer.php(59): Magento\Framework\ObjectManager\Factory\Dynamic\Developer->_resolveArguments()
#9 /srv/caviar/caviar-deployment/vendor/magento/framework/ObjectManager/ObjectManager.php(70): Magento\Framework\ObjectManager\Factory\Dynamic\Developer->create()
#10 /srv/caviar/caviar-deployment/vendor/magento/framework/Interception/PluginList/PluginList.php(173): Magento\Framework\ObjectManager\ObjectManager->get()
#11 /srv/caviar/caviar-deployment/vendor/magento/framework/Interception/Interceptor.php(133): Magento\Framework\Interception\PluginList\PluginList->getPlugin()
#12 /srv/caviar/caviar-deployment/vendor/magento/framework/Interception/Interceptor.php(153): Magento\Framework\App\FrontController\Interceptor->Magento\Framework\Interception\{closure}()
#13 /srv/caviar/caviar-deployment/generated/code/Magento/Framework/App/FrontController/Interceptor.php(23): Magento\Framework\App\FrontController\Interceptor->___callPlugins()
#14 /srv/caviar/caviar-deployment/vendor/magento/framework/App/Http.php(116): Magento\Framework\App\FrontController\Interceptor->dispatch()
#15 /srv/caviar/caviar-deployment/generated/code/Magento/Framework/App/Http/Interceptor.php(23): Magento\Framework\App\Http->launch()
#16 /srv/caviar/caviar-deployment/vendor/magento/framework/App/Bootstrap.php(264): Magento\Framework\App\Http\Interceptor->launch()
#17 /srv/caviar/caviar-deployment/pub/index.php(30): Magento\Framework\App\Bootstrap->run()
#18 {main} {"report_id":"d4a294dfb6c7186d4a20c6cfbcb9890a4b1ddf8a74ba401ddecfe97dbd415bad","exception":"[object] (ReflectionException(code: -1): Class \"Magento\\PageCache\\Model\\Config\\Interceptor\" does not exist at /srv/caviar/caviar-deployment/vendor/magento/framework/Code/Reader/ClassReader.php:34)"} []
